stress_Pa,duration_s
0.0118103474,2.316087977277534
0.012200511111451566,2.316087977277534
0.01260356417463665,2.316087977277534
0.013019932398986613,2.316087977277534
0.013450055660867722,2.316087977277534
0.01389438836829293,2.316087977277534
0.014353399940985754,2.316087977277534
0.014827575306303431,2.316087977277534
0.015317415411543257,2.316087977277534
0.01582343775317337,2.316087977277534
0.016346176923547045,2.316087977277534
0.01688618517567814,2.316087977277534
0.017444033006674287,2.316087977277534
0.018020309760444258,2.316087977277534
0.01861562425031623,2.316087977277534
0.019230605402224692,2.316087977277534
0.019865902919145532,2.316087977277534
0.02052218796748122,2.316087977277534
0.02120015388612127,2.316087977277534
0.02190051691892701,2.316087977277534
0.02262401697141457,2.316087977277534
0.023371418392435454,2.316087977277534
0.024143510781680495,2.316087977277534
0.024941109823860347,2.316087977277534
0.02576505815044373,2.316087977277534
0.026616226229863857,2.316087977277534
0.027495513287133497,2.316087977277534
0.02840384825384022,2.316087977277534
0.02934219074952543,2.316087977277534
0.030311532095484022,2.316087977277534
0.03131289636205566,2.316087977277534
0.03234734145051409,2.316087977277534
0.03341596021069752,2.316087977277534
0.03451988159556073,2.316087977277534
0.035660271853868664,2.316087977277534
0.036838335762291646,2.316087977277534
0.038055317898203635,2.316087977277534
0.03931250395452847,2.316087977277534
0.04061122209802297,2.316087977277534
0.04195284437243197,2.316087977277534
0.04333878814799761,2.316087977277534
0.04477051761885431,2.316087977277534
0.04624954534989124,2.316087977277534
0.04777743387471659,2.316087977277534
0.04935579734641186,1.7648340697931428
0.05098630324281989,1.7648340697931428
0.052670674128168574,1.7648340697931428
0.05441068947289096,1.7648340697931428
0.056208187533564574,1.7648340697931428
0.05806506729495594,1.7648340697931428
0.05998329047622195,1.7648340697931428
0.06196488360338771,1.7648340697931428
0.06401194015029013,1.7648340697931428
0.06612662275024926,1.2476992630175057
0.06831116548080389,1.2476992630175057
0.07056787622392499,1.2476992630175057
0.07289913910420073,1.2476992630175057
0.07530741700756866,1.2476992630175057
0.07779525418325611,1.2476992630175057
0.08036527893167773,1.2476992630175057
0.0830202063811297,1.2476992630175057
0.08576284135621404,1.2476992630175057
0.08859608134102363,1.2476992630175057
0.09152291954021823,1.2476992630175057
0.09454644804122526,1.2476992630175057
0.09766986108090663,1.2476992630175057
0.10089645842014199,1.2476992630175057
0.10422964882989412,1.2476992630175057
0.10767295369243902,1.2476992630175057
0.11123001072156541,1.2476992630175057
0.11490457780567363,1.1472412081368433
0.11870053697783453,1.1472412081368433
0.12262189851700192,1.1472412081368433
0.12667280518471183,0.8436960695309359
0.13085753660174435,0.8436960695309359
0.13518051376937154,0.8326222352054158
0.13964630373996864,0.8326222352054158
0.14425962444192178,0.8326222352054158
0.14902534966393083,0.7629803412681725
0.1539485142039719,0.6216267383563036
0.15903431918836006,0.6216267383563036
0.164288137566531,0.6216267383563036
0.16971551978734717,0.6216267383563036
0.17532219966292498,0.6216267383563036
0.18111410042617765,0.6095322595202728
0.18709734098847378,0.6095322595202728
0.19327824240402247,0.6095322595202728
0.199663334547814,0.6095322595202728
0.20625936301417142,0.6095322595202728
0.2130732962432011,0.6095322595202728
0.22011233288267082,0.6095322595202728
0.22738390939309294,0.6095322595202728
0.23489570790404746,0.6095322595202728
0.24265566433004435,0.6095322595202728
0.25067197675449976,0.6095322595202728
0.2589531140906831,0.6095322595202728
0.26750782502878484,0.6095322595202728
0.27634514727855763,0.6095322595202728
0.28547441711729504,0.6095322595202728
0.2949052792532349,0.6095322595202728
0.3046476970148075,0.5610632632633006
0.3147119628764932,0.5610632632633006
0.32510870933241026,0.5610632632633006
0.335848920129119,0.5610632632633006
0.34694394186951055,0.5610632632633006
0.35840549600003885,0.5610632632633006
0.37024569119395956,0.5610632632633006
0.3824770361436589,0.5610632632633006
0.3951124527755866,0.5610632632633006
0.40816528990175394,0.5610632632633006
0.42164933732221943,0.5321056477785635
0.435578840393461,0.5321056477785635
0.44996851507802454,0.4393212890975804
0.4648335634913499,0.4280290332257395
0.48018968996219713,0.4280290332257395
0.4960531176236414,0.4280290332257395
0.5124406055521641,0.40338316962370746
0.529369466472946,0.3844153320788414
0.5468575850500693,0.3844153320788414
0.5649234367809485,0.3844153320788414
0.5835861075149548,0.3844153320788414
0.602865313616852,0.3844153320788414
0.6227814227963469,0.28938776758646667
0.6433554756257588,0.28938776758646667
0.6646092077685434,0.28938776758646667
0.6865650729421503,0.28938776758646667
0.7092462666394773,0.2827019270097586
0.7326767506339806,0.20390924147325612
0.7568812782943293,0.16901817910206257
0.7818854207353484,0.1648227073947725
0.807715593832879,0.15885997373854252
0.8343990861310937,0.15885997373854252
0.8619640876717513,0.14394802527675632
0.8904397197758477,0.14394802527675632
0.9198560658091266,0.14394802527675632
0.9502442029639508,0.13722447931700024
0.9816362350911132,0.13722447931700024
1.0140653266162694,0.12363184243086217
1.0475657375768264,0.12363184243086217
1.0821728598163016,0.12363184243086217
1.117923254374389,0.12363184243086217
1.1548546901122339,0.12363184243086217
1.1930061836137236,0.12363184243086217
1.232418040404946,0.12124645535152356
1.2731318975353694,0.12066758520431012
1.3151907675657106,0.12066758520431012
1.35863908400899,0.12066758520431012
1.4035227482727604,0.12066758520431012
1.4498891781521055,0.1195241541344019
1.4977873579246406,0.08766725082999864
1.5472678901004429,0.07889962854008133
1.5983830488815816,0.07889962854008133
1.651186835387719,0.06794304345994137
1.7057350347061273,0.06555459163375102
1.7620852748264046,0.06555459163375102
1.8202970875221438,0.059241697728262405
1.8804319712438642,0.059241697728262405
1.9425534560896611,0.059241697728262405
2.006727170922215,0.05533845187152355
2.0730209127030617,0.05533845187152355
2.141504718117367,0.05533845187152355
2.2122509375648765,0.05322491673594477
2.2853343115952205,0.05190795055178075
2.36083204986832,0.05108262980699313
2.438823912723298,0.05108262980699313
2.519392295442079,0.05108262980699313
2.6026223152967143,0.05030002777677463
2.688601901472377,0.05030002777677463
2.777421887961023,0.05030002777677463
2.869176109523862,0.05030002777677463
2.963961500824034,0.05030002777677463
3.061878198834207,0.05030002777677463
3.163029648627276,0.05030002777677463
3.2675227126619357,0.04876037522216935
3.375467783678597,0.04876037522216935
3.486978901324908,0.04876037522216935
3.6021738726340713,0.04762870745935743
3.7211743964832498,0.04762870745935743
3.8441061921635713,0.04693784766268261
3.9710991321975326,0.04693784766268261
4.102287379544118,0.04556339734012512
4.237809529336585,0.04556339734012512
4.377808755302684,0.04556339734012512
4.522432961021987,0.04285583743485148
4.67183493618008,0.04285583743485148
4.826172517984754,0.04285583743485148
4.985608757914703,0.03851852538643526
5.150312093976892,0.036973110537562026
5.320456528654565,0.03669647933788886
5.496221812733897,0.03669647933788886
5.677793635203511,0.03669647933788886
5.865363819427476,0.035761009496431254
6.0591305257990085,0.035761009496431254
6.259298461088977,0.035761009496431254
6.466079094710431,0.035761009496431254
6.679690882127587,0.035761009496431254
6.900359495645264,0.035761009496431254
7.12831806282264,0.035761009496431254
7.363807412763189,0.035761009496431254
7.607076330541017,0.035761009496431254
7.858381820032315,0.035761009496431254
8.117989375429657,0.035761009496431254
8.386173261726004,0.035761009496431254
8.663216804464707,0.035761009496431254
8.949412689061594,0.03538590015721168
9.245063270015383,0.03452818526553108
9.55048089033311,0.029682154962469978
9.865988211508062,0.029419675427386504
10.191918554398688,0.029211318909874186
10.528616251368748,0.029211318909874186
10.876437010060673,0.029211318909874186
11.235748289186498,0.029211318909874186
11.606929686733249,0.029211318909874186
11.990373340993008,0.029211318909874186
12.38648434484135,0.029211318909874186
12.795681173701771,0.029211318909874186
13.218396127648212,0.028905724309607052
13.655075788112754,0.028905724309607052
14.106181489681056,0.028563800695347908
14.572189807473912,0.028563800695347908
15.053593060629765,0.028563800695347908
15.550899832420145,0.028563800695347908
16.06463550754757,0.028563800695347908
16.595342827193498,0.028563800695347908
17.143582462402623,0.028271075743250714
17.709933606409365,0.028271075743250714
18.294994586532383,0.028271075743250714
18.899383496283473,0.028271075743250714
19.523738848358597,0.028271075743250714
20.16872024920095,0.028271075743250714
20.835009095848797,0.028271075743250714
21.523309295804246,0.028271075743250714
22.23434801068329,0.027209662006732218
22.968876424432917,0.02536955722773064
23.72767053692693,0.022216059045026507
24.511531983778795,0.02161653031605165
25.32128888323757,0.018959166709492374
26.157796711061614,0.016701020159131705
27.021939204294554,0.01564113232356753
27.91462929489815,0.014173712894061332
28.836810074228328,0.012639354253095725
29.78945578937342,0.011127839422298086
30.773572872407236,0.009448363540738329
31.790201003644373,0.008099786748471888
32.84041421002079,0.006841900265273192
33.9253219997602,0.005710457917779659
35.0460705345252,0.004811743349116153
36.20384384029124,0.004501358397232711
37.39986505822266,0.0035541502509926375
38.635397736872235,0.0034494400228540726
39.91174716706979,0.0032928974353040193
41.23026176090978,0.003154307353329668
42.59233447629462,0.0029549150308558706
43.999404288538905,0.002503027805814212
45.452957710589295,0.002503027805814212
46.95453036346606,0.002375383740752166
48.50570859858515,0.001984881296538136
50.108131173674884,0.00190970455467251
51.76349098405798,0.0016853397559886667
53.47353685112785,0.0016853397559886667
55.24007536990828,0.0013947717138484703
57.064972817648716,0.0013947717138484703
58.95015712547154,0.001159707927944277
60.897619915154294,0.001159707927944277
62.909418603198276,0.0007859555519705644
64.9876785744066,0.000712094610207786
67.1345954272683,0.000712094610207786
69.35243729352041,0.000712094610207786
71.64354723433826,0.000712094610207786
74.01034571568567,0.000712094610207786
76.45533316544052,0.000712094610207786
78.9810926149969,0.000712094610207786
81.59029242813426,0.0003773247572565817
84.2856891200368,0.00026314837590502986
87.07013026944159,0.00026314837590502986
89.9465575269917,0.00026314837590502986
92.91800972297224,0.00026314837590502986
95.98762607771283,0.00026314837590502986
99.15864951804828,0.0002302552909840153
102.4344301033413,0.0002302552909840153
105.81842856468597,0.0001889510679496866
109.31421996103141,0.0001889510679496866
112.92549745608868,0.00016705345727752635
116.65607622001065,0.00013922834732533958
120.50989745996642,0.00013922834732533958
124.49103258386877,0.00013922834732533958
128.6036875016536,0.00013922834732533958
132.8522070686566,0.00013083671058015242
137.24107967577737,0.00013083671058015242
141.77494199128571,0.00013083671058015242
146.45858385927608,0.00010907302172254624
151.29695335994566,0.00010907302172254624
156.2951620370445,0.00010907302172254624
161.45849029801485,0.00010907302172254624
166.79239299253143,9.264480550659833e-05
172.30250517533267,9.264480550659833e-05
177.9946480594286,9.264480550659833e-05
183.87483516598087,4.354376645503058e-05
189.94927867734657,4.354376645503058e-05
196.224396,4.354376645503058e-05
