streamline,flow_weight,residence_time_s,peak_shear_Pa,RBC_max_utilization,RBC_margin_to_threshold,RBC_exceeds,RBC_worst_stress_Pa,RBC_worst_duration_s,Platelet_max_utilization,Platelet_margin_to_threshold,Platelet_exceeds,Platelet_worst_stress_Pa,Platelet_worst_duration_s
0,0.01011757040641493,0.04353616391555322,6.71782827,0.020471028286170388,48.84952460720158,False,5.423776248489908,0.003284074201106396,0.003465431766807545,288.5643311688196,False,4.966353757176148,0.004145031438462378
1,0.00999318816681713,0.051478176004932395,10.7737427,0.031075093101095054,32.18011275933269,False,8.639518056740751,0.0027305623962962725,0.005719741752518324,174.8330682167099,False,5.8708991716082615,0.00779709185941446
2,0.010014888551604583,0.046394566575933785,5.14018011,0.011242822185660912,88.94563869162668,False,5.14018011,0.0006141656354442407,0.0017900746002102036,558.6359361127032,False,0.664855897,0.046394566575933785
3,0.00999641443359896,0.031598776035588645,35.4445724,0.051687812347186515,19.346920571584846,False,28.0844841557671,0.00038963463854307175,0.006086018099285897,164.31104602159087,False,28.0844841557671,0.00038963463854307175
4,0.009995339751805159,0.05143294684999729,10.9572334,0.03210393739687387,31.14882724937581,False,9.19623196004919,0.0024805226803233634,0.00538578952095732,185.67379881979696,False,5.644716616843542,0.007495019568367348
5,0.009990290667298958,0.04427586707025547,1.85715342,0.005292331623790965,188.95263394013983,False,1.226376712231837,0.006239664963913358,0.0016432736573730958,608.5413683309326,False,0.8413943207655863,0.028696774854421164
6,0.01000310679907334,0.052591633533687496,2.16912961,0.006768962784182627,147.73312128953492,False,1.7826816681835826,0.0033800161624762287,0.0027928926625455765,358.0517122661463,False,0.9848279180165425,0.05006534949643288
7,0.009985047606933771,0.04241141170147948,7.97814274,0.01067506845503174,93.67621427557643,False,5.584609764906268,0.00043056072438671416,0.0018387957146705867,543.8342019299008,False,1.0056117954120383,0.025372563508966144
8,0.010016777693998937,0.04395980504491853,17.0165138,0.06659177923230046,15.01686862144912,False,14.48874280755099,0.008438539665238708,0.014717684786567223,67.94546931136182,False,14.48874280755099,0.008438539665238708
9,0.009994018097884968,0.05320693105809659,4.16112852,0.010799652134213834,92.59557507708516,False,3.655599128295949,0.001450402229307016,0.0019241215941290185,519.717674314998,False,1.985033790797516,0.00772243535219664
10,0.009987564532956824,0.042420389768352565,1.2620517,0.006047653165468164,165.35339786182786,False,1.0945246548403296,0.024498669199361688,0.0019641948932878476,509.1144485800537,False,1.0945246548403296,0.024498669199361688
11,0.009994332584717288,0.0444187827997096,1.64314425,0.00613229729189013,163.07102418574598,False,1.5213382164915759,0.004500214370058821,0.0019070427934752352,524.3720819592536,False,0.9583546993611007,0.029717830102540456
12,0.010006265630484968,0.06057987299195166,3.51110554,0.011089288291983001,90.17711269378304,False,3.159644506623454,0.0025234332487189437,0.0021246236026674858,470.67160448772677,False,2.146268890968112,0.008036079173182583
13,0.009997797572709625,0.06572394990498873,7.19248152,0.012046221652446473,83.01358125822875,False,7.09967321548283,0.00031447473231936907,0.001921227923462065,520.5004506690667,False,1.3293133549219143,0.016346930806445586
14,0.009986611631508035,0.04411238291612029,1.11434424,0.004559885751597787,219.30374015392806,False,1.0526014826366408,0.006355453649933546,0.001455894026936636,686.8631792549571,False,0.7825929344430926,0.02620384346790552
15,0.010011992162786624,0.04158237840652973,15.1615219,0.056981616460386866,17.54951968930526,False,14.304416103770022,0.004252491960366317,0.010318571615052908,96.9126384257665,False,13.693536946549644,0.0047943156197817
16,0.010002741537374044,0.04326832748933738,3.61974478,0.005611383751856928,178.20916269878683,False,3.584837689632802,0.0002582131201762595,0.0016518773966139751,605.3718042572675,False,0.9231791750436088,0.024365424383763646
17,0.009993902267719682,0.05977947125924807,5.72785091,0.01605522144142173,62.285033168091104,False,4.984887652587464,0.0019145643184791318,0.0027174711481896072,367.98918754526795,False,2.8267150138129877,0.007602805431183161
18,0.01000269306324323,0.043635269881538166,2.00097251,0.006009987084176815,166.3897086622391,False,1.4989526531055104,0.004386903106094528,0.0017493649463135098,571.636011174987,False,0.9381557286526655,0.026318178315567927
19,0.00999110869800735,0.04457325160863923,8.546422,0.017151794322499716,58.302937943244835,False,5.07646557606469,0.002233027035878988,0.0033994703005937087,294.16347594663574,False,3.850568123098007,0.0064704854831727256
20,0.010002958996609006,0.07851903008455464,55.696804,0.15766230655020513,6.342670114886118,False,39.931529673197694,0.004075551183883481,0.02853223172873908,35.04808209561646,False,36.74407892154174,0.005074820398245312
21,0.010014905132772079,0.10822181240175768,4.59588099,0.010103383431411555,98.97674445285196,False,4.59588099,0.0006224253777375433,0.0018606515319690995,537.4461487378644,False,1.3647664488079168,0.014657674849149293
22,0.009996185074004548,0.04884077119562221,0.826076508,0.0034002308235825513,294.0976809763697,False,0.7941274196838272,0.00600965006279588,0.0008201128578057507,1219.3443749626674,False,0.5754326982018076,0.015925256462776104
23,0.010008478700663475,0.04132198377964685,10.0101538,0.035733838630741664,27.984678901518976,False,9.099866269609622,0.003970502549300795,0.0063104660304915405,158.46690167859236,False,7.727762053109415,0.005582155664273643
24,0.009993733203279806,0.045479642587610926,2.00046611,0.004232130271110589,236.28762253048077,False,0.9550004175718577,0.007086130564231348,0.0012018754414803534,832.0329757036196,False,0.6459165996971393,0.026213901781956216
25,0.00999686363250022,0.06958779928825189,3.16588545,0.010984028490901543,91.041278782947,False,2.933110957525241,0.0031630196232273664,0.0021288849736973946,469.72946512146444,False,2.4101422756654576,0.006476780306084124
26,0.009990112161907252,0.04951663542857996,2.52476811,0.007679646958383028,130.2143191502325,False,2.1799399341177024,0.0025540879183643373,0.0017657532885341535,566.3305324098553,False,1.098547077065036,0.019939396419657793
27,0.009998377992907724,0.04817814838530136,0.874250829,0.0037255110348264502,268.4195512110687,False,0.7874935247247515,0.009691378957949472,0.0011473217276987526,871.5951034987858,False,0.5566155150979031,0.031356844828472626
28,0.009997780991542131,0.04161122572845344,16.0749645,0.024739562249216824,40.42108708013444,False,7.634292799623012,0.0019526675037361127,0.0035966881243647596,278.0335590472188,False,7.634292799623012,0.0019526675037361127
29,0.009999385239331323,0.10136043741016494,1.6771512,0.006016098292220654,166.22068846399804,False,1.5932538799481304,0.0032910387184061428,0.001996448871620136,500.88936121288754,False,0.4831776408891387,0.08694579693826643
30,0.010010059306405233,0.1209784404008022,11.0718679,0.03395094548739361,29.45426071775562,False,9.609389128503773,0.002578008166171026,0.006423912415828544,155.6683739236538,False,5.898966626146031,0.009626451980398817
31,0.009996234738171308,0.05006717168540558,0.768953741,0.0032277945521745335,309.8090612137349,False,0.7116352227550141,0.007920664780779657,0.0008215764903965558,1217.1721217549973,False,0.38292631024725643,0.033254757949023495
32,0.010010503824498446,0.04506636541814175,13.4797821,0.051098471637650224,19.57005694986742,False,12.599303646520221,0.004634419638846929,0.009583478004221801,104.34625086627953,False,12.26343153946639,0.005136304773727459
33,0.009991132340054784,0.04309359583102234,1.26361668,0.00568457427307445,175.914668709071,False,1.0349439895044874,0.023637135569302588,0.0018220381768446709,548.8359205138928,False,1.0349439895044874,0.023637135569302588
34,0.009995541978580028,0.04640233719519436,0.946958601,0.004065221257565838,245.98907086272033,False,0.7569685711242725,0.02063931251961114,0.0013011018386724941,768.5793458106966,False,0.6871039327133531,0.027086163119398026
35,0.0099967241602875,0.09593458768439167,3.69993305,0.006835672289741997,146.29138987552952,False,3.4195913646044627,0.0004844488635159566,0.0011833795563019349,845.0374139680116,False,1.3284290517645678,0.006581402380169953
36,0.009990454971595057,0.05286561082999842,1.563923,0.0073854005131462975,135.40227076648875,False,1.3584441160431833,0.022222229973606438,0.00240899974492474,415.11004810473366,False,0.9734508218291947,0.04099797485842388
37,0.009996762003430542,0.08270707331053143,1.58768094,0.006359796178938016,157.23774345343625,False,1.2628969529413565,0.014008494673823988,0.0022116363255499033,452.15390453100787,False,1.0405529545803875,0.03279938146799423
38,0.010002073530530417,0.04510496694864508,1.1249336,0.005282162209828323,189.31641253639222,False,0.9546519950883801,0.024705290896204987,0.0017277960122596817,578.7720268506462,False,0.945654890185912,0.025335101148217257
39,0.009994333774753235,0.043774486084513044,1.25636899,0.005286786661342764,189.15081391727938,False,0.9365302170185975,0.027876199858505143,0.0018009059548756354,555.2760805152964,False,0.9365302170185975,0.027876199858505143
40,0.009995527777484423,0.1162842031663047,1.44726825,0.005434015799224455,184.02596476490194,False,1.2879451133758828,0.005600337910555832,0.0016104695580849819,620.9369155596493,False,0.32213375,0.1162842031663047
41,0.009996766684238592,0.10788426044067667,4.10886812,0.010541820790321415,94.86027318147102,False,3.445302346873737,0.0016235688666105365,0.0017473581629237275,572.2925163360742,False,2.712769438527333,0.00356239709542462
42,0.010020846823572538,0.13719662402884336,75.6324615,0.14412355992952272,6.938490837230263,False,67.26974526392495,0.0005815811218746887,0.01772773537661773,56.40878424431839,False,61.25041302758764,0.000734086999232264
43,0.009997207632223969,0.04778026262622272,0.876594424,0.003922853727669056,254.9164637332007,False,0.6924519250253369,0.028479225119202988,0.001346888743240056,742.4518209235416,False,0.6924519250253369,0.028479225119202988
44,0.010001334676880212,0.04279906450250757,7.45371199,0.023250087578251425,43.01059067559896,False,6.246602232674625,0.0030718141907951388,0.0038496046946727763,259.76693175375556,False,5.769204214060188,0.003808599896722296
45,0.009995194408748445,0.04545313266763926,6.29837942,0.010856280125717323,92.11258261760499,False,4.705401958081117,0.0007069767047996376,0.0016543372516639979,604.4716692404529,False,0.8876896805222312,0.026290713725523003
46,0.00999213601637055,0.04423446661058761,1.24876606,0.005484846348609578,182.32051299914764,False,0.9971957924627118,0.023835700067688974,0.0017634568993778212,567.0680130332744,False,0.9971957924627118,0.023835700067688974
47,0.00999679627646575,0.12020791244686621,1.53162861,0.005963567821413381,167.684854091757,False,1.3642986791095009,0.006635329451525074,0.0015672373930739874,638.0654292829212,False,0.9503791999955908,0.020917423822820316
48,0.009994251027587213,0.0835614817114518,21.7682648,0.033740254944076384,29.63818743093301,False,10.678180890770998,0.0018003483473510366,0.0061158127171313595,163.51056617525938,False,7.547441046409796,0.005501156619710711
49,0.00999651963277647,0.09080312022168245,25.7922993,0.035913564721267596,27.844632181773132,False,11.824927316943032,0.001585232370224614,0.005136167512967912,194.69769969051387,False,9.401200379649117,0.0026004092962637433
50,0.010004402510209936,0.04396807211984389,1.32074201,0.00585038047618995,170.92905394270156,False,1.2618617603298932,0.008798076380750933,0.0018375365463324225,544.2068632571803,False,1.0199591733659146,0.02467794582836244
51,0.009993377382532339,0.05328713693706274,0.982931793,0.003850922841922398,259.67801512761434,False,0.8486368167311006,0.007937676993060336,0.0014364988385445112,696.1370055914696,False,0.6048169237367413,0.038600941381332576
52,0.0099938466533732,0.10543609491656476,11.3312435,0.031049891537492148,32.206231664046854,False,7.915598694775235,0.003950042686606142,0.006174014664187029,161.96916502330274,False,6.6676637153837985,0.007081703159742796
53,0.010023043312583546,0.09676880268915321,38.356514,0.07233034067570102,13.825456795282932,False,30.837650069506022,0.0007383543136290494,0.00894902166614837,111.74405843520509,False,30.837650069506022,0.0007383543136290494
54,0.009995259384711026,0.04409774564809041,1.24679732,0.00554524230937982,180.33477063905616,False,1.0080020752775298,0.02386054071094025,0.0017907492916821822,558.4254617019151,False,0.9997930233016915,0.024410858415753613
55,0.010002338353195977,0.04524906659296498,11.9116697,0.030814604853169204,32.452144194773034,False,10.358158374140615,0.0014832212788941283,0.005044452663409086,198.23756247207822,False,7.748789933866479,0.003634724527835661
56,0.009862938732669007,0.049715505734181764,7.84495831,0.0230383133568479,43.40595531064606,False,4.87719226811698,0.009621283556509892,0.005309704406572353,188.3344012073817,False,4.87719226811698,0.009621283556509892
57,0.00999131084544649,0.048572018832905524,5.73983717,0.013996321776000461,71.4473428093589,False,4.256943961862504,0.0020457735161526778,0.0020544257645456056,486.7540201537427,False,4.256943961862504,0.0020457735161526778
58,0.009984529782626364,0.04658837721697766,1.24436927,0.004787451470056092,208.8794019646289,False,0.8403976420040188,0.0294464146839509,0.0016641293572028722,600.9148241221077,False,0.8403976420040188,0.0294464146839509
59,0.009996479409561538,0.11323092110039482,28.0945396,0.050944139058900356,19.62934340383738,False,14.244706786706821,0.0026808506191339037,0.009413763607318314,106.22743906832271,False,5.966576933289375,0.019258500117682483
60,0.009996186264040493,0.07467987799544863,1.02960455,0.0038459278181926884,260.015280388161,False,0.9381489837006142,0.004879306638119384,0.0009862023848329084,1013.9906528105073,False,0.264758736,0.07467987799544863
61,0.009996670926012908,0.09055363320926756,6.4496851,0.01709624539685377,58.492375184555456,False,5.5917598033049565,0.0016195352739823625,0.002406507205850854,415.53999820517305,False,4.386978461608308,0.002620940510745458
62,0.00999585876614851,0.04821488668499103,1.07644427,0.004604647617310988,217.1718843892723,False,0.7978516956577112,0.03310561316722412,0.0017101704713876236,584.7370286943412,False,0.7700831526436847,0.03497887966072716
63,0.009995436700066787,0.06066313347009403,0.983753443,0.0037724421095757833,265.0802771662549,False,0.8598428998717111,0.006753984372025588,0.0014334389807907318,697.6229985376617,False,0.443428814,0.06066313347009403
64,0.009996057343479818,0.09277331230777545,5.62622261,0.014984778073214747,66.73438839828381,False,4.794475264990088,0.0017382531933714934,0.002231010074651103,448.2274694148951,False,3.5757630207726416,0.0033538938367228483
65,0.010046657671848737,0.07909527469898302,4.74096823,0.011120747154289548,89.92201568167793,False,3.8970048818066467,0.0012975182116550462,0.0016387209665395237,610.232016565757,False,1.3421573440489514,0.011926890094760084
66,0.01000111245750147,0.09290335772825535,54.9442101,0.079010300566434,12.656577595970198,False,38.878843005923706,0.0005059759711315704,0.009493383539736205,105.33652156939898,False,38.878843005923706,0.0005059759711315704
67,0.009990911310711987,0.04943031218206156,1.04682767,0.004259811576959776,234.75216730447482,False,0.9415127117786192,0.007826495270503364,0.0015513112381172196,644.6159709470488,False,0.7130927740342652,0.03393769270668298
68,0.009997406288891007,0.0504266301120949,5.80683279,0.009226146022785707,108.38761900476229,False,2.045255389250569,0.007715791824460312,0.002283755653194297,437.8752160290426,False,1.3272060163421529,0.02264833423126743
69,0.010020027523492472,0.05119729209262908,3.74802589,0.009209092316002006,108.58833484190063,False,2.4279699383262137,0.003362359298708509,0.0018054775330880245,553.8700879260655,False,1.506010849732288,0.011526337560210442
70,0.009985990988095004,0.05266344657696046,1.23826277,0.004720752314711173,211.83064336667755,False,1.101947727555781,0.0060250504584421355,0.001556499543623871,642.4672619381446,False,0.5588497110403918,0.04875733434051132
71,0.00999014167479868,0.05572090024928636,1.11303723,0.004212217380528688,237.40465167409926,False,1.023001268072549,0.0049829413705138395,0.0013871008194735223,720.9281300688385,False,0.4897150344412038,0.04997594639078295
72,0.009995910810387157,0.08172282556160154,1.02742922,0.003829065564979954,261.1603230683346,False,0.8843933109243501,0.0063384662970236245,0.0010362399138739318,965.0274869856627,False,0.261610657,0.08172282556160154
73,0.009997426360830607,0.09159128263290058,5.4963212,0.015348381780525939,65.15344837647982,False,5.09414188337831,0.0015450513169224871,0.0022086735776886755,452.76043055962856,False,4.375915242392258,0.0022310908219907296
74,0.009994518150988934,0.059830629444707045,1.01781285,0.003967908293062747,252.02195366973075,False,0.9165959036660231,0.006334018202567589,0.0014365941208340461,696.090834215184,False,0.448612124,0.059830629444707045
75,0.009996273692014564,0.07283369313400827,1.04180956,0.0038860693496149358,257.32942725252406,False,0.8795458951899783,0.0069849745121430395,0.0011084682847274673,902.1457932338265,False,0.302705675,0.07283369313400827
76,0.010029729807213934,0.07766766265425859,5.35023451,0.011650360487431401,85.8342538910119,False,5.350234509999999,0.0006070116120381765,0.0015585233210456228,641.6330038161341,False,1.40437123961987,0.009977093253871241
77,0.010002125574769065,0.0851330032524538,2.01649332,0.005492478689051201,182.0671606780044,False,1.425108817010587,0.0036301479905239253,0.0012772486655856148,782.9328986157154,False,0.6094109742634659,0.03213238280015882
78,0.009994086643955381,0.05614851172431809,5.50579453,0.008436329443704146,118.5349631819178,False,4.408895981174249,0.0004317273939455972,0.0023037918430857353,434.06699394359526,False,1.396684202128997,0.020927072183685395
79,0.010006587178197227,0.05830777272359997,12.6258955,0.027006041593370556,37.02875138300461,False,8.1307809961647,0.00211369776243656,0.003990787661384549,250.57710027425108,False,8.1307809961647,0.00211369776243656
80,0.009989788234123104,0.06138161133862923,2.2540338,0.006098045616728219,163.98696612842485,False,1.1771801948756289,0.016608917498364694,0.0017158877836040457,582.7886937335744,False,1.1771801948756289,0.016608917498364694
81,0.009994007466897195,0.0649173942613771,1.1699295,0.004298568358597161,232.63559319697555,False,1.0544754375670737,0.004749626612743508,0.0012556516116181671,796.399248603116,False,0.6883253416166452,0.02526058840383268
82,0.0099964049133114,0.08525399375799599,1.11237168,0.004067131801082435,245.87351699147246,False,0.9959969962231704,0.004788706664917454,0.0008296409137254503,1205.3407485770717,False,0.897613108713233,0.007057266597506881
83,0.009997433421710545,0.09564002456619916,24.4634037,0.03162765025189132,31.61790370247946,False,9.27448164833502,0.002300628182662805,0.006485113732105967,154.19930032210266,False,5.8270882525933025,0.010030538599676096
84,0.00999670400901217,0.075844714742542,1.26176715,0.004548712179038957,219.84244345204493,False,1.1888459233999462,0.0035058863605818493,0.00115717392572898,864.1743283059494,False,0.6555248171065134,0.023756341077478794
85,0.010022766668894269,0.07805010771647451,5.41270304,0.011927620412921712,83.8390194675089,False,3.2434110573517057,0.0029322828139592256,0.0019163700127609227,521.8198956052833,False,2.770559410987692,0.004076799793517748
86,0.01000144582623745,0.08770074293480201,3.61640191,0.008811850269309137,113.48354425436709,False,2.777537559272104,0.0018239031585886795,0.0018387788314602309,543.8391952804184,False,1.2019221645382074,0.018180474281742527
87,0.009999739949378576,0.06446742918934183,17.0065441,0.02342036332852031,42.69788585142243,False,7.451618589470304,0.001769851531318803,0.00387174932459186,258.2811840757317,False,4.971056480340351,0.00510388520467505
88,0.010064543118740377,0.06479495254368824,10.241498,0.025186402641761408,39.703963055919175,False,9.241806212289971,0.0011190259205749583,0.0038386328908232227,260.5094127106129,False,4.5030883741570165,0.00605513290201126
89,0.00999217385951359,0.06691613395474995,1.68198061,0.0059748760729483015,167.367488093615,False,1.4897275710771982,0.0043935098394408505,0.0017365361170743846,575.8590277320244,False,0.50243026,0.06691613395474995
90,0.009993780487374674,0.07321516670756104,1.50858843,0.0054326494918506725,184.07224716044445,False,1.3069942299196657,0.005213675589423657,0.0014146328891194804,706.8971799619595,False,0.384940863,0.07321516670756104
91,0.009996559776655672,0.08695628676808352,1.92268693,0.005013962168132147,199.44306846904874,False,1.571746864521078,0.0018564743957929031,0.0012446892756471182,803.4133655406459,False,0.33116585378855556,0.07566977730248674
92,0.009995064377487553,0.08205408665458633,2.63196015,0.008234184710977676,121.44493172066166,False,2.3735571422251476,0.0024309458203199017,0.0015857296518802918,630.6245196425771,False,0.399232864,0.08205408665458633
93,0.010008538995818005,0.07664507232079748,4.450912,0.010835537899727797,92.28891165847165,False,4.450912,0.0008144547572616051,0.001791247698223987,558.2700823518126,False,1.7539125751960107,0.008525012433317759
94,0.01000235374432753,0.08407126422156279,5.87557983,0.014505834645120442,68.93777741609553,False,5.01797300820363,0.0013525465805854634,0.002714039278870088,368.4545053512715,False,3.294593924394997,0.0056755506721535886
95,0.009994516960952987,0.07465253346182175,12.4711285,0.03223274719255357,31.024349057998403,False,9.848488793457607,0.0020158859196876514,0.005167889440578587,193.50259162820672,False,6.492671528786077,0.005318080830061583
96,0.010029378746610244,0.0694294751674941,4.74611807,0.010386189554326023,96.28170126969069,False,4.74611807,0.0006149888763984158,0.0018256836809338707,547.7400112863372,False,1.1345320631908355,0.019982126202926925
97,0.009994904753999504,0.07970484782913428,10.6101313,0.025218395811625834,39.65359285617184,False,5.765787736672879,0.006654541643827147,0.005166301547715567,193.56206577647012,False,5.765787736672879,0.006654541643827147
98,0.010000180897363953,0.0767056530165104,3.00664759,0.007175543008740556,139.3622752705818,False,2.4015936684410444,0.0015040190788582141,0.0016316882263980644,612.8621778484546,False,0.9101613827614138,0.024452295184171868
99,0.0100022367241263,0.07505527142419946,7.55680895,0.01618162972830829,61.79847251421103,False,6.695245423847405,0.000799052225209956,0.0029193297533633405,342.54437986935415,False,1.0410531542643955,0.049246498748488715
