streamline_index,selection_reason
1,all available paths
2,all available paths
3,all available paths
4,all available paths
5,all available paths
6,all available paths
7,all available paths
8,all available paths
9,all available paths
10,all available paths
11,all available paths
12,all available paths
13,all available paths
14,all available paths
15,all available paths
16,all available paths
17,all available paths
18,all available paths
19,all available paths
20,all available paths
21,all available paths
22,all available paths
23,all available paths
24,all available paths
25,all available paths
26,all available paths
27,all available paths
28,all available paths
29,all available paths
30,all available paths
31,all available paths
32,all available paths
33,all available paths
34,all available paths
35,all available paths
36,all available paths
37,all available paths
38,all available paths
39,all available paths
40,all available paths
41,all available paths
42,all available paths
43,all available paths
44,all available paths
45,all available paths
46,all available paths
47,all available paths
48,all available paths
49,all available paths
50,all available paths
51,all available paths
52,all available paths
53,all available paths
54,all available paths
55,all available paths
56,all available paths
57,all available paths
58,all available paths
59,all available paths
60,all available paths
61,all available paths
62,all available paths
63,all available paths
64,all available paths
65,all available paths
66,all available paths
67,all available paths
68,all available paths
69,all available paths
70,all available paths
71,all available paths
72,all available paths
73,all available paths
74,all available paths
75,all available paths
76,all available paths
77,all available paths
78,all available paths
79,all available paths
80,all available paths
81,all available paths
82,all available paths
83,all available paths
84,all available paths
85,all available paths
86,all available paths
87,all available paths
88,all available paths
89,all available paths
90,all available paths
91,all available paths
92,all available paths
93,all available paths
94,all available paths
95,all available paths
96,all available paths
97,all available paths
98,all available paths
99,all available paths
100,all available paths
