n_points,HI_percent,mean_inlet_velocity
59,2.8829904340839653e-12,28.2425022
59,2.9964213026282115e-12,28.2242451
59,3.0756756600489823e-12,28.2120762
59,3.1977791846224903e-12,28.1937046
59,3.279066637887461e-12,28.18116
59,3.4213555700441434e-12,28.1624146
59,3.4703717000009335e-12,28.1499233
59,3.6020847955599904e-12,28.1311665
59,3.70202145740396e-12,28.1184006
59,3.8607091415974645e-12,28.0988312
59,4.0452966389046006e-12,28.0857868
59,4.246016633139437e-12,28.066288
59,4.326385211820351e-12,28.0532551
59,4.484026681346826e-12,28.0334053
59,4.595646484384243e-12,28.0199718
59,4.786921006915623e-12,27.9998188
59,4.880597978566948e-12,27.9864063
59,5.1143409769702836e-12,27.9662914
59,5.2594719526135784e-12,27.952713
59,5.438197346768491e-12,27.9319324
59,5.602271859802481e-12,27.917984
59,5.850524388558053e-12,27.8975067
59,6.021361210138894e-12,27.8836002
59,6.3157012507447725e-12,27.8627586
58,6.530160194011229e-12,27.848877
59,6.844812905760986e-12,27.8274899
59,7.077720710978455e-12,27.8133526
59,7.387453217426766e-12,27.7921448
59,7.590279755538746e-12,27.7776165
59,7.96739507361029e-12,27.7558079
59,8.228363995574029e-12,27.7413979
59,8.633164858681617e-12,27.7197151
59,8.946314771480471e-12,27.7046776
59,9.373946943113677e-12,27.6825428
59,9.685460095980312e-12,27.6679058
59,1.0215299049053693e-11,27.6459236
59,1.0384392527234461e-11,27.6306229
59,1.1017308899403727e-11,27.6082649
59,1.1472864436043142e-11,27.5934372
59,1.2044975589778462e-11,27.5708618
59,1.2394662608971076e-11,27.5552921
59,1.3029528677179543e-11,27.5327263
58,1.3444464391557066e-11,27.517683
59,1.411219062882442e-11,27.4944458
59,1.4620633867853956e-11,27.4788761
59,1.5468409243013685e-11,27.4561367
59,1.5951769639967187e-11,27.4410992
59,1.6730375399662284e-11,27.4185429
59,1.741283141014862e-11,27.4031906
59,1.849597038663252e-11,27.3799801
59,1.912300879186323e-11,27.3643723
59,2.0182077436891517e-11,27.3414707
59,2.0911614556282846e-11,27.3265667
59,2.2138503289544197e-11,27.3033504
59,2.32001973531237e-11,27.2875423
59,2.4101581353670597e-11,27.2638321
59,2.499196797960219e-11,27.2479668
59,2.7528088670814893e-11,27.2239494
60,2.8023877645658405e-11,27.2079391
60,2.955801655057639e-11,27.1843204
60,3.0743218592575956e-11,27.1686478
60,3.2651825697788515e-11,27.1450005
60,3.44763314399733e-11,27.1292362
60,3.558074412014623e-11,27.1058311
60,3.77800480133696e-11,27.0892887
60,4.025486472033292e-11,27.0650139
60,4.2109016908287776e-11,27.0496311
60,4.4366568690018383e-11,27.0267696
60,4.6396861480362283e-11,27.011673
61,4.838741283031715e-11,26.988348
61,5.0304398281592956e-11,26.9724903
60,5.414710647665709e-11,26.9491863
60,5.700472418704663e-11,26.933569
60,6.00714498421281e-11,26.9101105
61,6.262828622391398e-11,26.894558
61,6.605315254402241e-11,26.8715839
61,6.737762652246499e-11,26.8562698
61,7.239327140185337e-11,26.8329449
62,7.55860927935033e-11,26.8176804
62,7.962924976476411e-11,26.7948589
62,8.297424495333925e-11,26.7795162
62,8.758935439901332e-11,26.7569141
62,9.215000198227714e-11,26.7422009
62,9.943752460222245e-11,26.7200546
63,1.0471365709321417e-10,26.7051239
63,1.1187005838050208e-10,26.6834469
62,1.2058441779504263e-10,26.6690502
63,1.3035367732055778e-10,26.64715
63,1.3642373773706054e-10,26.6326008
64,1.5055687948276363e-10,26.6109276
64,1.5848554331383486e-10,26.596487
64,1.7267252600355063e-10,26.5750542
64,1.8288395285797347e-10,26.5610733
64,2.0492206971754232e-10,26.540062
64,2.2132745216911891e-10,26.526207
65,2.499656644649955e-10,26.506134
66,2.653962787000585e-10,26.4926605
65,3.0815101406462974e-10,26.4725323
66,3.2973406227022945e-10,26.459507
66,3.943266594256473e-10,26.4399128
67,4.3558766931551317e-10,26.4268532
68,5.008844904476989e-10,26.4075031
69,5.777931492845757e-10,26.3949051
69,7.120028867432445e-10,26.3759422
71,8.81584615753491e-10,26.363306
73,1.1600846829821809e-09,26.3452682
73,1.4379729122403443e-09,26.333065
76,2.04142380929715e-09,26.3147984
77,2.9103329716446034e-09,26.3035717
81,5.330571359155782e-09,26.2862988
85,1.0111091840494666e-08,26.2749786
101,2.96875555506201e-06,26.258709
83,2.7366561142445533e-08,26.2477703
75,4.034342084431704e-09,26.2314739
73,2.02730097225575e-09,26.2210789
71,1.1361482619748951e-09,26.2055912
70,9.448790553328684e-10,26.1953297
69,8.141220878987203e-10,26.1801796
66,5.506540446206429e-10,26.1705379
67,4.548793286262689e-10,26.1563721
66,4.656929500631982e-10,26.1469402
65,3.4851389816832607e-10,26.132988
65,3.103268173187102e-10,26.1244202
64,2.6888352284586767e-10,26.1114235
64,2.3419841078313043e-10,26.1027699
63,1.9501325592078745e-10,26.0902061
63,1.9479088731486618e-10,26.0823555
63,1.7823511744189037e-10,26.0705452
62,1.5908456781784127e-10,26.0626335
61,1.4868342713575222e-10,26.0515194
61,1.3415098590453554e-10,26.0444622
60,1.22282733995864e-10,26.0338993
61,1.1665446724126954e-10,26.0269699
61,1.0792908159898987e-10,26.0175762
60,1.0476595535480743e-10,26.0114765
60,9.791323887661277e-11,26.0023079
60,8.966094108172022e-11,25.9963093
60,8.131730814806687e-11,25.9878368
60,7.856017108250015e-11,25.982214
59,7.448040476990283e-11,25.9738979
60,7.00031458717618e-11,25.9691639
59,6.276011651554317e-11,25.9623604
59,6.08678388658213e-11,25.9578381
59,5.688157450579238e-11,25.9516487
59,5.353934176256176e-11,25.9480915
59,4.897035388306369e-11,25.9426937
58,4.712562056002244e-11,25.9390965
58,4.424043404975194e-11,25.9338989
58,4.167996758435438e-11,25.9305897
58,3.8399815139628444e-11,25.9260101
58,3.7214942908481354e-11,25.9234352
58,3.475985540414758e-11,25.9195976
58,3.330638239828578e-11,25.9169788
58,3.108505484227441e-11,25.9141197
58,2.970560806877477e-11,25.9123135
58,2.8015930582156267e-11,25.9096241
58,2.698025247166602e-11,25.9082222
58,2.5497015378827193e-11,25.9065876
58,2.4602333824113123e-11,25.9055557
58,2.3273909119436087e-11,25.9043236
58,2.2472049231515686e-11,25.9039574
58,2.1174555857994482e-11,25.903368
58,2.0321656470899628e-11,25.9031582
58,1.917454282361532e-11,25.9034348
58,1.8450691613756666e-11,25.9036331
58,1.7476923534850727e-11,25.9041634
58,1.6881249042405512e-11,25.9047642
58,1.6089068717860288e-11,25.9060001
58,1.561332280401467e-11,25.9069195
58,1.4807127188671313e-11,25.9084702
58,1.4373636601202579e-11,25.9098549
58,1.3643773471466994e-11,25.9123783
58,1.3161724900708837e-11,25.9138565
58,1.2466331946557012e-11,25.9166927
58,1.210752087168749e-11,25.9190521
58,1.1451549975435479e-11,25.9226055
58,1.1047073567679749e-11,25.9249859
58,1.0509574167516434e-11,25.9290085
58,1.0207417203338283e-11,25.9318314
58,9.753141184945529e-12,25.9360886
58,9.51229413799203e-12,25.9390965
58,9.037004669089574e-12,25.9443436
58,8.734602849016613e-12,25.9476299
58,8.331872764115502e-12,25.9524918
58,8.055348446202442e-12,25.9564533
58,7.68886313160135e-12,25.962429
58,7.489709278858008e-12,25.9664249
58,7.162131922309186e-12,25.9723988
58,6.9488470676623766e-12,25.9767685
58,6.6519707667124e-12,25.9835262
58,6.468088741872582e-12,25.9880447
58,6.172759328415121e-12,25.9953957
58,5.99760234417377e-12,26.0005093
58,5.746411945707884e-12,26.0079117
58,5.594586496926842e-12,26.0131245
58,5.375056822601573e-12,26.0210094
58,5.242755621300448e-12,26.0262833
58,5.044657322065986e-12,26.0346546
58,4.924501210027585e-12,26.0401707
58,4.74188697468831e-12,26.0484982
