N_requested,segments_requested,n_streamlines,constants,HI2_percent,HI3_percent,HI2_NIH_mg_per_100L,HI3_NIH_mg_per_100L,SA_median_dyne_s_cm2,P_SA_above_hellums,frac_tau_over_range,frac_t_over_range,file
5000,25,4809,GW,1.3567762184495128e-05,1.3988562247998519e-05,1.4246150293719884,1.4687990360398446,0.32590723588029435,0.0,0.0,0.0,sweep_N5000_S25.csv
5000,25,4809,HO,3.490300919311744e-07,3.6182756587354954e-07,0.036648159652773314,0.0379918944167227,0.32590723588029435,0.0,0.0,0.0,sweep_N5000_S25.csv
5000,50,4809,GW,2.8780501072555117e-05,4.033070542719424e-05,3.0219526126182874,4.234724069855395,0.4556719123990259,0.0,0.0,0.0,sweep_N5000_S50.csv
5000,50,4809,HO,6.387951573471814e-07,8.267026172288149e-07,0.06707349152145405,0.08680377480902556,0.4556719123990259,0.0,0.0,0.0,sweep_N5000_S50.csv
5000,100,4809,GW,0.0001318899938334862,0.00022192498310663462,13.84844935251605,23.302123226196635,0.6388762122198145,0.0,0.0,0.0,sweep_N5000_S100.csv
5000,100,4809,HO,2.072271367284069e-06,3.3399675708342225e-06,0.21758849356482726,0.35069659493759336,0.6388762122198145,0.0,0.0,0.0,sweep_N5000_S100.csv
5000,200,4809,GW,0.00015869454953620156,0.0002649854236329469,16.662927701301165,27.82346948145942,0.6420933587314239,0.0,0.0,6.493265556009054e-05,sweep_N5000_S200.csv
5000,200,4809,HO,2.4330665840567457e-06,3.8984117919673505e-06,0.25547199132595827,0.40933323815657174,0.6420933587314239,0.0,0.0,6.493265556009054e-05,sweep_N5000_S200.csv
5000,500,4809,GW,0.0001603284106391341,0.00026837586359520734,16.83448311710908,28.17946567749677,0.6420933587314239,0.0,0.0,0.00031192374381886406,sweep_N5000_S500.csv
5000,500,4809,HO,2.4589721109081916e-06,3.9470786644029475e-06,0.25819207164536007,0.41444325976230945,0.6420933587314239,0.0,0.0,0.00031192374381886406,sweep_N5000_S500.csv
5000,1000,4809,GW,0.0001603493573564227,0.00026840347368564617,16.836682522424383,28.182364736992845,0.6420933587314239,0.0,0.0,0.0003118372026368587,sweep_N5000_S1000.csv
5000,1000,4809,HO,2.459402242593223e-06,3.94766362507103e-06,0.2582372354722884,0.4145046806324581,0.6420933587314239,0.0,0.0,0.0003118372026368587,sweep_N5000_S1000.csv
5000,2000,4809,GW,0.0001603493573564227,0.00026840347368564617,16.836682522424383,28.182364736992845,0.6420933587314239,0.0,0.0,0.0003118372026368587,sweep_N5000_S2000.csv
5000,2000,4809,HO,2.459402242593223e-06,3.94766362507103e-06,0.2582372354722884,0.4145046806324581,0.6420933587314239,0.0,0.0,0.0003118372026368587,sweep_N5000_S2000.csv
5000,5000,4809,GW,0.0001603493573564227,0.00026840347368564617,16.836682522424383,28.182364736992845,0.6420933587314239,0.0,0.0,0.0003118372026368587,sweep_N5000_S5000.csv
5000,5000,4809,HO,2.459402242593223e-06,3.94766362507103e-06,0.2582372354722884,0.4145046806324581,0.6420933587314239,0.0,0.0,0.0003118372026368587,sweep_N5000_S5000.csv
