streamline_index,selection_reason,SA_Pa_s,peak_shear_Pa,residence_time_s
2012,highest peak shear,0.19549282078512167,114.819443,0.19248802399180437
4879,longest remaining residence time,1.133783237138264,7.44540262,1.711203747594915
1670,nearest available SA percentile 5,0.026824290807146767,0.900441527,0.09162432606490517
1817,nearest available SA percentile 5.40486,0.026963200623565563,0.859879136,0.09028012081096917
1275,nearest available SA percentile 5.80972,0.027131665267933522,0.832531393,0.09935770577453897
1036,nearest available SA percentile 6.21457,0.027249415993823134,0.747685373,0.09742259163446614
1035,nearest available SA percentile 6.61943,0.027380468257114154,0.768727064,0.09978464614158875
1473,nearest available SA percentile 7.02429,0.027519596277676805,0.668436766,0.08182209651642372
1397,nearest available SA percentile 7.42915,0.027666521570519007,0.915085137,0.09996433600205736
799,nearest available SA percentile 7.83401,0.027897432509103846,0.74748081,0.08202702055504128
1470,nearest available SA percentile 8.23887,0.02803149797296871,0.738454163,0.08152790609343667
2601,nearest available SA percentile 8.64372,0.028193243717310214,1.08094954,0.09263493169961569
1753,nearest available SA percentile 9.04858,0.028323904297856493,0.709009588,0.0825620978678481
1472,nearest available SA percentile 9.45344,0.028427482597275313,0.708463669,0.08168945366310539
549,nearest available SA percentile 9.8583,0.02862084797434301,0.661204934,0.1008253666052271
1147,nearest available SA percentile 10.2632,0.028787598858705587,0.802113354,0.10897807941535487
1274,nearest available SA percentile 10.668,0.028940731317838603,0.883417904,0.10967361095382011
338,nearest available SA percentile 11.0729,0.029061636538484956,0.647177458,0.08649683897944781
398,nearest available SA percentile 11.4777,0.02924273484397925,0.644811034,0.10008714609476324
486,nearest available SA percentile 11.8826,0.029396109134972925,0.673631489,0.10529466427309636
271,nearest available SA percentile 12.2874,0.0294742575211518,0.622708082,0.09388706459604926
268,nearest available SA percentile 12.6923,0.02967829980272608,0.673677742,0.0885624643504758
2275,nearest available SA percentile 13.0972,0.029842075895092912,1.25220513,0.09833321654933852
1664,nearest available SA percentile 13.502,0.02992909655896292,1.02388036,0.11083323112014198
3168,nearest available SA percentile 13.9069,0.03005272693217959,1.13501203,0.08466653015443942
649,nearest available SA percentile 14.3117,0.030163260296956894,0.713834465,0.11387890429454325
993,nearest available SA percentile 14.7166,0.030307510584611674,0.809948146,0.08082330768001095
1300,nearest available SA percentile 15.1215,0.030446151872609795,0.848330021,0.11608043389417061
343,nearest available SA percentile 15.5263,0.030570981041208634,0.836253524,0.08192083109578749
64,nearest available SA percentile 15.9312,0.030685814034082007,0.697537065,0.09476859515826092
1959,nearest available SA percentile 16.336,0.030808278588679055,1.42545354,0.1033765960549788
3171,nearest available SA percentile 16.7409,0.030893780734187387,1.22829521,0.08720070651274153
55,nearest available SA percentile 17.1457,0.03101588419903017,0.74022007,0.08993923875405394
1809,nearest available SA percentile 17.5506,0.031130483450255347,1.03461838,0.11324824124550505
367,nearest available SA percentile 17.9555,0.031268531550251485,0.751570463,0.12189285584340398
1890,nearest available SA percentile 18.3603,0.03139130395676329,0.851835012,0.08448406937392511
74,nearest available SA percentile 18.7652,0.03151559731614077,0.737328112,0.11095271706905635
3446,nearest available SA percentile 19.17,0.031613398698846815,1.13820004,0.08410205076753054
221,nearest available SA percentile 19.5749,0.03171837660190107,0.855792761,0.08271346112584518
3288,nearest available SA percentile 19.9798,0.03186134470875834,5.6660533,0.11212513235213692
3,nearest available SA percentile 20.3846,0.03196201482301527,0.769955993,0.09639313562760274
1296,nearest available SA percentile 20.7895,0.03206915625462914,0.884605348,0.1228502018407065
1169,nearest available SA percentile 21.1943,0.03220712420263714,0.87616396,0.1266506325378464
1695,nearest available SA percentile 21.5992,0.03232270683222229,0.941028178,0.1196702931422147
103,nearest available SA percentile 22.004,0.03245107139029645,0.799052715,0.11696174667215739
54,nearest available SA percentile 22.4089,0.032564737651519675,0.834152341,0.10478297991769232
131,nearest available SA percentile 22.8138,0.03263955839159656,0.899531364,0.08388087260997437
695,nearest available SA percentile 23.2186,0.03275405142125294,1.06166351,0.08100851526695557
2611,nearest available SA percentile 23.6235,0.03290568719215715,1.50076377,0.10015968674345263
2961,nearest available SA percentile 24.0283,0.03308177878215968,1.39770079,0.0966782138861218
507,nearest available SA percentile 24.4332,0.03318612503494427,0.893851936,0.13590172100787623
76,nearest available SA percentile 24.8381,0.03330242397016291,0.897994637,0.08586392707181312
1096,nearest available SA percentile 25.3036,0.03346626480612361,0.924072087,0.13587591088741016
1985,nearest available SA percentile 25.8097,0.03364833524078057,0.994201064,0.12514735510568428
1367,nearest available SA percentile 26.3158,0.0338153207647577,0.901117861,0.08333450787548487
1214,nearest available SA percentile 26.8219,0.03392745856677648,0.968228817,0.1390563653582932
355,nearest available SA percentile 27.3279,0.03410998470205799,0.923990726,0.13845317408200977
505,nearest available SA percentile 27.834,0.034247237772108946,0.947787821,0.14254029121939538
198,nearest available SA percentile 28.3401,0.03441799056923628,1.0763073,0.11064082129527344
2385,nearest available SA percentile 28.8462,0.034534361042258474,1.11630511,0.08878033146442645
682,nearest available SA percentile 29.3522,0.03470235732341668,0.999892473,0.1457432318748613
117,nearest available SA percentile 29.8583,0.03493666533735996,1.0080533,0.09738926614837597
977,nearest available SA percentile 30.3644,0.03510995651788476,0.961098552,0.14541100187126563
417,nearest available SA percentile 30.8704,0.0353088019333285,1.03766263,0.12705854507699568
601,nearest available SA percentile 31.3765,0.03554084054353552,1.20057058,0.0816953779086067
780,nearest available SA percentile 31.8826,0.03571812768096252,1.03223252,0.14921541398075408
490,nearest available SA percentile 32.3887,0.035913372768425184,1.02777743,0.1333006090411823
2723,nearest available SA percentile 32.8947,0.03615081667945094,1.25259602,0.09057512530379433
3417,nearest available SA percentile 33.4008,0.036312753631579195,5.53836393,0.16561395089033298
450,nearest available SA percentile 33.9069,0.0365897136995028,1.23329711,0.12826152976594052
2903,nearest available SA percentile 34.413,0.03684197819374068,1.28948033,0.09048300582120872
909,nearest available SA percentile 34.919,0.037094799019781126,1.18495965,0.08549622241464735
2453,nearest available SA percentile 35.4251,0.037325402665532484,1.23475933,0.13312161974390663
761,nearest available SA percentile 35.9312,0.03763439582890248,1.1597327,0.17036726435022162
669,nearest available SA percentile 36.4372,0.03780793488036266,1.13000679,0.15781533831605704
876,nearest available SA percentile 36.9433,0.038006926604361835,1.16198421,0.15404911255895704
756,nearest available SA percentile 37.4494,0.0382593999639152,1.20596111,0.15423607387863347
759,nearest available SA percentile 37.9555,0.03845751406387385,1.18376315,0.17184489388659427
2222,nearest available SA percentile 38.4615,0.038665073093875534,1.57082725,0.09240187069932271
622,nearest available SA percentile 38.9676,0.038918336430806263,1.33466911,0.08546326319670347
674,nearest available SA percentile 39.4737,0.03922100216901118,1.22702098,0.161529392213657
3144,nearest available SA percentile 39.9798,0.039444432179119,1.60902524,0.10564875997198592
2516,nearest available SA percentile 40.4858,0.03967783912927544,1.429286,0.1495846472669017
671,nearest available SA percentile 40.9919,0.04000230812119641,1.25514209,0.16581599590387555
3147,nearest available SA percentile 41.498,0.040265748030437296,1.66277981,0.09667947664840879
1255,nearest available SA percentile 42.004,0.040605842698849356,1.47421896,0.09910258682877902
538,nearest available SA percentile 42.5101,0.04086017495309007,1.44977844,0.08919197124090521
3750,nearest available SA percentile 43.0162,0.04119201529496388,1.84891284,0.08315878988677312
539,nearest available SA percentile 43.5223,0.04149602093773044,1.49239683,0.09199113077393205
393,nearest available SA percentile 44.0283,0.04176670995936897,1.3603071,0.10749934588039937
3054,nearest available SA percentile 44.5344,0.04213377331485761,1.68956459,0.14898894377322042
896,nearest available SA percentile 45.0405,0.04249281778959425,1.39637697,0.15091123196213158
2391,nearest available SA percentile 45.5466,0.0428067606811143,2.11698818,0.09668744112989476
2476,nearest available SA percentile 46.0526,0.04316629500733957,43.1120987,0.21979813773243354
3369,nearest available SA percentile 46.5587,0.043559029877598486,1.70191264,0.13522630470340544
1177,nearest available SA percentile 47.0648,0.0439371437782492,1.44862795,0.17560392597051208
1454,nearest available SA percentile 47.5709,0.04429771530972011,1.51354218,0.16119075490306214
3854,nearest available SA percentile 48.0769,0.04472048286792028,2.58734512,0.08080141659246882
1025,nearest available SA percentile 48.583,0.04517906495670397,1.63920808,0.11057128665574514
1504,nearest available SA percentile 49.0891,0.04548796925312481,1.81802678,0.10831790914542112
1261,nearest available SA percentile 49.5951,0.04588178422362327,1.76890647,0.10882544056875945
898,nearest available SA percentile 50.1012,0.046439106752174344,1.65580046,0.14204324224529954
3963,nearest available SA percentile 50.6073,0.04692204011893438,3.02099442,0.080953783216297
3769,nearest available SA percentile 51.1134,0.04736382257896928,1.89648521,0.13692120629615834
1780,nearest available SA percentile 51.6194,0.04783876659515294,1.91695178,0.11028413001092666
1327,nearest available SA percentile 52.1255,0.04823978306205774,1.97699332,0.21093674280919733
1426,nearest available SA percentile 52.6316,0.04896447398861373,1.84870315,0.2030714567797996
3089,nearest available SA percentile 53.1377,0.04952524680901119,2.30032349,0.09930392672269434
3320,nearest available SA percentile 53.6437,0.05016211335276718,2.4358077,0.1281186322217082
3955,nearest available SA percentile 54.1498,0.050790497831916054,1.91249728,0.0878503146717834
1706,nearest available SA percentile 54.6559,0.05121369280528732,2.16868114,0.2262388399035669
1121,nearest available SA percentile 55.1619,0.051777624583532064,2.02886844,0.16263027828810353
1516,nearest available SA percentile 55.668,0.0523363127770927,2.07210255,0.121520850964677
1382,nearest available SA percentile 56.1741,0.052796992244765244,2.05134606,0.13019545517533695
1193,nearest available SA percentile 56.6802,0.0535355549286777,2.12637115,0.1981422095748097
3630,nearest available SA percentile 57.1862,0.054199914872770434,3.11062479,0.16194207635451952
1850,nearest available SA percentile 57.6923,0.054859334686356905,2.86374211,0.23898816538336604
1653,nearest available SA percentile 58.1984,0.05547564956594825,2.15274572,0.12761904697806128
1848,nearest available SA percentile 58.7045,0.05623603502859545,2.83969021,0.24351645904103536
3430,nearest available SA percentile 59.2105,0.056948645742447575,3.35645771,0.1647183827173188
3717,nearest available SA percentile 59.7166,0.05752696345138962,3.63946772,0.11586946439614383
3916,nearest available SA percentile 60.2227,0.05834494763104638,2.79545856,0.13374440041409327
3810,nearest available SA percentile 60.7287,0.05910179724294515,3.19575357,0.21809509499872604
4119,nearest available SA percentile 61.2348,0.0596445789816916,3.93428469,0.1533790246437191
3980,nearest available SA percentile 61.7409,0.060473341841979895,2.53806829,0.13775705899368335
3627,nearest available SA percentile 62.247,0.06100126471085323,3.9581337,0.16935812959498808
1714,nearest available SA percentile 62.753,0.06178092172566994,3.1984098,0.21642254163312932
3476,nearest available SA percentile 63.2591,0.06241716267219666,3.77376008,0.10456062447373524
3842,nearest available SA percentile 63.7652,0.06319275547422648,3.91633177,0.08660076833881339
4725,nearest available SA percentile 64.2713,0.06397982233063222,4.2647748,0.16343101736839463
1651,nearest available SA percentile 64.7773,0.06449866291922049,2.62350988,0.15992562173780034
4167,nearest available SA percentile 65.2834,0.06560141567699851,2.75026655,0.09212037151198033
3911,nearest available SA percentile 65.7895,0.06649830134452264,4.08891821,0.14786754565200522
4045,nearest available SA percentile 66.2955,0.06734968596425758,2.87471914,0.15963739302911997
1793,nearest available SA percentile 66.8016,0.06826829975328984,2.88994765,0.15223368514692634
4023,nearest available SA percentile 67.3077,0.06915407854755592,4.0818305,0.21883513442943747
2307,nearest available SA percentile 67.8138,0.07010015221403523,4.57062626,0.2528880993757851
3877,nearest available SA percentile 68.3198,0.07079483872314464,3.8958056,0.09571810180914093
1449,nearest available SA percentile 68.8259,0.07190706448703593,3.40768075,0.19019245902936388
3691,nearest available SA percentile 69.332,0.0728611014997812,3.58529878,0.1715281769500453
2835,nearest available SA percentile 69.8381,0.07378960601495656,3.51131272,0.20916113213541854
3037,nearest available SA percentile 70.3441,0.07440632341942269,3.85686946,0.17932335345364003
2008,nearest available SA percentile 70.8502,0.07544447947475416,4.20767164,0.23054072173031442
2084,nearest available SA percentile 71.3563,0.07671529526008246,3.48443103,0.1515284462863293
3876,nearest available SA percentile 71.8623,0.07792368883132958,4.66157198,0.10272894702697719
4218,nearest available SA percentile 72.3684,0.07919223067929158,3.34952331,0.24501110957344535
3803,nearest available SA percentile 72.8745,0.08009420079174863,4.32260275,0.2032717711417727
2542,nearest available SA percentile 73.3806,0.0811917138727745,4.53509331,0.22830983112224137
3872,nearest available SA percentile 73.8866,0.0827161587637206,5.4615283,0.1370876231229127
3801,nearest available SA percentile 74.3927,0.08360412834460099,3.64768887,0.20063113214172087
2160,nearest available SA percentile 74.8988,0.08499078868312036,6.5922122,0.22899458595340935
4425,nearest available SA percentile 75.2429,0.08581574728749346,4.37074232,0.25540712833495566
1869,nearest available SA percentile 75.5466,0.08645324947445324,4.69257879,0.18996047236393823
4740,nearest available SA percentile 75.8502,0.08727413785302708,3.03261113,0.25808340750131015
2401,nearest available SA percentile 76.1538,0.08822385744179485,3.55942941,0.13454456541020413
4136,nearest available SA percentile 76.4575,0.08894281823556399,6.37572145,0.11946156537771628
3931,nearest available SA percentile 76.7611,0.08965327000794066,6.20887756,0.12314324084771422
2239,nearest available SA percentile 77.0648,0.09043690663189083,5.6824832,0.16999880433061354
2023,nearest available SA percentile 77.3684,0.09101490106161157,5.07398224,0.18798034027466876
3896,nearest available SA percentile 77.6721,0.09220679808470798,3.8259294,0.19354248123285875
4333,nearest available SA percentile 77.9757,0.09326350109603515,2.51805162,0.25942926545299294
3293,nearest available SA percentile 78.2794,0.09443559669951344,4.05477858,0.1440689117351102
2333,nearest available SA percentile 78.583,0.09571663717222295,5.7682147,0.21710699403025663
2410,nearest available SA percentile 78.8866,0.09725533731769996,5.85757017,0.1521636403963086
2403,nearest available SA percentile 79.1903,0.09872250179376012,5.95604515,0.17075283547212083
2325,nearest available SA percentile 79.4939,0.09979751953906367,10.1113968,0.20703363200447647
4332,nearest available SA percentile 79.7976,0.10118443399915808,3.15993071,0.23081216595474272
3294,nearest available SA percentile 80.1012,0.10258133077257066,5.06283188,0.14944739328378265
4834,nearest available SA percentile 80.4049,0.10391340482214573,3.47878265,0.3260471912998786
4497,nearest available SA percentile 80.7085,0.1056624841720104,7.58533239,0.08093929537662195
2571,nearest available SA percentile 81.0121,0.10722044428684947,7.20000935,0.2052507893618588
4437,nearest available SA percentile 81.3158,0.10844265449221736,4.10647821,0.2623843848446921
4081,nearest available SA percentile 81.6194,0.10979124470771279,5.8660183,0.1087193448681535
4886,nearest available SA percentile 81.9231,0.11153771890308314,3.44903779,0.3520015356404789
3122,nearest available SA percentile 82.2267,0.11263698678792827,11.2288189,0.17147853833821175
4676,nearest available SA percentile 82.5304,0.11491994064037583,3.94623637,0.1898913280276819
3933,nearest available SA percentile 82.834,0.1162681733126989,7.90261412,0.12522397658022746
2568,nearest available SA percentile 83.1377,0.1193363820578957,16.8450413,0.17769877158438013
2175,nearest available SA percentile 83.4413,0.12180330909997347,13.7363234,0.1973165112025124
3198,nearest available SA percentile 83.7449,0.12515479921298575,4.80554295,0.27320940261312515
4308,nearest available SA percentile 84.0486,0.12731543630569386,6.67963839,0.14447984553713097
2751,nearest available SA percentile 84.3522,0.12866901666597996,15.3923645,0.22651339147641616
3032,nearest available SA percentile 84.6559,0.13107645148426464,20.4176521,0.2122600649588326
4556,nearest available SA percentile 84.9595,0.1325565611617992,4.35374308,0.15548923853242735
4329,nearest available SA percentile 85.2632,0.13439072851963982,3.61236334,0.2598785686758528
4080,nearest available SA percentile 85.5668,0.136918595167627,9.03536129,0.09872419473901671
4421,nearest available SA percentile 85.8704,0.13948946095800893,5.1025672,0.3093571681981905
2013,nearest available SA percentile 86.1741,0.14130390435787746,26.1635742,0.20615048574435962
4564,nearest available SA percentile 86.4777,0.14434306853575224,7.2341156,0.14833724946032673
3818,nearest available SA percentile 86.7814,0.1465430567859498,6.55484915,0.2212715526700917
4631,nearest available SA percentile 87.085,0.1490822643694499,3.05785179,0.44330880631090624
4354,nearest available SA percentile 87.3887,0.15228585826525531,8.8437624,0.13646820163119497
4422,nearest available SA percentile 87.6923,0.15735817628656731,6.5013051,0.3136034810853152
2894,nearest available SA percentile 87.996,0.16407791633996047,24.9251385,0.24769615016490074
4502,nearest available SA percentile 88.2996,0.16740380444944755,10.5596189,0.08388361320185612
3386,nearest available SA percentile 88.6032,0.17310712134704834,4.78531599,0.3365728434894382
3773,nearest available SA percentile 88.9069,0.1786410177769404,4.66954136,0.3557741784462114
4694,nearest available SA percentile 89.2105,0.1807091885482997,10.467474,0.08514214455329883
3383,nearest available SA percentile 89.5142,0.18225260775286228,6.33499527,0.341865954296618
3387,nearest available SA percentile 89.8178,0.1849837011089475,9.3700304,0.34243474380439337
3378,nearest available SA percentile 90.0405,0.1863937555650137,8.5100317,0.35109961131598494
3501,nearest available SA percentile 90.1417,0.1874294415108656,4.10087013,0.3320768469740378
3502,nearest available SA percentile 90.2429,0.1887418819853356,4.25384665,0.3304176690125321
4597,nearest available SA percentile 90.3441,0.19060297467887172,10.4018068,0.099607351585908
4470,nearest available SA percentile 90.4453,0.19130484149461116,5.18187475,0.22830638949983725
4862,nearest available SA percentile 90.5466,0.1930533532185658,7.42720222,0.19943061481997743
4232,nearest available SA percentile 90.6478,0.1937811753259977,10.3887758,0.21135608291773572
4467,nearest available SA percentile 90.749,0.194360125027864,6.61354828,0.2414680007796965
4144,nearest available SA percentile 90.8502,0.1954058821905986,10.4076004,0.1361244637693667
4465,nearest available SA percentile 90.9514,0.19649473344126164,5.19617796,0.2495184945790882
3576,nearest available SA percentile 91.0526,0.19915884109358004,11.3969841,0.3502073954679913
2653,nearest available SA percentile 91.1538,0.20102810159113665,12.6954632,0.3393921957612666
3776,nearest available SA percentile 91.2551,0.20170287978442597,7.24869633,0.36384267817960325
4143,nearest available SA percentile 91.3563,0.20399674386475053,10.7014885,0.13495968960036017
4801,nearest available SA percentile 91.4575,0.20462563579313306,4.67930698,0.33756240311796587
4606,nearest available SA percentile 91.5587,0.20619482141800682,10.4007969,0.08999809216963077
3791,nearest available SA percentile 91.6599,0.20799749171373128,43.8067856,0.3526074326802163
4608,nearest available SA percentile 91.7611,0.20980129312650125,10.8581457,0.08960984029472602
3463,nearest available SA percentile 91.8623,0.21076217781530987,4.348773,0.37293373890245185
4533,nearest available SA percentile 91.9636,0.21269267345147108,5.57725763,0.18585096897488565
2817,nearest available SA percentile 92.0648,0.21365298813652395,31.9989758,0.33816007628630873
4545,nearest available SA percentile 92.166,0.21607244972438683,2.7635169,0.3590682074428609
3582,nearest available SA percentile 92.2672,0.21903832504805068,4.96937799,0.3592232372484981
3584,nearest available SA percentile 92.3684,0.22066659058181137,4.57694721,0.35793425795184314
2664,nearest available SA percentile 92.4696,0.22252321311643702,5.25285673,0.3465351790685266
4697,nearest available SA percentile 92.5709,0.22394438485765944,12.2593451,0.08843046589119709
4828,nearest available SA percentile 92.6721,0.22580849184661408,11.8818207,0.08755085286212051
4568,nearest available SA percentile 92.7733,0.2277726374571639,11.5632048,0.12933708865794977
4724,nearest available SA percentile 92.8745,0.23024554886114829,8.23498249,0.18445844388928406
3895,nearest available SA percentile 92.9757,0.2313324666249781,4.70951128,0.3309273134662565
4750,nearest available SA percentile 93.0769,0.23630183304179814,11.7157755,0.12805284368637693
4877,nearest available SA percentile 93.1781,0.23671245669740032,3.38174295,0.6087488739086137
3590,nearest available SA percentile 93.2794,0.24001093366927975,61.6498375,0.35856378017502477
4504,nearest available SA percentile 93.3806,0.2409607174357552,13.1075773,0.09040969799585043
4433,nearest available SA percentile 93.4818,0.2439087208727422,6.07641506,0.40994495335200715
3215,nearest available SA percentile 93.583,0.2477155503348387,4.25030851,0.4077756618746627
3392,nearest available SA percentile 93.6842,0.2494721736404812,5.69690752,0.3647088236826076
3017,nearest available SA percentile 93.7854,0.25078580538858564,3.68545103,0.37898630284755447
4641,nearest available SA percentile 93.8866,0.25571693572193455,16.1560612,0.3414190379035047
3396,nearest available SA percentile 93.9879,0.2593461221828094,2.96998596,0.3835873860637854
3788,nearest available SA percentile 94.0891,0.2643121140053395,60.4772873,0.354418059626194
2313,nearest available SA percentile 94.1903,0.26516104650334477,35.6552582,0.2576087059554494
4569,nearest available SA percentile 94.2915,0.27072832212271203,12.2040195,0.1368382705820415
3538,nearest available SA percentile 94.3927,0.273145458194692,15.5490856,0.10739471096159481
4358,nearest available SA percentile 94.4939,0.2751440193690315,10.9458637,0.15867645202221306
4802,nearest available SA percentile 94.5951,0.2771002370100741,4.95243359,0.40026525024842674
4028,nearest available SA percentile 94.6964,0.2780122654804058,11.5726671,0.3453722958892197
3304,nearest available SA percentile 94.7976,0.2800805168130404,6.52157259,0.39084735912761615
3694,nearest available SA percentile 94.8988,0.28342401752981644,5.49834633,0.3735518289516995
3993,nearest available SA percentile 95,0.28485034818591126,8.23961926,0.4094844718033942
