streamline_id,segment_index,x_m,y_m,z_m,tau_Pa,dt_s,time_fraction,weighted_linearized_source
0,46,0.0157848373,0.0290890308,0.021050107649999997,6.43049049,0.00022541790642311446,0.7309448670628322,1.9428455133010444e-08
0,48,0.0159401698,0.03015042005,0.0212926129,6.71782827,0.00020967831143983224,0.7408170693525556,2.0674404597471637e-08
0,47,0.015860434649999998,0.02961894405,0.02117685415,6.66181993,0.00022011950565306397,0.7360008822432241,2.1151806342211304e-08
1,60,0.019593954099999998,0.037492558349999996,0.02416384405,10.5401697,0.0003047201661450998,0.748276119122005,1.1870406390918832e-07
1,62,0.019729735300000002,0.03856008125,0.02437163145,10.3970633,0.0003249872223071363,0.760606546780777,1.2138320257791474e-07
1,61,0.0196626773,0.038032325000000006,0.0242656935,10.7737427,0.00030976070292721683,0.7542934399940098,1.290884522472625e-07
2,89,0.0270315725,0.0528668966,0.0270314654,3.59553719,0.0007104028545387667,0.9831975230877311,1.0126608152331387e-08
2,90,0.0276643969,0.053951850149999994,0.027395746649999997,3.89899397,0.0006339000232921875,0.9968607614812763,1.1595268907447686e-08
2,1,-0.00275220303,0.002783706525,0.026848375799999998,5.14018011,0.0006141656354442407,0.020051958151241264,2.6299635717998483e-08
3,53,0.0208987426,0.03085862845,0.023964135900000003,35.4445724,5.890852564165538e-05,0.9939931273476392,9.592186043163113e-07
3,51,0.0209339317,0.0306969024,0.0238830503,28.2476559,0.0001455360397180865,0.9911949491966385,1.1785517018435663e-06
3,54,0.02084522135,0.03097651245,0.0240156436,34.49366,0.00011589487564050505,0.9976608287646174,1.7356195309632258e-06
4,60,0.0205315435,0.040438273950000006,0.0243300926,10.0344772,0.00036009568799842944,0.8397935485421031,1.2060296456929692e-07
4,59,0.02039457575,0.03983012215,0.024192990749999997,10.670126,0.00030259673294690415,0.8327922835932244,1.224338504950056e-07
4,58,0.020258108150000002,0.03923490455,0.024064257749999998,10.9572334,0.0003164583151815812,0.8269089587697523,1.3894532758468882e-07
5,2,0.006342026634999999,0.010304085000000001,0.02173163835,1.0151149,0.002825309096932479,0.1631592307402649,8.19466242057454e-10
5,10,0.01237842395,0.015348379,0.0178270694,1.23073447,0.0017536475437455396,0.4995239798125921,9.201423558958652e-10
5,0,0.00578859169,0.009649113285,0.0217300914,1.07046402,0.0029496823082028572,0.0666205430493862,1.0074016081734103e-09
6,28,0.006128694395,0.02089273655,0.018005657,1.86790919,0.0008368522130480691,0.6837266842512035,1.587714042495035e-09
6,5,-0.007090878205,0.0055559840999999995,0.025168281049999998,1.60242879,0.002215214104374932,0.1204551037717298,2.6220119388436868e-09
6,4,-0.00721301208,0.005085856655,0.025131189300000002,1.88100815,0.0013623876043295045,0.07833406748644349,2.6409780415251594e-09
7,75,0.0323953927,0.04866726325,0.032100751999999996,3.75156283,0.00034568902471819905,0.9898479982836388,5.5992235640720896e-09
7,76,0.0325716343,0.0493120905,0.03243898415,5.63942957,0.0003113919488200647,0.9971901719186937,1.76837505007351e-08
7,77,0.03268531895,0.0497192629,0.03265439345,7.97814274,0.00011916877556664942,0.9999999999999999,1.9685080891431734e-08
8,83,0.02750261875,0.0470646359,0.030875107300000003,16.7176056,0.0004415811083798274,0.8867261833678795,7.130911278937226e-07
8,84,0.0273279371,0.047714119750000006,0.030987029,16.8643017,0.0004449727595050973,0.8968484475373958,7.381517934454753e-07
8,89,0.026749921949999998,0.050298256799999996,0.0311754271,15.7885265,0.0005816094413560282,0.9412628422766938,7.876602229811896e-07
9,75,0.0298823174,0.0483884141,0.03129366135,3.9041574,0.00037191470908903336,0.9756271886455081,6.816577078379923e-09
9,77,0.02997061795,0.0498108175,0.0319279507,4.16112852,0.00034069146829588537,0.9887857144144812,7.597783473697377e-09
9,76,0.02992911265,0.0491160192,0.03162648715,4.10778284,0.0003594333051200457,0.9823825736671998,7.703668181944999e-09
10,1,0.007552273105,0.01295621275,0.01796333215,1.17057025,0.0022036557446351796,0.11451208892844886,9.907084112723292e-10
10,2,0.007999300255,0.01333554185,0.017802828,1.19491637,0.0024888055415501426,0.1731821189574256,1.1920867308304288e-09
10,0,0.00727644656,0.0126331169,0.01795364265,1.19210184,0.002653991700897871,0.06256405741179359,1.2620146828089085e-09
11,2,0.00147681031,0.014424493100000001,0.0181107847,1.11921,0.002479149583319605,0.1798456668387428,9.714649550368583e-10
11,1,0.000895851406,0.0140346885,0.018139286,1.10362601,0.002828362474795403,0.12403257546029528,1.0614934067297707e-09
11,0,0.00056995466,0.01367489855,0.01804592185,1.14809728,0.002681013554664043,0.060357654705512805,1.1362783366376839e-09
12,84,0.0305041838,0.04651480355,0.027905046949999998,2.60231495,0.0006890148172369507,0.9443518074188588,3.6282033628578743e-09
12,87,0.0312572429,0.05001151745,0.0306108091,2.20257044,0.001195346906769813,0.9958883847917859,3.767372373938057e-09
12,3,-0.0115734218,0.00505632185,0.023617104649999998,1.94734848,0.0017495832105287688,0.08454126266710253,3.774544506909347e-09
13,1,-0.01552084745,0.002373360215,0.02232529035,2.84772825,0.0006211262950248957,0.01423531343896373,4.31253564364401e-09
13,2,-0.015527768099999999,0.00255292817,0.022347402750000002,2.78988409,0.0007267810009737733,0.025293398079713657,4.737253698130614e-09
13,0,-0.015504255000000002,0.002294413165,0.022297089,7.19248152,0.00031447473231936907,0.00478478138903668,3.780479902086993e-08
14,10,0.015785134399999998,0.01379815955,0.0154086174,0.950925827,0.0020551983411360546,0.37682119059937874,4.873587443676586e-10
14,12,0.0163855888,0.01493087505,0.01509676505,1.05548358,0.0015772460842668134,0.43061281597646694,5.156196963995966e-10
14,13,0.016845474,0.015750865450000002,0.0149819455,1.1027956,0.001589454115066615,0.4666447419345129,5.946870514491605e-10
15,85,0.0348138362,0.046274691849999994,0.03032383885,14.9951658,0.0004799521694018936,0.9627475715336781,5.543537892298717e-07
15,87,0.035325894100000005,0.0476200301,0.03106695225,14.9931841,0.00048543147653590983,0.986317286256464,5.604544729725851e-07
15,86,0.03506581855,0.0469514914,0.03069825005,14.9048805,0.0004946533200009297,0.9746433153308451,5.60812727000449e-07
16,10,0.01914435255,0.011891501950000001,0.01394568295,1.07904291,0.002283463192832794,0.36271726624761186,8.002609772747918e-10
16,12,0.019315163599999997,0.01366401325,0.013813545449999999,1.19245028,0.0017638590103569488,0.43070107766420274,8.407730671736351e-10
16,78,0.0375986658,0.0483845752,0.02959766425,3.61974478,0.0002582131201762595,1.0,3.753007968434847e-09
17,58,0.02214647455,0.041941095149999996,0.0238274764,5.63763571,0.00023198369025057854,0.8742066672285019,1.3172984180406798e-08
17,59,0.0224174261,0.04250001535,0.02397828825,5.70325708,0.00025805212470321134,0.8785234020417644,1.518457091496607e-08
17,57,0.02187045105,0.041359754299999996,0.02367942965,5.72785091,0.00026359599780708163,0.870326009113536,1.571756927831136e-08
18,65,0.031058675600000002,0.044059444249999996,0.02659572845,1.96200967,0.0004224680560973322,0.9251303993363161,9.323828364598548e-10
18,67,0.031892282849999995,0.046370161699999995,0.02821467255,1.59774935,0.0007998631934005496,0.9576636367963051,9.382266029278529e-10
18,66,0.0314263869,0.04506215455,0.0272951964,1.76977086,0.0006197334032862359,0.9393329791523387,9.958018980250794e-10
19,63,0.02496996805,0.043288610899999996,0.023727411400000002,5.49316311,0.0002512039464069816,0.8713200985416935,1.3165340891727511e-08
19,64,0.0253278967,0.0437914636,0.023907203250000002,5.47584105,0.0002679781402432024,0.877332182708137,1.390860094976868e-08
19,32,0.0166990608,0.02837018015,0.01911750625,7.96203327,0.0001874141147832104,0.7237609813486752,3.0784982553609566e-08
20,71,0.0250242967,0.0382194836,0.02154750935,43.3867874,0.00037021861759019926,0.8822352717003843,1.1239020542350914e-05
20,70,0.02462630255,0.03782969155,0.02128399165,42.7979622,0.0004021316735019241,0.8775202539882256,1.1705073308771145e-05
20,74,0.0260760058,0.039243415,0.0222563203,47.846302,0.00043775031205916804,0.8960710435702176,1.795854570007089e-05
21,3,-0.0207387498,0.003106500375,0.017415983599999997,2.48365831,0.0011799605664342232,0.02609732048852342,5.3867444348432505e-09
21,2,-0.0207288545,0.00283636339,0.017397837700000002,3.38938832,0.0007048673182444038,0.015194152816060203,8.378136515883614e-09
21,1,-0.02069774085,0.002723909565,0.017367842600000002,4.59588099,0.0006224253777375433,0.008680980447187956,1.8886271973218362e-08
22,9,0.016927661400000002,0.0178246526,0.0129807177,0.818839431,0.0011051114512109985,0.5122807083931821,1.655490285517111e-10
22,5,0.014952593949999999,0.0155675295,0.0124548357,0.576273024,0.0036086541934619043,0.36858221567590704,1.833574912257862e-10
22,8,0.016416871,0.01721263025,0.012795016650000001,0.795516074,0.0021877109099809468,0.48965388608555127,2.998374792573039e-10
23,85,0.0393449515,0.0475788377,0.02547007615,9.9208889,0.0003947189913227478,0.9821444626294265,1.27815023469632e-07
23,83,0.0386502836,0.0462633036,0.0248863073,9.94590855,0.000409772829592586,0.9628205763285959,1.3372224797082364e-07
23,84,0.0390017312,0.046931249999999994,0.02518253585,10.0101538,0.0004037823249599115,0.9725921866925396,1.3440455002238007e-07
24,12,0.0201197155,0.014008567699999998,0.010939638599999999,0.957938373,0.0018294042130511917,0.41379828270754787,4.440532238153735e-10
24,13,0.020204625099999998,0.014880739149999999,0.01122062,1.01212335,0.0017115590556980229,0.451431803076599,4.921094888419567e-10
24,76,0.038958173250000006,0.0486589633,0.0271930788,2.00046611,0.0003318076675487317,0.9997854588662981,7.766813183420464e-10
25,74,0.0275224941,0.05128192715,0.0272704456,3.06042814,0.0006885925793765195,0.9727531422621596,5.967005477439701e-09
25,76,0.02887856865,0.052924573399999994,0.028049863850000002,2.96362543,0.0007757749952160858,0.9947647861824737,6.089316556256397e-09
25,75,0.028213921,0.05216808615,0.02769088745,3.16588545,0.0007559668639151943,0.983616639479305,7.270749681169919e-09
26,65,0.028651756200000003,0.04578023215,0.0247308062,2.41275382,0.000300660563522801,0.9243678671454111,1.2524053070850807e-09
26,67,0.02989150215,0.04719050415,0.025831546650000002,1.8671205,0.000682379539242508,0.9464066956914965,1.2912801796682986e-09
26,66,0.029181294150000002,0.0463613905,0.025165542,2.38563752,0.0004089090991469808,0.9326258817622719,1.6450841253633086e-09
27,6,0.010287685295,0.01771338655,0.010070303935,0.601204634,0.003575371788999133,0.2831217237222761,2.0700521943638162e-10
27,11,0.01397062835,0.0191782843,0.0115274158,0.844866037,0.0019500753933769052,0.4925994487280219,3.217292188452233e-10
27,10,0.0129511561,0.018657417949999998,0.01109572265,0.789928079,0.0030028777938910832,0.4521231029419341,4.028160729240309e-10
28,58,0.02777685225,0.039154997100000005,0.023883437700000003,10.103899,0.00027593519992036926,0.8112452762214536,9.442100901343884e-08
28,56,0.027445538899999997,0.0385107659,0.02356878485,12.6371918,0.000154722446801105,0.8005697926120556,1.0540221424397507e-07
28,55,0.02731453535,0.038278484700000004,0.023431788199999998,16.0749645,8.791772795257621e-05,0.7968515064022046,1.2560055005128435e-07
29,91,0.03413581285,0.04992696455,0.02180761565,1.59360945,0.0008093935245483419,0.9888140249146291,9.415433011774331e-10
29,92,0.0350848343,0.05148631895,0.022348000649999998,1.64600742,0.0008482384722921151,0.9971825609427406,1.0900338635596374e-09
29,90,0.03319684785,0.04833025295,0.0212658523,1.66798198,0.0008147947176504076,0.9808287246808401,1.0906778284467887e-09
30,69,0.008677707515,0.0264644837,0.0154273603,11.0718679,0.0002944171475770065,0.8685221191840488,1.336721116856201e-07
30,67,0.007561492270000001,0.02590676025,0.015134953,10.7492561,0.00034486378577528067,0.8634773473045286,1.42955178436749e-07
30,68,0.008144149555,0.02617793625,0.01527762785,11.0677156,0.0003158914865851391,0.8660884859961716,1.4325647375135914e-07
31,9,0.017659195699999998,0.017916986750000002,0.01041343995,0.752462506,0.001427752854420892,0.5003277844042314,1.6488501067180312e-10
31,6,0.0164008979,0.0163738672,0.00890529482,0.553886116,0.003856678334817213,0.38438022442279735,1.734636042496648e-10
31,8,0.017199581499999998,0.0173411602,0.009904110825,0.715273857,0.0026854846680876426,0.47181103767461585,2.6534001702184867e-10
32,83,0.03802705185,0.0467087701,0.0190773839,13.2214556,0.0005329900466295754,0.9207270726447114,4.178103499794247e-07
32,86,0.038924634449999995,0.04893987255,0.019614744,13.0186605,0.0005701917280924058,0.9575642430952777,4.2620687935967323e-07
32,87,0.03923172875,0.04970201665,0.0198088158,12.921484,0.0006046964210257765,0.9709821527805871,4.416948820204859e-07
33,8,0.02185154425,0.013595309100000001,0.00815651752,1.2195636,0.001631324390520349,0.4221645498776779,8.323427157999285e-10
33,0,0.02324828315,0.00809275918,0.005083176775,1.08170855,0.0029843334140946367,0.06925236468538712,1.052636773971441e-09
33,1,0.023279680849999998,0.00873665605,0.005407956895,1.14951932,0.004169088406887282,0.1659973293719039,1.7731369110586496e-09
34,11,0.019348833699999998,0.01545437145,0.006712125385,0.856505275,0.0023944342062330016,0.3904691422030392,4.119145433546552e-10
34,12,0.019453099,0.0161666395,0.00748174754,0.915585399,0.0019593878815770175,0.43269520235459424,4.138873607340387e-10
34,13,0.019641193600000002,0.01691170595,0.008212790825,0.94338572,0.0018203897948584906,0.4719257649704579,4.2160611969747553e-10
35,73,0.0313473111,0.044596985000000006,0.023098671799999998,2.48801947,0.0003362123566811418,0.9615082431870466,1.540381898517596e-09
35,36,0.0167946564,0.02799278125,0.01498598885,3.69993305,0.00019380516546083627,0.8583677782692147,3.0115660266598257e-09
35,37,0.01715445425,0.028196319,0.0151452627,3.45752192,0.00029064369805512037,0.8613973810962086,3.6661847612031416e-09
36,11,0.0059673155200000005,0.0200370364,0.009960723099999999,1.38385642,0.002168348566267993,0.5228089039941796,1.6322486403351764e-09
36,7,-0.000388531306,0.01969977185,0.008997498545,1.43105555,0.0022565736501777224,0.38262694563548927,1.883366961047744e-09
36,4,-0.0038686897600000002,0.0193190733,0.00846464839,1.3108803,0.0029583275744295536,0.2644365518704586,1.8849125320438547e-09
37,16,0.005942253865,0.0201646071,0.0103523838,1.29844916,0.0019028484445757505,0.7034691377645383,1.178114242200571e-09
37,17,0.00797992386,0.0204407219,0.01073955465,1.35997725,0.0018910754398846297,0.7263338742881535,1.3501268463810563e-09
37,18,0.00988476535,0.020883664500000003,0.0111754639,1.49573815,0.0015679241444990256,0.7452914323510789,1.5002847933821305e-09
38,1,0.00615974306,0.018865486600000002,0.00589920557,1.07072639,0.002691141758689803,0.1258488765028286,9.208808838264351e-10
38,0,0.005773125215,0.018588882850000002,0.00567704602,1.1249336,0.0029852676564943977,0.06618489843686877,1.1892194218555622e-09
38,2,0.00688202446,0.0190693159,0.00629183231,1.09845257,0.00325439397234528,0.19800044189585103,1.2047812011538893e-09
39,0,-0.00107222411,0.0192724252,0.00430353894,1.20571518,0.0017136223439611364,0.039146601073802176,8.444064219715164e-10
39,4,0.000228223798,0.0200703554,0.0048417898350000006,1.0616107,0.002683137909019665,0.20911171790374936,8.936047773129279e-10
39,2,-0.000744812627,0.019654247899999998,0.004466115265,1.16498971,0.002270831026881636,0.11706566866544268,1.006685281843418e-09
40,30,0.00698310509,0.021361451599999998,0.009894825074999999,1.16379535,0.0015669050905942699,0.8159885505067036,6.925201919393245e-10
40,31,0.00879343832,0.02169491255,0.0101598548,1.30508232,0.0012524367999939008,0.8267590314997472,7.875828234418825e-10
40,32,0.010272056335,0.022115112300000003,0.010449016,1.39559412,0.0010210123943381409,0.8355393504642925,7.892199001346361e-10
41,75,0.016232647949999998,0.0363143943,0.02012817845,4.07714128,0.00021356761466456082,0.9218521511363686,4.474311803969161e-09
41,72,0.015377810200000001,0.0349563025,0.0194534268,3.90380311,0.0002451810357889219,0.9164563505143674,4.493740549975335e-09
41,105,0.02725063825,0.05390896835,0.026909040250000002,3.39702988,0.0006286067862431421,0.9975906216738768,7.510034899935292e-09
42,122,0.01423522415,0.03708915785,0.0163489776,70.7736053,0.0001343219342702783,0.8337609212475294,1.8418250422221854e-05
42,124,0.01449174435,0.03757904285,0.01668224855,67.3604279,0.00024167956384919204,0.8370209080786222,2.84625509904903e-05
42,123,0.01435224575,0.0373221133,0.01649766045,75.6324615,0.00020557962375521835,0.8352593518773676,3.4580644203344644e-05
43,9,0.01491738065,0.01776570735,0.00505115674,0.741216123,0.002594973297050566,0.3395375824609453,2.861376943842797e-10
43,12,0.01611015945,0.0185875455,0.007042593555000001,0.832521498,0.001818412577196637,0.44441533561348473,2.86686188120006e-10
43,11,0.015622892400000001,0.018228746,0.006262866545000001,0.794976711,0.00212374961201208,0.40635751681450105,2.904940044422381e-10
44,87,0.0377482679,0.052925866099999996,0.017817515899999997,6.88573551,0.0003792477645829678,0.9933915309658826,3.9882438486134946e-08
44,86,0.037500496950000003,0.052203118800000003,0.017611051,7.39102364,0.00033464383578065755,0.9845304082055768,4.376169032221916e-08
44,85,0.0372633189,0.0514932647,0.017408303,7.23177719,0.0003601842166275507,0.9767114560936434,4.4047594967154284e-08
45,44,0.02820671535,0.029384415599999998,0.0148332729,3.89463592,0.00034229663583704856,0.7498162827609549,6.227489087175533e-09
45,34,0.026844461450000003,0.02676038535,0.0131114153,4.88806581,0.00022802707385642166,0.7080049674643358,8.347850463681338e-09
45,37,0.027021923099999998,0.02707676965,0.01342022185,6.20110035,0.00016684453371664033,0.7144375943368318,1.2703546237514502e-08
46,2,0.01794711035,0.014892634450000001,-0.000650471251,1.07759488,0.0029311030027181547,0.21759607273290338,1.0219110323912634e-09
46,0,0.0175783811,0.01392888835,-0.002009693125,1.15723944,0.0025373017109801984,0.0573602872465267,1.1017007603839763e-09
46,1,0.01777918355,0.0143658472,-0.001542960295,1.13327265,0.00415684150020025,0.1513331961276141,1.6923191978604212e-09
47,28,0.0108719533,0.021963844099999998,0.010298727550000001,1.50534976,0.0009190106528153103,0.8387062035786579,8.9687600180165e-10
47,27,0.00966342584,0.0215527732,0.010001666865,1.4600358,0.0011351014041005348,0.8310610275323512,1.0083082118319566e-09
47,26,0.007987486200000001,0.02114969865,0.009664059615,1.37446249,0.0017548684065775999,0.8216182098259688,1.2944135731879051e-09
48,46,0.016688277,0.03239099305,0.0130021814,13.3234949,0.00031914022839705435,0.6044478651071429,2.557479061945213e-07
48,39,0.0161724398,0.0307842335,0.01194283365,21.7682648,7.514138071851083e-05,0.5930027091409469,2.728313264460118e-07
48,45,0.0163791636,0.03187329135,0.012621304,15.0326204,0.0002581721432522972,0.6006286385704585,2.999595129772269e-07
49,60,0.018643067200000002,0.038397586,0.0174193634,12.5767975,0.00030628036365102284,0.883158297728305,2.0556897572332987e-07
49,58,0.01811467765,0.0375964325,0.016844563200000003,13.9824429,0.00022819543285900335,0.8769526544798032,2.122070733131866e-07
49,56,0.0175515963,0.0367812626,0.01632094385,14.0522137,0.0002495045568067771,0.871943165172974,2.3560496685265257e-07
50,1,0.00611284096,0.01946352795,0.0011571344245,1.26955855,0.0028005908030582236,0.13458763396922335,1.6191558513336376e-09
50,2,0.0068224724399999995,0.01967408415,0.00173786952,1.26466835,0.0028805175839529723,0.2001014817472551,1.6457013610687098e-09
50,0,0.005687014665,0.0191539805,0.0008359837814999999,1.32074201,0.0031169679937397368,0.07089162302235609,2.035171307318885e-09
51,12,0.0116432966,0.0226109782,0.0071382399150000005,0.976935208,0.001174701172293063,0.6286654087887026,3.0288974161383496e-10
51,10,0.008507070365000001,0.021942549399999997,0.005311924500000001,0.850798965,0.001954216694534658,0.5759263263366448,3.292668581783705e-10
51,11,0.01022153024,0.0222298773,0.0063090145100000005,0.932883978,0.001635613536264781,0.6066206670402295,3.6590334017884993e-10
52,86,0.0283306055,0.0427835248,0.0210552998,7.98157024,0.0004405338635493474,0.9206817983041596,7.293074913240983e-08
52,83,0.02733980865,0.041942188500000005,0.0208221758,9.29946899,0.0002802230933213934,0.9112765139236576,7.425096985901426e-08
52,84,0.027710916500000002,0.0422444176,0.020926198,10.0137186,0.0002942793495596969,0.9140675822934845,9.791900247722354e-08
53,96,0.0146477744,0.0371294208,0.018094111250000003,36.396946,8.632173140968583e-05,0.7876642129247686,1.529168550523857e-06
53,94,0.01449853275,0.03683036565,0.018025015499999998,34.0873985,0.0001555922392987316,0.7863248455545251,2.252669523885026e-06
53,93,0.01436424115,0.03655258005,0.017951316199999998,38.356514,0.00014005239362363235,0.7847169695141598,2.915533398321695e-06
54,1,0.0107921888,0.01800822375,-0.00213181111,1.19543564,0.002551184269977777,0.12440234877581664,1.2245426500320096e-09
54,2,0.011243165449999998,0.01827940905,-0.00145777251,1.17245376,0.003057499006061699,0.19373693631825487,1.3824577824587981e-09
54,0,0.01050588025,0.017699056300000002,-0.0024474512299999997,1.24679732,0.002934678864363218,0.06654940793986595,1.6033241499338176e-09
55,89,0.0336892381,0.05394929835,0.015931088500000003,10.9584074,0.00039326287761786517,0.9748927483009747,1.728452993177478e-07
55,90,0.0337590482,0.05468646995,0.0161819775,11.5248451,0.0003427383263211864,0.9824672321992673,1.7591427406297686e-07
55,91,0.0338300411,0.05538410505,0.01642735675,11.9116697,0.0003625430523904167,0.9904793986302713,2.0597986044680556e-07
56,96,0.02772321555,0.054631358,0.01689449325,7.16130114,0.0004760035710308111,0.9046229645895941,5.570142569376383e-08
56,101,0.02697735185,0.057229053200000005,0.0194119243,6.56782007,0.0006275226549149392,0.9663279395315364,5.626702241513946e-08
56,95,0.027954612900000002,0.054077584299999995,0.016428500399999997,7.84495831,0.0004202426631674969,0.8950484150803143,6.510726425740826e-08
57,43,0.028220403,0.0306973029,0.013346483900000001,4.83757973,0.00032541406108755575,0.767335038955234,1.15339665425614e-08
57,35,0.02660572345,0.0276704365,0.01203483625,5.47296333,0.0002247656789242022,0.7276952066921958,1.1647165236460551e-08
57,42,0.0279066078,0.0302163437,0.01303523775,4.77994394,0.00034505371008587666,0.7606354191142918,1.1787143884733428e-08
58,4,0.015044061000000001,0.01616719085,-0.005581756355,0.905997455,0.0030019684374166214,0.22870248003442104,6.132227080724502e-10
58,1,0.01448452565,0.01548584415,-0.006766155595,0.999069452,0.0022243560535673257,0.10930237659865516,6.139353431247388e-10
58,0,0.01427388705,0.015171239199999999,-0.006947726475,1.0240885,0.0028678642981229733,0.06155750574368301,8.541557495901262e-10
59,102,0.0240764506,0.0384914074,0.01802535915,15.2804966,0.0005453167328267845,1.0000000000000002,6.664371133850797e-07
59,55,0.0185744967,0.03369743375,0.0157013917,28.0945396,9.272877368175946e-05,0.8348767107705174,7.384660169078458e-07
59,101,0.023936483100000003,0.03831342235,0.0180450836,14.3205147,0.002135533886307119,0.9951840298787,2.137423602780147e-06
60,13,0.005907135315,0.0233690236,0.0036989136149999996,0.693157673,0.002481133028737834,0.7025605480561525,2.2256000399850896e-10
60,14,0.00790343783,0.02350416965,0.004767715235,0.819300294,0.0015207419698473367,0.7229240249480138,2.2820660938942097e-10
60,15,0.009597363880000001,0.02379333785,0.005699333505,0.943304718,0.0015166764064177011,0.7432330619621093,3.5119527574944045e-10
61,54,0.020016279050000002,0.0403777994,0.0184506178,6.2753377,0.0002124764297074218,0.912249049091108,1.6783964194404234e-08
61,55,0.0203143358,0.0407921448,0.0187603468,6.2336092,0.00024077615481680545,0.9149079833191847,1.8632859545594158e-08
61,53,0.01972963195,0.0399726089,0.018141006100000003,6.4496851,0.00021925089806473644,0.9099026337991186,1.884318082851297e-08
62,11,0.01307730655,0.021633545849999998,0.00526017556,1.05845988,0.0017213410614806172,0.5645913415465191,5.681496040530447e-10
62,4,0.0041542189450000004,0.0202334216,-0.0028632220349999998,0.887978673,0.0030188114005435104,0.23164659945039823,5.803490864517873e-10
62,0,0.00279921712,0.01930356025,-0.00384716387,0.947566926,0.0029080826229421486,0.06031503593365107,6.827694010685207e-10
63,12,0.009129668585,0.02211954445,0.0017916364,0.749738693,0.002072530438214901,0.6201917890347026,2.366721635847557e-10
63,14,0.01216665235,0.02262863425,0.004307503465,0.936865807,0.0011575447040614744,0.6695260254719593,2.624254420889455e-10
63,13,0.010787306345,0.02232557445,0.00317226199,0.861492753,0.0018352246655770057,0.6504445069639824,3.21402747641717e-10
64,62,0.02092352975,0.039111739,0.01998205765,5.61054373,0.0002544953559214247,0.9052782534453128,1.4241688400445484e-08
64,61,0.02049452905,0.038609547499999994,0.0197801534,5.62622261,0.0002613307703781585,0.9025350576965491,1.475034655934209e-08
64,63,0.021359805949999998,0.03960462475,0.020185451049999997,5.55607939,0.0002738394039391744,0.9082299579509222,1.4870953822045933e-08
65,3,-0.02554690465,0.00303519249,-0.00887098303,2.72982526,0.000850682528243936,0.027861298779071963,5.210980962971746e-09
65,88,0.01890150275,0.0419473685,0.019030486200000002,4.22602701,0.00024144017083442386,0.9161557231204196,5.676783787588247e-09
65,1,-0.0254938556,0.0027824121049999997,-0.0088585699,4.74096823,0.0006154501098758422,0.01176139658186283,2.0614380554960092e-08
66,68,0.015159268399999998,0.0363001879,0.016164233,39.0046692,0.0001285025472269325,0.8352156582889698,2.810514583252669e-06
66,70,0.0153417601,0.036736963299999995,0.016336261300000002,41.4540329,0.00014833397406179303,0.8375953154042312,3.913097509135072e-06
66,71,0.0154628004,0.037007229399999994,0.0164640602,41.1516762,0.00015639528765491392,0.8392787345128535,4.033841933103941e-06
67,0,0.007875471145,0.017509955,-0.00805295957,0.863862038,0.0030401570134322964,0.06150390072866222,5.366988459326248e-10
67,2,0.008362673689999999,0.01810544825,-0.0076769173599999995,0.851788819,0.003255713571001981,0.16040094183561576,5.503874127054014e-10
67,9,0.0141842831,0.02016283295,0.0011349523565000001,0.952453256,0.002330959632945935,0.5328252156665152,5.557275981279772e-10
68,81,0.03452837835,0.05372251015,0.016319154750000002,3.40415096,0.0003264963579929732,0.9836272686327657,3.9261602286234995e-09
68,82,0.034666283049999996,0.054434888099999995,0.0165493861,3.53951192,0.0002991472505310907,0.9895595954582169,4.055966255621814e-09
68,84,0.034927133449999995,0.05574099345,0.01697379255,5.80683279,0.00019626414117341134,1.0000000000000002,1.2210818911984239e-08
69,3,0.022582128649999998,0.003556284935,-0.014669103999999999,2.20582509,0.0012524557048875515,0.065406629250692,3.970795100025824e-09
69,2,0.0225370722,0.0032160317049999996,-0.014696951,2.59007668,0.0011523539630640713,0.0409433099286166,5.988872358832819e-09
69,1,0.02248259915,0.0030536515399999997,-0.01468495465,3.74802589,0.0006267018095356877,0.018435206160566396,1.0156900121559084e-08
70,11,0.019365980300000002,0.01708429865,-0.0007818437885,0.976176441,0.0018292961290064453,0.5543973737341297,4.701988041486851e-10
70,13,0.019801629699999997,0.0184131805,0.0021383994,1.1817553,0.0010463122334084974,0.6046995627045861,4.842907117443629e-10
70,12,0.01956308725,0.0177564714,0.0008242985915,1.10965788,0.001602774408141308,0.584831659986152,6.111917379075646e-10
71,11,0.016089824949999998,0.01881349645,-0.002407871655,0.79369843,0.0024803165831783205,0.5652271781096347,3.3735173651429577e-10
71,13,0.01741782015,0.019800324950000003,0.00119898992,1.04088116,0.001364915790674573,0.6237314991054635,4.2763006507800037e-10
71,12,0.016788286149999998,0.01928584465,-0.00042246841000000005,0.94233638,0.001894997643686235,0.5992359187295514,4.371484155141504e-10
72,14,0.007105886004999999,0.02380487695,0.0021815781949999996,0.731782675,0.0020473193658898732,0.737576643967614,2.1699562055653056e-10
72,17,0.011338260950000002,0.024415845999999998,0.0051252807050000005,1.00131428,0.0008336031871917862,0.7790976629196634,2.3193825442148067e-10
72,15,0.008985249795,0.023939261250000003,0.00349223183,0.887998343,0.0017526622561730232,0.7590230666057042,3.3696393956347106e-10
73,41,0.01575140425,0.0348740872,0.014922089400000001,5.25141048,0.00024397966363709356,0.8888232502363047,1.1139746860793763e-08
73,55,0.019946806150000003,0.0412993487,0.0190249365,5.4963212,0.00022246012031095736,0.9201877680520495,1.1686933539186402e-08
73,53,0.019331279200000002,0.040439121450000004,0.01837098505,5.44913244,0.0002472033473763449,0.9153228325049155,1.2646709357713438e-08
74,12,0.01228179505,0.0213193167,-0.000255258172,0.784386516,0.0016823463496676,0.6177698240040117,2.2075318167777921e-10
74,14,0.014665246,0.02200805955,0.00274929404,0.977379858,0.0009265496348571409,0.6667124592267831,2.392674665868004e-10
74,13,0.0135598248,0.02162950205,0.0013792384989999998,0.918853641,0.002001719037203967,0.651226250182076,4.274477906590968e-10
75,17,0.0137495552,0.0235148342,0.0034221602800000002,1.01282001,0.0006887037018437183,0.7485018805101824,1.984871346294052e-10
75,16,0.0128720221,0.0232079858,0.00257189758,0.96580857,0.0010930250070223984,0.739046041156045,2.7214629178376154e-10
75,15,0.011458700499999998,0.02289386375,0.001145576884,0.882208347,0.0020564054580143078,0.7240389069577102,3.8749487510347603e-10
76,3,-0.022537879650000002,0.003334955425,-0.01503336525,1.8018868,0.0018865911087436252,0.04895263601295884,3.212598397367816e-09
76,2,-0.022541148599999998,0.002810851435,-0.01503826865,2.4791224,0.0010007165876491943,0.024662074867300602,4.549556329664505e-09
76,1,-0.0225063935,0.00264133967,-0.0150156305,5.35023451,0.0006070116120381765,0.011777477166659943,2.9446891095405805e-08
77,3,-0.0198369138,0.00952334468,-0.014079900900000001,0.808924079,0.003693726457151999,0.1555937167986013,5.33284795211438e-10
77,26,0.00547729898,0.027030766,0.0048498050299999994,1.2133379,0.0012304801160005535,0.8113780499359168,6.186902271869668e-10
77,2,-0.019985897449999998,0.00849585235,-0.01422412275,0.897029459,0.0033094212197369724,0.11220600209295883,6.567987368890009e-10
78,82,0.031925994900000004,0.0560522117,0.016813626499999998,2.39685726,0.0002867080415898907,0.992310973511367,1.1706995357342163e-09
78,84,0.031997483199999996,0.057228041800000004,0.0173271671,5.50579453,0.00010678194029330292,0.9999999999999999,5.637712357112155e-09
78,83,0.03196723575,0.0567455236,0.017115363850000002,4.41056442,0.00032494545365229426,0.9980982231404887,8.668678337589047e-09
79,82,0.02647986915,0.04377407585,0.0120610427,9.03432083,0.00029040918100806573,0.8640384976983968,7.048516536833745e-08
79,78,0.0256666373,0.0418384969,0.0112403841,12.6258955,0.00011726445784149568,0.847029693171972,7.973515340613109e-08
79,81,0.0262326058,0.043136350850000005,0.0117655643,9.29144096,0.0003256431886791713,0.8590578721755404,8.616663349989813e-08
80,16,0.01844332645,0.0205076933,0.000247090124,1.38878012,0.0010888188864411862,0.689630725858707,8.285736416712573e-10
80,15,0.018061568950000002,0.019865820200000002,-0.0012944686454999998,1.24586952,0.001591809821133525,0.6718922067371673,8.671997082861523e-10
80,80,0.035190258200000005,0.0550173521,0.01716893165,2.2540338,0.00031554725823581425,0.9983787132158792,1.0660180410025499e-09
81,16,0.016508863300000003,0.02188098245,0.001719947555,1.12652075,0.0008425579696644611,0.7077535428650146,3.368314513775627e-10
81,15,0.015851962350000002,0.0214748895,0.00061052490535,1.05500114,0.0011587185872030364,0.6947746181985058,3.7854580406650463e-10
81,14,0.0149724963,0.02105436475,-0.0010235640196500002,0.948114455,0.0019656836152748295,0.6769254947026107,4.6224540396550154e-10
82,77,0.0341098197,0.053642421999999995,0.0181021383,1.098441,0.0008458393155368317,0.9964884188279841,3.129432876872266e-10
82,16,0.009206249845,0.0241198512,0.0014354804895,0.900967538,0.0016883435006164371,0.7677204446509469,3.394280699594685e-10
82,17,0.01066419203,0.024313456400000003,0.002727836955,1.01493824,0.0012603312665536628,0.7825036965667606,3.6558038986785084e-10
83,54,0.0193859646,0.03298526815,0.0118755633,10.3087263,0.0003206560917729045,0.8534226361056424,1.1671085813379525e-07
83,53,0.0189973116,0.032611632700000004,0.011609903049999998,10.6376438,0.0003151557657923643,0.8500698965676996,1.2635088438602118e-07
83,44,0.01712767965,0.03117378145,0.0106008467,23.938961,8.118798303597556e-05,0.8352240144426798,3.950912393759017e-07
84,17,0.0135382768,0.0231479965,0.000390149944,1.09561408,0.0010028098106184763,0.7503738561237118,3.680992960468539e-10
84,18,0.0142921517,0.0234517222,0.0014133822965,1.18989265,0.0008256039287762784,0.7612593071611219,3.907099801774198e-10
84,16,0.0125158485,0.02287775465,-0.0010821601625,0.981626034,0.0018220456585890993,0.7371519748888419,4.769397691267495e-10
85,105,0.02323633435,0.0487674307,0.020087889400000003,3.81078553,0.00024789324336916543,0.941445275758375,4.22941032787806e-09
85,2,-0.01797948495,0.00284113304,-0.0202630479,2.35683131,0.0011019194181795258,0.025815065239695886,4.284405595127421e-09
85,1,-0.01795157695,0.0026584551650000003,-0.02023107,5.41270304,0.000605746424091901,0.011696962774259623,3.043319822348658e-08
86,41,0.015281166450000001,0.0315505173,0.010565821100000001,3.10082436,0.0002647870643856876,0.8612587907080821,2.3901071099566697e-09
86,60,0.021162698049999998,0.0403000731,0.0171932541,3.61640191,0.00020833559458384215,0.9079231605084774,3.0190717519595426e-09
86,59,0.0208382392,0.03986367955,0.0168300308,3.54297471,0.000232901664536383,0.905547632233435,3.1685777939105986e-09
87,81,0.027377667799999998,0.04347910175,0.013513376,8.82132626,0.0003128024533513431,0.8708324789518695,7.049693088853482e-08
87,79,0.02686794285,0.042643234099999996,0.013027931100000001,11.2949133,0.00016561022726333349,0.8629406607053515,7.986859295910142e-08
87,78,0.026691638849999998,0.04236781595,0.0128809251,17.0065441,9.190120997967778e-05,0.8603717630566344,1.5617831255751227e-07
88,84,0.019794653199999998,0.04304310305,0.01371280665,10.241498,0.00021412885872606346,0.863463633986164,7.689659926188948e-08
88,86,0.0199904386,0.04394165055,0.01435264525,10.0699177,0.00023693874348393052,0.8706600298819347,8.077652057315529e-08
88,85,0.01989290585,0.0434887074,0.0140317269,10.1786432,0.00022935138706812428,0.8670032829567142,8.081737956619541e-08
89,15,0.015556844850000001,0.0214111041,-0.004110609765,1.08958352,0.0019982913456465666,0.6963597286028974,7.208266957219266e-10
89,17,0.0164286103,0.0223970292,-0.0008416262579999999,1.49072933,0.0008486783488234517,0.730096795957962,8.033575621043759e-10
89,16,0.0160222221,0.0219244221,-0.002231443885,1.35367739,0.0014088757695484638,0.717414079568558,9.911353112842822e-10
90,16,0.013924169350000001,0.0226532407,-0.002322315585,1.13838673,0.0016525793220981961,0.7342633121682834,6.822928168982233e-10
90,18,0.01534558645,0.023483527849999998,0.0005951595938499999,1.43962145,0.0008408636921406038,0.7620676827237834,7.15043439962193e-10
90,17,0.0146883107,0.023047219049999998,-0.0006759444361500001,1.32829976,0.001194837933279127,0.7505828534192321,7.931277624315605e-10
91,18,0.01014069191,0.025050991199999997,0.00175091543,1.15170026,0.00128756984629494,0.7900255427811058,5.511138897448544e-10
91,75,0.033433781950000005,0.0515054539,0.01847094205,1.58016896,0.0006850522133964594,0.9865286085004914,7.761766401758118e-10
91,76,0.03419788555,0.053150136,0.0189839592,1.92268693,0.0008062562600343966,0.9958005805453043,1.6708834823191e-09
92,77,0.0330333449,0.05218197965,0.0185825685,2.39370346,0.0007004859324077512,0.9860188150513552,2.8489679884062185e-09
92,76,0.0323996339,0.0506964773,0.018094102850000002,2.50761557,0.0006886887875488067,0.9774819345501256,3.231855586335974e-09
92,78,0.03370770995,0.05371027815,0.0190399522,2.63196015,0.0008176725001137507,0.9959838580303334,4.45345075157563e-09
93,1,-0.01306973025,0.0030465753499999996,-0.0234626634,3.03661513,0.000628884084956614,0.012348843410890892,5.326362244526775e-09
93,3,-0.01310342225,0.003331516055,-0.02353745235,2.80883646,0.0008252563712321726,0.03374240569537511,5.498290378360209e-09
93,2,-0.01309269575,0.003148976015,-0.023508972500000003,4.450912,0.0008144547572616051,0.022975159397034265,2.2377357279059955e-08
94,63,0.0207718015,0.0407658499,0.0165039124,5.63187695,0.0002311162807093923,0.9018082950443497,1.3093577491309046e-08
94,61,0.0201775152,0.03983155825,0.015768403650000002,5.87557983,0.00022327026261248644,0.8961293997442935,1.4410564982902201e-08
94,62,0.02047299315,0.04030104355,0.01613525765,5.72196245,0.00024631562654823207,0.8990592430008322,1.4653144441463626e-08
95,68,0.0264169285,0.04106726685,0.014440188650000001,11.2520285,0.0002474482796514342,0.8599639259654284,1.178858855349183e-07
95,71,0.0274601737,0.0421622284,0.0151445153,12.4711285,0.00019331164068686765,0.8676488285936865,1.2639553287307594e-07
95,72,0.0277929669,0.04258251565,0.015384455200000001,11.9776974,0.00022125194940510068,0.8706125853363595,1.2776184691550108e-07
96,4,0.00381910708,0.0033490213100000003,-0.026780124750000002,2.14523053,0.0014525761357888725,0.049992694614099435,4.23085152998507e-09
96,3,0.003797290965,0.002991343615,-0.02677587325,2.72555876,0.0007265022259970304,0.029071088447775582,4.42130696083885e-09
96,1,0.0037794409999999997,0.00277589273,-0.026726434950000003,4.74611807,0.0006149888763984158,0.013404048124843077,2.063232837206384e-08
97,74,0.0286882538,0.04318998195,0.01676914005,8.08223248,0.00024988084901369915,0.9100845171303418,4.299938884082023e-08
97,73,0.02839037495,0.04274381695,0.0165361818,9.23458958,0.00018677907292582018,0.9069494399572521,4.8441153212367375e-08
97,72,0.028105922050000003,0.0423527863,0.0163283022,10.6101313,0.00018800182910598144,0.9046060558593837,7.475561009007706e-08
98,85,0.0242378516,0.04742578415,0.0201994786,3.00664759,0.00020830549528638083,0.9456013401056332,1.7097854560503726e-09
98,2,-0.005670448535000001,0.006236747605000001,-0.02526461335,1.27176559,0.0036136525373564425,0.10379650790837165,2.099537859552589e-09
98,1,-0.005737073485000001,0.005467442330000001,-0.02527184225,1.6602273,0.002060337008185131,0.056685866185803596,2.7188949305094036e-09
99,114,0.023471780150000003,0.05213804725,0.02038322945,7.12105131,0.00025661053772903204,0.9475194880508804,2.992868965765016e-08
99,115,0.02378984265,0.05264705975,0.02060479295,6.791996,0.00031587228317256214,0.9517280170079913,3.1848430347203146e-08
99,0,-0.004223545545,0.0019829481600000002,-0.026973717850000002,7.55680895,0.00030966001662268724,0.004125759733417552,4.3359646371293013e-08
