exposure_s,n_present,fraction_present,p10_Pa,median_Pa,p90_Pa,p99_Pa,mean_Pa
0.0,4915,1.0,0.05409040082,0.0956258774,0.23964920660000025,0.4930952364999997,0.12371609333696847
0.0003552173868792849,4915,1.0,0.05414417149769312,0.09568934171756105,0.23939662784472093,0.4971722387805604,0.12380095297294404
0.00036372876839819524,4915,1.0,0.05414444874279905,0.0956902671919678,0.23933686749226685,0.4971804546895961,0.12380298629891293
0.0003724440915540758,4915,1.0,0.054144732630988776,0.09569121484171297,0.2392756752190278,0.4971888674604379,0.12380506834550672
0.00038136824300265894,4915,1.0,0.05414502332143757,0.09569825326956771,0.2392130167146785,0.4971974818101013,0.12380720028012279
0.0003905062264890784,4915,1.0,0.05414467706115074,0.09570649894658989,0.23914885684678222,0.49723657913328057,0.12380938329813052
0.00039986316565345566,4915,1.0,0.05414414626402124,0.09571299801095817,0.23908549700234372,0.497364926063011,0.12381161862354159
0.00040944430690370754,4915,1.0,0.05414360274843526,0.09571534669249707,0.2390558250279915,0.4974963483199244,0.12381390750969623
0.0004192550223571928,4915,1.0,0.05414405726551862,0.09571775165091143,0.2390254420819823,0.49763091959208866,0.1238162512399662
0.0004293008128528422,4915,1.0,0.05414441755744455,0.09572021423465427,0.2389943311286888,0.4976922851551767,0.123818651128474
0.0004395873110354624,4915,1.0,0.054140952834656635,0.09572273582448897,0.23896247472429216,0.4977396921880576,0.12382110852083002
0.0004501202845139426,4915,1.0,0.05413614139795541,0.09572531783426341,0.2388842165648409,0.4977882351432171,0.1238236247948868
0.0004609056390951376,4915,1.0,0.054131810108092614,0.09572796171170282,0.23876046838659343,0.4978494727242339,0.12382620136151175
0.0004719494220952334,4915,1.0,0.05413035502609076,0.0957303455665741,0.2386590355498916,0.4979241309641246,0.12382883966537805
0.000483257825730461,4915,1.0,0.05412886507879651,0.09573153426387243,0.23862823976025974,0.49800057809382386,0.12383154118577483
0.0004948371905890535,4915,1.0,0.05412733943080086,0.09573275144360599,0.2385828411319261,0.4980788569770097,0.12383430743743654
0.0005066940091863944,4915,1.0,0.0541257772266775,0.09573918608432405,0.23853635470479528,0.4981420543684279,0.12383712148544082
0.0005188349296053519,4915,1.0,0.05412417759050325,0.09574216225959466,0.2384685286787275,0.4981635509262734,0.12383999173938752
0.0005312667592238409,4915,1.0,0.054122539625366874,0.09574520974714933,0.23834293589848835,0.4981855625642133,0.12384290692065159
0.0005439964685316959,4915,1.0,0.054120862412866184,0.09574833025570524,0.23824583253155254,0.49830791602947916,0.12384585919298781
0.0005570311950390068,4915,1.0,0.05411914501259314,0.09575152553492226,0.2380954489888173,0.49845757716320577,0.12384882118622112
0.0005703782472780987,4915,1.0,0.05411738646160652,0.09575479737638393,0.23790674450711374,0.49855584900908495,0.1238516032847079
0.0005840451089014039,4915,1.0,0.05411558577389202,0.09575759641866227,0.23771351846791489,0.49869325380926527,0.12385431692864354
0.0005980394428775234,4915,1.0,0.05411374193980941,0.09575082109201401,0.23751566252995612,0.49892277350971254,0.12385694361515501
0.0006123690957878325,4915,1.0,0.054111853925526414,0.09574510596000661,0.23731306575600242,0.49915779274314653,0.12385949255533411
0.0006270421022260326,4915,1.0,0.054109920672439034,0.09574664833182796,0.23710898641169537,0.49939306383896703,0.12386199095326868
0.0006420666893031258,4915,1.0,0.05410826822120111,0.09574822766049741,0.23694347916443123,0.4996339159809099,0.12386454175167902
0.0006574512812603312,4915,1.0,0.05410883948625482,0.09574984483153987,0.23677400618976283,0.5000230319447379,0.12386719942414995
0.0006732045041925317,4915,1.0,0.05410970846742342,0.0957515007516983,0.23660047246469812,0.500359038043466,0.12386989170293128
0.0006893351908848999,4915,1.0,0.05411059827029312,0.09575319634944222,0.23642278068939437,0.500589496977155,0.1238732196754962
0.0007058523857654136,4915,1.0,0.054111509393773745,0.09575692972703656,0.2362408312326025,0.5002577862510437,0.12387741091089585
0.0007227653499760426,4915,1.0,0.05411244234872953,0.09576223822879429,0.23605452207580405,0.49991668353107815,0.12388203086033055
0.0007400835665654389,4915,1.0,0.05411339765826552,0.09576767392782734,0.23586374875600974,0.49958041449222584,0.12388674557014785
0.0007578167458060568,4915,1.0,0.054114375858020945,0.09577323987191595,0.23567556458096492,0.4994175069090405,0.12389173114548609
0.0007759748306386733,4915,1.0,0.054115377496469476,0.0957789391818684,0.23559727659039556,0.4994356268496449,0.12389692293873097
0.0007945680022473641,4915,1.0,0.05411640313522682,0.0957847750532708,0.2355478396489079,0.49949167212047707,0.12390220104351643
0.0008136066857680668,4915,1.0,0.054118820604319745,0.09578080190579369,0.23549721814640023,0.4995939698480463,0.12390746605547193
0.0008331015561339184,4915,1.0,0.05412473983387724,0.09578681842524882,0.2354459091767108,0.49969871873656674,0.12391266426342354
0.0008530635440606618,4915,1.0,0.05413080089438932,0.09579318905542947,0.2354176696572365,0.4998059775184279,0.12391812430414247
0.0008735038421754652,4915,1.0,0.05413700718427454,0.0957908880963082,0.23538875348922803,0.49970199820681055,0.12392374931849477
0.0008944339112925943,4915,1.0,0.05414336218338116,0.09577945027680888,0.2353744747699961,0.49977831634306596,0.12392934146643768
0.0009158654868394566,4915,1.0,0.05414986945493824,0.0957845155679148,0.23536348050866787,0.49988956698560827,0.12393469416811799
0.0009378105854366205,4915,1.0,0.05415233915748495,0.0957836491026969,0.23535222281329576,0.5000263351113262,0.1239400256496987
0.0009602815116355013,4915,1.0,0.05415268921111121,0.09578167721817095,0.23534069537172353,0.500026039191947,0.1239454333542603
0.0009832908648174817,4915,1.0,0.054153047652389874,0.09578409587573268,0.23532889172054897,0.5001381443332814,0.1239509389345518
0.001006851546258351,4915,1.0,0.05415341468229788,0.09578657248686885,0.23531680524150006,0.5004391292424574,0.12395650967563757
0.0010309767663620106,4915,1.0,0.05415379050662782,0.09579075177777709,0.2350931695332589,0.5005148219161706,0.12396251771934234
0.001055680052067509,4915,1.0,0.05415417533610326,0.09579908134981986,0.23485635845503705,0.5006227439369281,0.12396867542708505
0.0010809752544335542,4915,1.0,0.05415456938649696,0.09580727563254907,0.23461387313476206,0.5008197256952206,0.12397493145468941
0.001106876556404766,4915,1.0,0.05415497287875179,0.09580815680093765,0.2343655776116371,0.5017241688553284,0.12398134142881587
0.001133398480764004,4915,1.0,0.05415538603910465,0.09580905908304593,0.234111332667102,0.5026153345998589,0.12398791599645939
0.0011605558982752534,4915,1.0,0.05415580909921333,0.09581699239228178,0.2338509957467737,0.5029781866510229,0.12399487417607273
0.0011883640360216166,4915,1.0,0.054156131454328266,0.09583184539164642,0.23358947112820316,0.5033497330182773,0.12400199654071514
0.0012168384859430935,4915,1.0,0.054156460744670745,0.09584705428446946,0.2333430472503222,0.5032926621184224,0.12400908464189982
0.0012459952135789355,4915,1.0,0.05415542985379565,0.09586254077726049,0.23309071879761611,0.5028587656625821,0.12401631794157027
0.0012758505670194752,4915,1.0,0.05415334866921833,0.0958695970039908,0.2328454181562702,0.5037227103006758,0.12402370171361461
0.0013064212860724566,4915,1.0,0.05415121761727359,0.09587682230532162,0.2325411718408974,0.5044695100937312,0.12403095931696347
0.0013377245116489875,4915,1.0,0.054157858720783214,0.0958842207324579,0.23225170052706337,0.5048112730326443,0.1240383054964888
0.0013697777953744032,4915,1.0,0.05415822939824335,0.09589179643367571,0.23211377365414304,0.5050270211117371,0.12404576803990698
0.0014025991094294087,4915,1.0,0.05415860895752459,0.09590378575554363,0.232096537726019,0.5051722931885915,0.12405333184331725
0.0014362068566270254,4915,1.0,0.054158997611444694,0.09592217765427685,0.23209593270402767,0.5060829892811677,0.1240610472664161
0.0014706198807309995,4915,1.0,0.05415939557792075,0.09592600533744866,0.23190942568414769,0.5064565625961862,0.12406888584248851
0.0015058574770214356,4915,1.0,0.054159803080091384,0.0959299247359278,0.2315435998086469,0.5068079577742133,0.12407683122052249
0.0015419394031136084,4915,1.0,0.054160220346441856,0.09593393804730933,0.23109459712506983,0.5071221210227473,0.12408481297642118
0.0015788858900359977,4915,1.0,0.05416053182549836,0.09594121852911375,0.2304595625435113,0.5071958877091213,0.12409282098263015
0.0016167176535737647,4915,1.0,0.05416117335998691,0.09595015995737924,0.2301536506455901,0.507379167627989,0.12410029134643111
0.0016554559058840326,4915,1.0,0.05416283358279387,0.09595931563165326,0.22999123410966715,0.5085504859639588,0.12410652450617483
0.0016951223673894787,4915,1.0,0.05416453358628228,0.09596869068549507,0.22992246743060246,0.5095715268776168,0.12411219377246782
0.001735739278956909,4915,1.0,0.054165606363527734,0.0959826043697256,0.22966810169909413,0.5108117218407457,0.12411764256174097
0.0017773294143676544,4915,1.0,0.05416653037912184,0.09602141362534578,0.22920036970722352,0.5107391018191639,0.12412215289493675
0.0018199160930867492,4915,1.0,0.05416674963133302,0.09602842422332583,0.22904819751088806,0.5106319221383652,0.12412493987718622
0.0018635231933380948,4915,1.0,0.05416697413705736,0.09605045796451109,0.22861662030683225,0.5104726327905844,0.1241251489189191
0.0019081751654929059,4915,1.0,0.05416720402217455,0.0960572688776095,0.22850302180681997,0.5107733132090511,0.12412383283488608
0.0019538970457789588,4915,1.0,0.0541674394155805,0.09608343388743625,0.2284666175065795,0.5112118540842387,0.12412172061893649
0.0020007144703183383,4915,1.0,0.054165365001951654,0.09609477944480066,0.22850528055201275,0.5116913412079936,0.12411830262750921
0.0020486536895015224,4915,1.0,0.05416673651063945,0.0961039136065427,0.22829818405166616,0.5121904137411847,0.12411058225364735
0.0020977415827059063,4915,1.0,0.054168179981262894,0.0961132666323897,0.22805546184271858,0.5138389730744363,0.12409942920062063
0.0021480056733669873,4915,1.0,0.054168438759673226,0.09612437458205293,0.22783013985768685,0.513709149307906,0.12408356420075202
0.0021994741444106734,4915,1.0,0.05416870373868595,0.0961341972679417,0.22758739461960234,0.5146108186329605,0.12406595055562207
0.0022521758540553645,4915,1.0,0.05416897506687401,0.09613016282779399,0.2273388329507643,0.5157325028828005,0.12404609152432494
0.0023061403519926693,4915,1.0,0.05416925289637031,0.09611559331747538,0.22708522840900006,0.5166606188147209,0.12402362480037499
0.002361397895955837,4915,1.0,0.05415989939516295,0.09612834388939119,0.22684374225350978,0.5175013250056343,0.12399851495716471
0.0024179794686851656,4915,1.0,0.05415973650064177,0.09614743091641804,0.22659646983620677,0.5169985511861533,0.12397120762379508
0.002475916795299939,4915,1.0,0.054159569702996846,0.09616266776019897,0.22643261208545795,0.5163933353153682,0.12394268850649995
0.0025352423610866077,4915,1.0,0.054161005725256874,0.09616725062443522,0.22595822536636098,0.516803167261491,0.12391246927269794
0.002595989429713187,4915,1.0,0.05415922402200309,0.09618160801900716,0.22564919624107185,0.5175125917873951,0.12387926268326775
0.002658192061880109,4915,1.0,0.05415904494483196,0.09618928859465885,0.2253428265552905,0.5183376065425204,0.12384454929159452
0.002721885134417938,4915,1.0,0.0541588615767838,0.09619475084411332,0.22500639785835347,0.5188260038473399,0.1238074468204466
0.0027871043598427184,4915,1.0,0.05417251443352069,0.09620034397479933,0.22471066371009452,0.5189144933585603,0.12376872499847358
0.0028538863063798715,4915,1.0,0.054195027869614526,0.09619642469848078,0.22428065323759924,0.5189096323038075,0.12372919372951889
0.0029222684184678914,4915,1.0,0.05420661266459043,0.09617982762774147,0.22350179130336112,0.5207051812728031,0.12368851007569627
0.0029922890377533304,4915,1.0,0.054234236290351394,0.09619568213274907,0.22320809913838305,0.521440087564062,0.12364676128309346
0.0030639874245888448,4915,1.0,0.05426437359391134,0.09621201286909539,0.22308589749537405,0.5231108554246052,0.12360287223537499
0.0031374037800463565,4915,1.0,0.05426478419804409,0.09623038527663438,0.22282068354412063,0.5231622095814694,0.1235575335598855
0.003212579268457684,4915,1.0,0.05423263474487594,0.09624662812719567,0.22271401061681803,0.5242393679448869,0.12351097252154565
0.003289556040495246,4915,1.0,0.05422454681962505,0.09627090070490311,0.22297765621104923,0.5258883220845394,0.12346346217165882
0.003368377256805826,4915,1.0,0.05422779014563317,0.09628083837119877,0.22276415609899655,0.5271440772388265,0.12341497156794129
0.0034490871122106136,4915,1.0,0.05422995320759403,0.09629911319966697,0.22245852889938642,0.5277168737148923,0.12336554196260165
0.0035317308604851244,4915,1.0,0.054213797025717825,0.09630946430498509,0.22201715968204755,0.5296937882048176,0.12331495499849875
0.003616354839732834,4915,1.0,0.05420896022832657,0.09631788660331263,0.2216931513764177,0.5305947138764556,0.12326341551057328
0.00370300649836683,4915,1.0,0.05421805504236333,0.09635660720958038,0.22140020783773592,0.5313763345181297,0.12321032640285934
0.0037917344217139916,4915,1.0,0.05424910238560791,0.09637669753896302,0.2208751541666462,0.5326003235395755,0.12315566528758747
0.0038825883592566376,4915,1.0,0.054285829499785186,0.09639726925372975,0.22066749335570063,0.5345621052733102,0.12309848433442305
0.003975619252526914,4915,1.0,0.05427626471837785,0.09642014017697406,0.22034930061609792,0.5359645308104497,0.12303851414527811
0.004070879263669558,4915,1.0,0.05425256531068869,0.09643030030836379,0.22005152674115291,0.5372339311841606,0.1229759892281682
0.004168421804689058,4915,1.0,0.0542552350889789,0.09644825132205073,0.21971927963778995,0.5408816064848018,0.12291225667244036
0.004268301567397601,4915,1.0,0.05429414270444609,0.09648460484219462,0.219256816065577,0.5400984007252254,0.12284547842118375
0.004370574554080625,4915,1.0,0.05432271138072774,0.09649063774354784,0.2186754197770939,0.5410892706205652,0.12277496764957084
0.00447529810889711,4915,1.0,0.05436235113024858,0.09651672221564819,0.2181380043545328,0.5398335334062939,0.12269981199453976
0.0045825309500322885,4915,1.0,0.054367495247779916,0.0965141967038544,0.2175482854949639,0.53915383528125,0.12261646457458122
0.004692333202620769,4915,1.0,0.054372762623767924,0.09653893643844538,0.2167154709191726,0.5391709384086035,0.1225306372235097
0.004804766432458496,4915,1.0,0.05437815621161462,0.09655956053156728,0.21636015484220414,0.5396873637373122,0.12244210760002965
0.004919893680522526,4915,1.0,0.0544311886682532,0.09657588407429037,0.21588639051820802,0.5387571310962501,0.12234913308799726
0.005037779498317908,4915,1.0,0.054443925974867885,0.09658109338770512,0.21552668482238171,0.5386612496963762,0.12225591838615439
0.005158489984071523,4915,1.0,0.05450306020600342,0.09660494905248979,0.21478224369641127,0.5373997140701203,0.12216369039362328
0.0052820928197931626,4915,1.0,0.054461754818322855,0.09661062763461609,0.21468695352320266,0.5373694259669946,0.12207562450947661
0.005408657309224628,4915,1.0,0.0544821848259614,0.09662908108704224,0.21418696140585675,0.5363744397023525,0.12198873074803145
0.005538254416698137,4915,1.0,0.05455504817694103,0.09664043069569658,0.21325021269430633,0.5347392593921839,0.12190676711550961
0.005670956806925807,4915,1.0,0.054574685784180746,0.09666732507889156,0.21241416155085577,0.5335498534425084,0.12182868906687071
0.005806838885742539,4915,1.0,0.05462312351109725,0.09671929705442654,0.21218381731015004,0.5333182801602222,0.12175522475546194
0.005945976841825175,4915,1.0,0.05464328154246263,0.09680581637333456,0.21161638318566683,0.5323934315856208,0.1216878645933952
0.006088448689411222,4915,1.0,0.05466392258142268,0.09687364122335877,0.21108017215625463,0.5308026828987386,0.12162370244464618
0.006234334312041223,4915,1.0,0.05466431290870669,0.09696575506688847,0.21016127326483433,0.529452548780052,0.12156371620063132
0.0063837155073492345,4915,1.0,0.05470274670629895,0.09699022099073236,0.2094606214308789,0.5284505407796704,0.12150696032789926
0.006536676032926486,4915,1.0,0.05469639479909702,0.09705928938904802,0.20820862132580217,0.5270206666305888,0.12145162430169085
0.006693301653284032,4915,1.0,0.054751552480268896,0.09709847548728319,0.20741471964084027,0.5252423393713658,0.12139573829612008
0.006853680187940653,4915,1.0,0.05477478780456834,0.09717027718958826,0.20670196422995815,0.5237061073194575,0.12133979182225342
0.007017901560662995,4915,1.0,0.054791449458039876,0.09722446667866967,0.20547447695848464,0.5233072858225927,0.12128330127270628
0.007186057849885566,4915,1.0,0.054820617541231444,0.09731477324484641,0.20429528448318524,0.5230083536580363,0.12122714408583991
0.00735824334033883,4915,1.0,0.054853755195855794,0.09740344134525937,0.2033368397841173,0.5220530873393449,0.12117175889250859
0.007534554575914379,4915,1.0,0.05490606144571961,0.0975082175273003,0.20247425847707495,0.5205546473286726,0.12111705760127543
0.007715090413796801,4915,1.0,0.05493091987053069,0.09760741003147277,0.20126013032575474,0.5195365475823123,0.12106129484287384
0.007899952079892632,4915,1.0,0.0549716837010041,0.09771051374560723,0.20036712899157316,0.5178378219169405,0.12100496329086367
0.008089243225587382,4915,1.0,0.054975556114200144,0.09777827585920744,0.19907259265128754,0.5171829417083614,0.12094822620688334
0.008283069985862574,4915,1.0,0.05505309350574591,0.097831361927256,0.1983633624429389,0.5140797981694449,0.12089249617449023
0.008481541038805347,4915,1.0,0.05505889807103466,0.09791730790832474,0.1972451163662831,0.5121730274775385,0.12083747594323692
0.008684767666543868,4915,1.0,0.05510395874673665,0.09804125663351622,0.19642972858410201,0.5108827466649741,0.12078076211137834
0.008892863817642947,4915,1.0,0.05523560919191283,0.09810024246842712,0.19539256332360513,0.5082636984088884,0.1207239888740501
0.009105946170994627,4915,1.0,0.055290329812406024,0.09815538732536161,0.19468034020519356,0.5064694259284185,0.12066707180777633
0.009324134201239707,4915,1.0,0.055413498542931115,0.09827327805701544,0.19382536737138145,0.5041554984396247,0.12060922394899655
0.00954755024575681,4915,1.0,0.05540877436054036,0.09836721681744627,0.19298902485553418,0.5021311138532097,0.12055094232155211
0.009776319573256587,4915,1.0,0.05541692080822779,0.09845480825572059,0.19193379062895144,0.5011807690004234,0.12049396655018275
0.010010570454019506,4915,1.0,0.05546107174053149,0.09852505692777506,0.19062847813781822,0.4998072275171053,0.12043091518719302
0.01025043423181664,4915,1.0,0.05545590348377721,0.09867729839124735,0.1895396018224756,0.4980328953423883,0.1203660867008068
0.010496045397553683,4915,1.0,0.055494973188682045,0.0986789576137552,0.18899704140712803,0.49481797939911926,0.1203005524660419
0.010747541664679654,4915,1.0,0.05548231142155079,0.09893974254976827,0.18775991639001796,0.4928906792568881,0.12022828585842106
0.01100506404640237,4915,1.0,0.05565067119163838,0.09898477049026261,0.18707711572407829,0.49104690077253554,0.12015080186097071
0.011268756934754152,4915,1.0,0.05572256778916938,0.0991966633343154,0.18574240980091344,0.4892468905932956,0.12006584685880113
0.011538768181552028,4915,1.0,0.055803879511889046,0.09928248153445138,0.18442977013330678,0.48616760781480634,0.11997519912303585
0.011815249181297763,4915,1.0,0.05590176768257888,0.09954968161663584,0.1834590181509307,0.4842698335012265,0.1198828068388979
0.01209835495606433,4915,1.0,0.056054338516933526,0.09967702952753331,0.18214218801439433,0.4820768267069408,0.11978701423098105
0.012388244242416344,4915,1.0,0.056197945184029124,0.09990169979838771,0.18044304036721506,0.4798087475090515,0.11968492372323385
0.012685079580413134,4915,1.0,0.05631656120327804,0.10003989893839121,0.17950904183422192,0.478062380249807,0.11957661494743954
0.012989027404744502,4915,1.0,0.05644915470467201,0.10021648752729097,0.17833043042623728,0.47532851532814974,0.11946672452005604
0.013300258138050167,4915,1.0,0.05660496326430604,0.10042911253619416,0.17746427131000647,0.47248704613072057,0.11935527491164145
0.013618946286475196,4915,1.0,0.05672489223746821,0.10066410728408309,0.1765836527497924,0.47183227084075874,0.11924130601866044
0.0139452705375151,4915,1.0,0.05685241221905834,0.10079135868236991,0.1761122277578969,0.46661565606671407,0.11913951947912772
0.014279413860205401,4915,1.0,0.0570781285596448,0.10105040797202682,0.1752072785927232,0.46551003731143414,0.1190483590223041
0.014621563607711783,4915,1.0,0.05714343301544367,0.10118163307200322,0.17530058348153038,0.4624130606369874,0.11895626909283083
0.014971911622378471,4915,1.0,0.057257096540372136,0.10141221249019508,0.17434410055351635,0.45999739451375277,0.11886854370781208
0.015330654343293696,4915,1.0,0.05738341750070002,0.10169170140191185,0.1731461946825238,0.45771300795081327,0.11879491171880693
0.015697992916432445,4915,1.0,0.05751662401097293,0.10205470498097896,0.17176825243254382,0.4557066721844349,0.1187360803533372
0.01607413330743845,4915,1.0,0.057580838569391335,0.10234406268339288,0.1713980386120377,0.4536286831874003,0.11868783132158248
0.016459286417108518,4915,1.0,0.05768518106880762,0.10247788783741624,0.17077611322524844,0.45115410182961974,0.11865092860512864
0.016853668199643946,4915,1.0,0.0576242069685764,0.1027540351013805,0.17106908503632384,0.4495005884800021,0.11862443626669672
0.01725749978373541,4915,1.0,0.057610192133784856,0.1029917719958478,0.17092779258076551,0.44705751817972766,0.11860917547725672
0.017671007596549205,4915,1.0,0.057584377658739416,0.10324395873842417,0.17116414624984502,0.44742606998594947,0.11860539508945307
0.018094423490684207,4915,1.0,0.05755334439555403,0.10367131858926251,0.1718790024206849,0.4478843903861243,0.11861872574761258
0.018527984874171,4915,1.0,0.05745790198451945,0.10397066068074272,0.1714401063592996,0.4470784672319178,0.11864912068024525
0.018971934843585805,4915,1.0,0.05734942045746546,0.10436873221513401,0.172384468287246,0.4456872940515412,0.11869101972104107
0.019426522320354057,4915,1.0,0.05729219596450773,0.10460291066933466,0.17324736110641117,0.44263554491687496,0.11874297967869431
0.019892002190319856,4915,1.0,0.057231463550240114,0.1047319036555174,0.17399253958834232,0.44124763315850163,0.11881067391794471
0.020368635446659712,4915,1.0,0.05725304711559154,0.10505674154534844,0.17474500841460988,0.4417299894674146,0.11889924019210342
0.020856689336220688,4915,1.0,0.05721579730112465,0.10524302077375285,0.1759606729926952,0.43987828294479575,0.11900678823925268
0.02135643750936484,4915,1.0,0.057164694442221296,0.10554918880683968,0.17689276035442666,0.4403110095559737,0.11913625900885634
0.0218681601734042,4915,1.0,0.057052011011095784,0.10569043356138538,0.17882312458232033,0.44069704786847225,0.1192721383124077
0.022392144249712195,4915,1.0,0.056830022157473396,0.10567233959554133,0.18079697100966605,0.4383834104934642,0.1194123073006132
0.02292868353459957,4915,1.0,0.056720875263003005,0.10566657459499502,0.1820190548446943,0.43818742079246076,0.11956027639208269
0.023478078864045113,4915,1.0,0.05656831478672252,0.10562404495890322,0.18323497082259507,0.4377751664299237,0.11971477492889801
0.024040638282373534,4915,1.0,0.05645753758999877,0.10585867930845952,0.18393994220710363,0.4368263216630266,0.1198520189735817
0.024616677214974934,4915,1.0,0.0563110061976845,0.10611692350268775,0.18528494469900902,0.43576110064988627,0.11994550398397395
0.025206518645162913,4915,1.0,0.05615167989793497,0.10615645554586492,0.18660080963646414,0.437516043904037,0.12000792446074474
0.025810493295270385,4915,1.0,0.05595904211594362,0.10618420284468705,0.18767473295961898,0.43740824851967486,0.120034331934512
0.026428939812084547,4915,1.0,0.05576087563189125,0.10637439612122608,0.18839372004608143,0.43838532572454253,0.11997814543107774
0.027062204956725143,4915,1.0,0.05563056638513883,0.10660921153268435,0.18729459640414495,0.43714575326882765,0.11986164052388884
0.027710643799072433,4915,1.0,0.05538748367444731,0.1066260908355445,0.18482071066413333,0.43790080691399286,0.11967143010506058
0.02837461991685375,4915,1.0,0.05523861169149729,0.10643769706382253,0.18253269799522426,0.43291219564344946,0.11944611536149763
0.029054505599500475,4915,1.0,0.05498731427510445,0.10622157695127622,0.1811668734390097,0.43061585738501135,0.11918985639273579
0.02975068205688966,4915,1.0,0.05486104092247519,0.10614282503196577,0.17855842605772462,0.4325206183584873,0.11890261967905191
0.030463539633087188,4915,1.0,0.054646883753737115,0.10597851453943063,0.176246136821571,0.4278368323666462,0.11857173965602312
0.03119347802521257,4915,1.0,0.05450918257476815,0.10563920568871221,0.17382523165809843,0.4230870543781139,0.11826826692500637
0.03194090650754796,4915,1.0,0.054181615604722316,0.10560930877343448,0.1713373818055708,0.4316031855940532,0.11805189254075771
0.03270624416101697,4915,1.0,0.054000698207290136,0.10552699260938526,0.1696361117430299,0.43026625057379664,0.11788790323826971
0.033489920108162104,4915,1.0,0.05359632105974462,0.10514045965844843,0.16798393532835526,0.42902365288954736,0.11789353968020122
0.03429237375375255,4915,1.0,0.053632196851890794,0.10460086266858662,0.1685758604409065,0.43562784965487217,0.11803260363901803
0.035114055031157033,4915,1.0,0.053380045949293846,0.10386054673262803,0.17018626483664354,0.44636890274211366,0.118128762718763
0.035955424654620184,4915,1.0,0.053262305395714714,0.10311068087508053,0.17184976383943337,0.42969579599496444,0.11806966075823822
0.03681695437758362,4915,1.0,0.0529869738268261,0.10272191491012661,0.17429414252794603,0.427875587943053,0.11817803350371611
0.03769912725719666,4915,1.0,0.05279118000986492,0.10186583933916996,0.17654982317131498,0.43391702842462027,0.11836678827224326
0.038602437925165156,4915,1.0,0.05243369570193251,0.1009862708250939,0.17923329013683717,0.4317394937860529,0.1187974648486515
0.03952739286508984,4915,1.0,0.052166877353832554,0.10013491125795777,0.1835561159533776,0.4315986360930947,0.11931062096914909
0.040474510696450285,4915,1.0,0.05193789118267326,0.0998336500874423,0.18789218105021413,0.443964998526877,0.11977809552222936
0.04144432246539327,4915,1.0,0.05159320563665663,0.09958434114627351,0.19381774636618132,0.43241127555145514,0.12016437688496413
0.04243737194248878,4915,1.0,0.05133676059013411,0.09992650411824286,0.19981773487358814,0.42057513101491173,0.12089862038238068
0.04345421592762049,4915,1.0,0.051199661660122554,0.10019102589096661,0.20622146511709155,0.4204220171458404,0.12192695038710887
0.044495424562182,4915,1.0,0.05090531161508596,0.10045446304721967,0.2128238259251168,0.4224472114091959,0.1231303218004982
0.04556158164875312,4915,1.0,0.05062068188986823,0.10090553196759225,0.22090911950299144,0.4197371387055194,0.12457284750006836
0.046653284978436425,4915,1.0,0.05042488523420059,0.10145571283597715,0.22913209299218537,0.4220593329958829,0.12650587537523372
0.047771146666036934,4915,1.0,0.049762287256319496,0.10170291209845182,0.23775050235255468,0.4302064680594858,0.12889657085498046
0.048915793493273005,4915,1.0,0.04926971012408105,0.10199199654124907,0.24961944507566794,0.4463974103772347,0.1317068504727649
0.050087867260211,4915,1.0,0.048709975127901796,0.10230512880787548,0.26371226140159654,0.45861054362328696,0.13490816640533013
0.051288025145120646,4915,1.0,0.0482397509896823,0.10244493859408582,0.2792525973834765,0.48606749544317784,0.138881381775002
0.05251694007295309,4915,1.0,0.047654830395114624,0.10249521660089256,0.29620144921407865,0.5162512198815113,0.14377097682060713
0.05377530109264765,4915,1.0,0.04704046013019061,0.10289847918090474,0.3189059539804997,0.5920805202722978,0.15001289588551311
0.05506381376347967,4915,1.0,0.04616631427057469,0.10353081606112188,0.3469440987330096,0.6929809093526561,0.158393185550821
0.05638320055066549,4915,1.0,0.04546528982165216,0.10407950709745824,0.3788895473755385,0.8310951405428849,0.16952115543976035
0.057734201230446494,4915,1.0,0.04461422170917805,0.10607176101400798,0.4132138356439816,1.1245528893252992,0.18489855082036075
0.05911757330487945,4915,1.0,0.043799769072564484,0.1073502480386062,0.45484668820004986,1.238094663513511,0.19854430642987728
0.06053409242656583,4915,1.0,0.04318244038761655,0.10882529905708274,0.502654802499981,1.1722999343896863,0.20937656129790186
0.061984552833557596,4915,1.0,0.04241228134353784,0.11072812831308801,0.5588193654987939,1.2532141744198202,0.2261998250349617
0.06346976779468434,4915,1.0,0.04173684979686308,0.11294878423806819,0.6029020043450641,1.252104902822003,0.236498432532488
0.06499057006555063,4915,1.0,0.04124818478863268,0.11567173455114133,0.644847720515876,1.419118375329236,0.25149064649377806
0.06654781235545958,4915,1.0,0.04058138875471009,0.11838121564347319,0.6678811327900515,1.7925326842364477,0.269407709761563
0.06814236780552439,4915,1.0,0.04032725379464853,0.12165371832105282,0.6854850403652457,1.7540972984077086,0.27946436097988353
0.0697751304782362,4915,1.0,0.03985401540603915,0.12556361705816618,0.6684211720159076,1.847377499200479,0.28597111000569414
0.0714470158587619,4915,1.0,0.0394543443412567,0.13031879535185067,0.6757143473382311,2.0606609245816583,0.2932330114252133
0.07315896136825413,4915,1.0,0.03944376125803592,0.13326263081845116,0.6993853420982376,2.2032207695641444,0.2998395673230555
0.07491192688946056,4915,1.0,0.03944991591939043,0.1310072594637256,0.7287755497544053,2.2984809074093224,0.3108004277824288
0.07670689530492722,4915,1.0,0.0394260576931137,0.13150044522614995,0.763217112691895,2.6548901003617065,0.33692935135083035
0.07854487304809774,4910,0.9989827060020345,0.03954092588665226,0.13409552696264015,0.8339635549692204,2.6640628594003024,0.3380044350484576
0.08042689066761792,4909,0.9987792472024415,0.039784397972749005,0.13978722607809574,0.8759135063359587,3.0531465726527447,0.35540100535490093
0.08235400340516084,4909,0.9987792472024415,0.040098584112838676,0.14451157687018742,0.8813633012740093,3.096232619652739,0.3699738130348217
0.08432729178709798,4909,0.9987792472024415,0.04020688449237317,0.14993144735837008,0.9204840928399652,3.220723391139784,0.3853119793473278
0.08634786223034709,4909,0.9987792472024415,0.04058818958821502,0.15849084397299268,0.9600439336295256,3.583788911828433,0.3959094724786106
0.08841684766273682,4909,0.9987792472024415,0.04104052519802999,0.16444497592488724,0.9850588092401449,3.864312688873188,0.4098142551465422
0.09053540815823606,4837,0.9841302136317396,0.04123873760969904,0.16536595174032753,0.8975992039327938,4.132871727746191,0.40039396244110964
0.09270473158740382,4559,0.9275686673448627,0.04061759779313578,0.1586230083296375,0.8625253502127659,4.426761291592135,0.40053600051808164
0.09492603428342504,4342,0.8834181078331638,0.040603110727981284,0.15281983160419135,0.8688488154218542,4.59256710483061,0.40863250766711906
0.0972005617241045,4174,0.8492370295015259,0.04044327390949928,0.14813580704014295,0.9068161739796122,4.666610763716846,0.42089914586721167
0.09952958923020289,4022,0.8183112919633774,0.04049801367994198,0.1434772141410745,0.9768547208138059,4.511451883831733,0.42887902777649994
0.10191442268050516,3895,0.7924720244150559,0.04048320958508865,0.14237491862664123,1.0282350839767405,4.4895403126281215,0.4320692075232805
0.104356399244023,3792,0.7715157680569684,0.04090393616876709,0.14249191436042513,1.104169435516981,4.678041288765162,0.4555718860934294
0.10685688812974134,3688,0.7503560528992879,0.04142658990759314,0.14120084452822468,1.1880960790316848,5.2358503570343435,0.46560657955902374
0.10941729135433019,3596,0.7316378433367243,0.042159869712391246,0.1448125298500142,1.2579801544065743,5.27672978920655,0.4783193565052143
0.11203904452825057,3500,0.7121057985757884,0.04266452228769789,0.14607489689847375,1.2802850356513107,5.734433718098778,0.4968760050604277
0.11472361766069747,3388,0.6893184130213632,0.04324472982103686,0.14890631959236256,1.2262662597421015,6.023924080270113,0.4861921391714944
0.11747251598382945,3276,0.6665310274669379,0.044026709651538265,0.1499290102792559,1.1790718958586766,5.839506456355609,0.49234444263586147
0.12028728079674793,3181,0.6472024415055951,0.04487863144895274,0.1514625095031815,1.167748857188629,5.406221797416371,0.4820195011963191
0.12316949032969879,3087,0.6280773143438454,0.0458717286125369,0.15390822823365352,1.1499041203445115,5.130514281791711,0.47412330371291717
0.12612076062898192,2994,0.6091556459816887,0.04691099051213753,0.15512020596326925,1.13808897913091,4.715904980934294,0.4644911976857772
0.1291427464630628,2893,0.5886063072227874,0.047710563968585896,0.15560012022753297,1.1142167398579501,4.543162812279359,0.4661477613997604
0.13223714225039676,2792,0.5680569684638861,0.048652226459663286,0.1556614299432103,1.046607810334289,4.127494885982283,0.45690827666804407
0.13540568300948416,2691,0.5475076297049848,0.0499969710898598,0.15703768575285515,1.0764662466576966,3.7230350561950276,0.44963367364543166
0.1386501453316903,2601,0.5291963377416073,0.05142202516224446,0.1589197405928539,1.0195802212412455,3.5347723431401112,0.44605792776486136
0.14197234837737444,2498,0.5082400813835198,0.052139801590882565,0.16024333072539734,0.9906465670452276,3.3327259289919997,0.4323195694946975
0.14537415489588848,2412,0.49074262461851476,0.05433182080862708,0.16220149189618638,0.9787798814612801,3.5979323225115025,0.4372347294520119
0.14885747227001397,2320,0.47202441505595116,0.056095228017170956,0.16577663710055446,0.9450135503736895,3.5682809700365303,0.43328134635357374
0.1524242535854265,2237,0.45513733468972534,0.05837021584730479,0.17152879055329806,0.9516625214198576,3.8757875674134383,0.44695628334881166
0.15607649872578497,2150,0.43743641912512715,0.06086186769367116,0.17384233633845117,0.9529644404377838,3.8678821561274463,0.44415457585390783
0.15981625549406026,2067,0.4205493387589013,0.06353243278298809,0.17873302233557767,0.8950222314777061,3.758360127044887,0.4505182603324961
0.16364562076073247,1981,0.40305188199389624,0.06709400458443594,0.18489430737113097,0.944362208200405,3.740198210149258,0.4594512391922165
0.16756674163949953,1896,0.3857578840284842,0.07074097888803729,0.20225307098953388,1.0255519562356428,3.515618328983868,0.5017332836384009
0.17158181669115832,1813,0.3688708036622584,0.07529798526708155,0.22587336208144634,1.1347296159656728,5.176831759498225,0.6083416729777271
0.17569309715633014,1720,0.34994913530010174,0.08013352083718829,0.23348963664831685,1.37356377572971,5.328348889513196,0.6562115292099718
0.17990288821772513,1632,0.33204476093591045,0.08530839020803686,0.24249853438560467,1.6556095681264567,5.852136063529643,0.7119774061714987
0.18421355029265135,1557,0.3167853509664293,0.09152861912821147,0.266162139988436,1.8847793015892347,7.600685922034136,0.7957535764922198
0.1886275003564937,1475,0.30010172939979657,0.09850839136832498,0.2807140709429433,2.140503680784379,8.277788589304691,0.8503666527629631
0.19314721329790452,1403,0.2854526958290946,0.10592122772572103,0.3133536103686916,2.2215512007012332,8.781064506556575,0.8983114299983223
0.19777522330646718,1345,0.2736520854526958,0.11568117252445421,0.35880131396312276,2.054135757244924,9.863614460969925,0.8955518057685371
0.20251412529360746,1281,0.26063072227873857,0.1231792735849889,0.4176144764826386,1.8856471153863645,6.017692188159078,0.8297249138417605
0.20736657634755337,1229,0.2500508646998983,0.13362286517381444,0.47218477358186023,1.701195244185247,3.535150910788663,0.7419912028524668
0.21233529722315642,1119,0.22767039674465922,0.14432264312489956,0.4816829159731605,1.6108551411031682,3.3433910101062874,0.7003685077133226
0.2174230738674108,1039,0.21139369277721262,0.16371699623226185,0.4868048362177892,1.4336775180935057,3.5197757465885453,0.6914268589700358
0.22263275898152532,941,0.19145473041709055,0.1821484347028708,0.5244798252426933,1.4020073139893412,3.5955884464517136,0.6998727304560801
0.22796727362042538,858,0.1745676500508647,0.2016643321134017,0.5607727076331952,1.475146222751028,3.064108006117923,0.7396679850854075
0.23342960883057837,766,0.15584944048830113,0.2219430244735914,0.6721316340984103,1.5880228199093502,2.962197368178646,0.8392073820188253
0.2390228273270655,685,0.13936927772126145,0.226346005230348,0.7634072292840968,1.9562394691813194,3.5348867675575835,0.9502965999621998
0.24475006521083678,609,0.12390640895218719,0.2167314115345042,0.8499008187292315,2.6889370028845097,10.01378088359123,1.3514781855030873
0.2506145337271134,537,0.10925737538148525,0.20909266755518685,0.8044595034022943,2.319369986978718,4.434053484046706,1.0904222500292018
0.2566195210659231,456,0.09277721261444558,0.1921327775963621,0.6549193147725465,2.1840087208982863,5.415732801619787,0.9996029732284559
0.26276839420577974,383,0.07792472024415056,0.18262688902777427,0.595891295073648,2.1883160477752033,5.585337539563469,0.9693127202733481
0.2690646008015365,315,0.06408952187182096,0.1881109899849293,0.6762439940949627,2.066406961377592,4.762432763584068,0.9893249861548582
0.2755116711174764,263,0.05350966429298067,0.1843265658225191,0.7176573633827984,2.3484340217908466,6.4444921223893905,1.1775413159725696
0.2821132200067212,238,0.04842319430315361,0.19377705055479438,0.7784849374019774,2.6766562466471386,4.480015210235425,1.1067035035920552
0.2888729489380684,213,0.04333672431332655,0.19454369749626904,0.7165902634700552,2.606394491782119,4.230006420190851,1.0991542876335425
0.2957946480713942,187,0.038046795523906406,0.18412891151260044,0.7170243148245432,2.3255926886469847,4.520460561859949,1.0170528286328075
0.30288219838278396,177,0.036012207527975584,0.18966338234665756,0.6514023481671836,2.3040914240878707,4.186520276256986,0.9982042108519871
0.3101395738405856,168,0.034181078331637846,0.19705293550914763,0.6113774375847207,2.1480492393411263,4.05787649583475,0.9799498976860028
0.31757084363359983,155,0.03153611393692777,0.20674636271903352,0.6938721200204679,2.330789297337692,5.2024615462879575,1.0794032425844142
0.3251801744526634,147,0.029908443540183113,0.22011784035230159,0.6304096342082219,2.475761915017255,4.835168898889824,1.0561115095592717
0.3329718328269,135,0.027466937945066123,0.2088989999785037,0.6238463146433059,2.4518386517313226,4.511054820845817,1.1423703805109386
0.3409501875159504,131,0.026653102746693795,0.22521407074470381,0.749678911981252,2.60778495404422,7.972509382603895,1.4084418026475525
0.34911971195952257,126,0.02563580874872838,0.21208664868204216,0.6995763136922996,2.666639162508859,9.701864518465122,1.2059119450181812
0.35748498678563734,114,0.023194303153611394,0.2045980192279217,0.7542981194456323,2.3224415928125377,9.753730115201382,1.2821454390739548
0.36605070237897114,106,0.021566632756866735,0.20204164505456718,0.719912888752517,2.5531364945957646,8.205619173567191,1.1851841492713526
0.3748216615107416,95,0.019328585961342827,0.19689667020277535,0.6681428927434957,2.5039863633595796,8.810852402870529,1.206962573969106
0.38380278203160717,82,0.016683621566632757,0.18877124310106289,0.6026477571108256,2.707624640359113,7.503461196883582,1.2159516015710286
0.39299909962909096,74,0.015055951169888098,0.19031072776595712,0.7397229574536148,2.6599791597365696,6.8774346841261105,1.152665060871296
0.40241577065107564,69,0.014038657171922686,0.1986882348327819,0.7068802150584902,2.4238020523730617,5.718190336026865,1.0572587087542515
0.4120580749969538,63,0.01281790437436419,0.20341247356369546,0.6016701336701522,2.231549650030889,8.37126858461205,1.0771472140300955
0.4219314190780494,56,0.011393692777212614,0.19031560480856624,0.6009076484576363,1.672550765031919,7.9311795665593925,0.9988767384304328
0.4320413388489781,49,0.009969481180061038,0.190550480822784,0.4553737399138219,1.965288886283445,4.240338946741159,0.8763576581344638
0.44239350291164015,43,0.008748728382502543,0.16447601226591932,0.48109538023374476,2.2320245503958236,6.3158298964281325,0.9778557087258057
0.4529937156935886,39,0.007934893184130213,0.15658340633226656,0.5034208076573599,1.3586512951306888,6.932172975963799,0.87527798762278
0.46384792070255404,33,0.0067141403865717195,0.15908466219005502,0.510647239324496,2.175174609701773,4.735974077269909,0.8232491705869847
0.47496220385895355,32,0.006510681586978637,0.16177422862058988,0.42303627601716864,1.4534004972727212,2.0988892971661612,0.6152565897163773
0.4863427969082454,29,0.00590030518819939,0.16550993279162168,0.5086367082222712,1.406811299312477,3.497860517491222,0.6845875485845077
0.49799608091505193,29,0.00590030518819939,0.16242514999529717,0.37225260783086206,1.4075326961234607,2.0906004318754245,0.5862790397343878
0.5099285898410032,27,0.005493387589013225,0.15208280632246615,0.30948417354616187,0.9952635436081857,1.5104449552062853,0.4678592388094696
0.5221470142083094,24,0.0048830111902339775,0.15702859131468858,0.34685247867547897,0.9547585467076626,1.5537325129359287,0.4945989866307389
0.5346582048511174,24,0.0048830111902339775,0.1697044696163385,0.4442433966886634,1.451040751589212,3.3438082162832585,0.7397421013837823
0.5474691767567517,22,0.004476093591047813,0.16717006077999605,0.42732001257658203,2.150706475403134,4.1358673375471575,0.8127074250894228
0.5605871129989999,21,0.004272634791454731,0.15064155575354085,0.6628405966101459,2.089803557494222,4.477117838790159,0.8995016160398405
0.5740193687656368,20,0.004069175991861648,0.16509384306408417,0.5291562451198674,2.5784911908120054,3.4210407004740686,1.0028174017232503
0.587773475482459,19,0.0038657171922685655,0.16157025120430737,0.68239861224398,1.9804882334173062,2.153712672807145,0.8901591555613932
0.601857145036132,19,0.0038657171922685655,0.16094813627930787,0.6392529923296949,1.219495097843143,1.7532828226587387,0.6799728050700953
0.6162782740982223,17,0.0034587995930824007,0.14694749390113748,0.6716554223918593,2.0647971821033133,2.5512456574612736,0.8506396076175335
0.631044948552837,13,0.002644964394710071,0.12657153690830864,0.6637337330942777,1.7104796338903296,1.920695858900843,0.8711426990188513
0.6461654480303572,11,0.0022380467955239063,0.11881147738126076,0.6556222318044441,2.3681200573763688,4.008166129469481,1.0769773573426422
0.6616482505497986,8,0.0016276703967446592,0.11295153038320077,0.41779836127385395,2.071280463345466,2.4788332991035804,0.8753868700909093
0.6775020372724139,8,0.0016276703967446592,0.11474996292458556,0.415025538787791,1.191255603772327,1.3104782710633205,0.5743969705833181
0.6937356973691933,6,0.0012207527975584944,0.11676363567028908,0.20786320844963513,0.5989947860333844,0.6031360023959468,0.3078738767177695
0.7103583330049965,5,0.001017293997965412,0.12046593179081785,0.1509985612160889,0.5112411556200012,0.5590729186603243,0.27771598442101647
0.7273792644421085,5,0.001017293997965412,0.12213824442183885,0.15574089455057277,0.7360039813316577,0.8602145927111354,0.36091183236076774
0.7448080352660857,5,0.001017293997965412,0.12394132581761556,0.17929951555783952,0.6257041620761005,0.7068319852616394,0.3274192123133167
0.762654417736812,5,0.001017293997965412,0.12638617323235396,0.16516343902821243,0.6020667272179212,0.6932827947288293,0.31536118706270233
0.780928418267778,5,0.001017293997965412,0.12966858220311037,0.16615377398033188,0.6133570499082136,0.7358140257197608,0.31807390237093724
0.799640283036647,5,0.001017293997965412,0.13223646681161444,0.1674851072069247,0.4608465944397012,0.5139323171073018,0.266002531735367
0.8188005037302565,5,0.001017293997965412,0.13877139286630205,0.16779739674016456,0.5172525412225867,0.6259659214761258,0.2844631973428169
0.838419823427274,5,0.001017293997965412,0.14853514582314845,0.16998114709729384,1.9373519034571156,2.92076454113395,0.7595067901606285
0.8585092426218136,5,0.001017293997965412,0.1507814549986998,0.26015435078621313,1.6918564952216422,2.5263810047432584,0.6978978854358846
0.879080025391375,5,0.001017293997965412,0.15894595074965187,0.23261774213074626,0.8863720203827083,1.234142282447932,0.42792918713192296
0.9001437057125807,5,0.001017293997965412,0.16809465074308264,0.20452093088662607,0.4710751434420737,0.627130031531516,0.28115727019620124
0.9217120939282429,5,0.001017293997965412,0.1751403391716386,0.19434908296744155,0.37462697568058523,0.4700759480378684,0.24905871721428005
0.9437972833693865,4,0.0008138351983723296,0.18036418857034733,0.22113776468589097,0.31712578599927793,0.34780846137362986,0.24085720939940644
0.9664116571359438,4,0.0008138351983723296,0.17943652176979039,0.2474770703989435,0.9263053081017969,1.1812064821990715,0.4656155307824078
0.9895678950399215,4,0.0008138351983723296,0.1826104647668228,0.26719777495408437,6.166801267849632,8.434537862460502,2.3439892687784716
1.0132789807149367,4,0.0008138351983723296,0.18859750556419688,0.2883547205225294,1.190280661247991,1.5288594505986999,0.5748435511536469
1.0375582088960962,4,0.0008138351983723296,0.2121369915533003,0.3057979444659805,0.5312938021148272,0.6024582866259292,0.3528818390146114
1.0624191928743185,4,0.0008138351983723296,0.19736323454489935,0.3175850835931488,0.8534485896550895,1.0229897581127498,0.4660285325266099
1.0878758721292647,3,0.0006103763987792472,0.18159344177279438,0.18408503103400622,0.44472875996148375,0.5033735989701662,0.29164842256161694
1.113942520145163,3,0.0006103763987792472,0.16720534143688823,0.18398164416936752,0.5340708259684852,0.6128408918732867,0.32286201044713353
1.1406337524139074,3,0.0006103763987792472,0.1641845736439872,0.2011177238848858,0.8722410677977848,1.023243820178187,0.46536363791488594
1.1679645346299263,3,0.0006103763987792472,0.1785392553626593,0.31228473037759685,0.44834725812538984,0.47896132686864323,0.3132501690162866
1.195950191081394,3,0.0006103763987792472,0.12857979575423373,0.17083251276468045,0.5876918704924656,0.6814852259812173,0.3269186130635715
1.22460641324252,3,0.0006103763987792472,0.14352482097207847,0.3630416079420714,0.7666544686541272,0.8574673623143397,0.4397483053345976
1.253949268571709,3,0.0006103763987792472,0.27505234893443103,1.070384935729677,1.1825065581751244,1.2077339232253501,0.7857137005839276
1.2839952095205382,3,0.0006103763987792472,0.28515803970661774,1.1115320460850318,2.917796849957737,3.3242064308290953,1.5198198783743198
1.3147610827585954,3,0.0006103763987792472,0.2427691808254902,0.8818059936787217,1.0575337206089233,1.0970724591682186,0.6887605412107926
1.346264138619363,3,0.0006103763987792472,0.23123589871681385,0.7382888659783198,0.9702267170076124,1.0224127334892033,0.6236575675482309
1.37852204077242,1,0.0002034587995930824,0.18371369424914535,0.18371369424914535,0.18371369424914535,0.18371369424914535,0.18371369424914535
1.4115528761274139,1,0.0002034587995930824,0.253822239519363,0.253822239519363,0.253822239519363,0.253822239519363,0.253822239519363
1.4453751649753368,1,0.0002034587995930824,0.20501527179558396,0.20501527179558396,0.20501527179558396,0.20501527179558396,0.20501527179558396
1.4800078713727962,1,0.0002034587995930824,0.381830436196201,0.381830436196201,0.381830436196201,0.381830436196201,0.381830436196201
1.515470413775104,0,0.0,,,,,
1.551782675924153,0,0.0,,,,,
1.5889650179971624,0,0.0,,,,,
1.6270382880225736,0,0.0,,,,,
1.6660238335694781,0,0.0,,,,,
1.7059435137171346,0,0.0,,,,,
1.746819711311289,0,0.0,,,,,
1.78867534551417,0,0.0,,,,,
1.8315338846551987,0,0.0,,,,,
1.8754193593896038,0,0.0,,,,,
1.9203563761723432,0,0.0,,,,,
1.9663701310548691,0,0.0,,,,,
2.013486423812479,0,0.0,,,,,
2.061731672410171,0,0.0,,,,,
2.111132927815125,0,0.0,,,,,
2.1617178891640894,0,0.0,,,,,
2.21351491929421,0,0.0,,,,,
2.2665530606459887,0,0.0,,,,,
2.320862051547292,0,0.0,,,,,
2.376472342887541,0,0.0,,,,,
2.433415115191444,0,0.0,,,,,
2.4917222961018086,0,0.0,,,,,
2.5514265782812866,0,0.0,,,,,
2.61256143774305,0,0.0,,,,,
2.675161152620691,0,0.0,,,,,
2.7392608223878674,0,0.0,,,,,
2.8048963875384842,0,0.0,,,,,
2.872104649738404,0,0.0,,,,,
2.9409232924600435,0,0.0,,,,,
3.01139090211138,0,0.0,,,,,
3.083546989671237,0,0.0,,,,,
3.1574320128429694,0,0.0,,,,,
3.2330873987389874,0,0.0,,,,,
3.3105555671087985,0,0.0,,,,,
3.389879954123647,0,0.0,,,,,
3.4711050367310405,0,0.0,,,,,
3.5542763575928458,0,0.0,,,,,
3.6394405506209204,0,0.0,,,,,
3.7266453671246085,0,0.0,,,,,
3.8159397025847595,0,0.0,,,,,
3.907373624069277,0,0.0,,,,,
4.000998398305566,0,0.0,,,,,
4.096866520425672,0,0.0,,,,,
4.195031743400085,0,0.0,,,,,
4.295549108176915,0,0.0,,,,,
4.398474974543177,0,0.0,,,,,
