transit_fraction,n_present,fraction_present,p10_Pa,median_Pa,p90_Pa,p99_Pa,mean_Pa
0.0,4861,1.0,0.0562160872,0.133023322,0.215170383,0.35175493999999924,0.13896527917329768
0.002506265664160401,4861,1.0,0.056139295308029795,0.1330087585556395,0.21482614074336373,0.3555041545251737,0.1389725838247372
0.005012531328320802,4861,1.0,0.05613967513912028,0.133061698111279,0.21394853118154383,0.35480663339482654,0.13892680688663073
0.007518796992481203,4861,1.0,0.05611081563631207,0.13310493165429096,0.213544523735861,0.3557835989343421,0.1388330252577152
0.010025062656641603,4861,1.0,0.05601689408174942,0.13316423786391082,0.2131410312058787,0.35531650738882087,0.1387124210157195
0.012531328320802004,4861,1.0,0.05599971501444263,0.133169787490569,0.21276832728033462,0.3561928816866497,0.1385593325732785
0.015037593984962405,4861,1.0,0.05602938721041303,0.13308802471279363,0.21258570673640154,0.3549610173922574,0.13837031982653025
0.017543859649122806,4861,1.0,0.056132413912148536,0.13304063243408412,0.21222203540050072,0.35391982324125726,0.13816444348735132
0.020050125313283207,4861,1.0,0.05619606239499994,0.1330232060211852,0.21180147943702343,0.35350165532924177,0.1378758499069895
0.022556390977443608,4861,1.0,0.05612204059043887,0.13306407102383336,0.21072552794178914,0.35357771904308755,0.1376121842343438
0.02506265664160401,4861,1.0,0.05614430233861845,0.13309678345446352,0.20972161658214972,0.35335278123953096,0.1373660581828888
0.02756892230576441,4861,1.0,0.05612503123268411,0.13306639928723518,0.20950918360111315,0.35172271849138814,0.13712714419056618
0.03007518796992481,4861,1.0,0.05617837314331492,0.1331866660317778,0.20893574024026693,0.34959393637827496,0.13680695157694717
0.03258145363408521,4861,1.0,0.05624419853662626,0.13317193294725602,0.20822393284258353,0.34698969458249174,0.1365822954785697
0.03508771929824561,4861,1.0,0.05626189695406583,0.13307622217697831,0.20794084459002693,0.3466541019559442,0.1364723537554283
0.03759398496240601,4861,1.0,0.05633244072228015,0.1331201896684191,0.2072738156553524,0.3466865884737914,0.13616590615881485
0.040100250626566414,4861,1.0,0.0563697769237655,0.1330805135029432,0.20674076296500554,0.3442764444322572,0.135954174969035
0.042606516290726815,4861,1.0,0.05640711312525084,0.1330000506479029,0.20659656521421363,0.34318999215673907,0.13582025644714227
0.045112781954887216,4861,1.0,0.05644444932673618,0.13289987223111369,0.20601281483787823,0.3451369705924521,0.13562659080741124
0.047619047619047616,4861,1.0,0.05648417452918164,0.13290641502173112,0.20578084555835616,0.34116700274926953,0.13541473080506616
0.05012531328320802,4861,1.0,0.05651912172970687,0.13291295781234855,0.20550403784683982,0.3402678860868476,0.13521311912382125
0.05263157894736842,4861,1.0,0.05657396035330603,0.132962578974963,0.20516254796851305,0.3380907915344788,0.13495038827362452
0.05513784461152882,4861,1.0,0.05661885326536822,0.13292618115335786,0.20505942392263926,0.33675843182599835,0.1347100720104884
0.05764411027568922,4861,1.0,0.05666374617743041,0.13296352279743642,0.20463144109546336,0.33824275077968313,0.1345424144534371
0.06015037593984962,4861,1.0,0.05668917630346498,0.1329904705106442,0.20450958534000688,0.3386673602015036,0.1343471184694948
0.06265664160401002,4861,1.0,0.05678651214220661,0.1329756605806341,0.20425365000685347,0.33832233680791307,0.13409754785975944
0.06516290726817042,4861,1.0,0.05681025935151493,0.1326649581905695,0.20391768139402702,0.33460862003528397,0.13381670559958106
0.06766917293233082,4861,1.0,0.05688332962012658,0.13257404185763863,0.20339253549179015,0.333142174692194,0.1335500661540548
0.07017543859649122,4861,1.0,0.05695817908283645,0.1327993559479278,0.20284277653770888,0.33211721015763024,0.1333082703990983
0.07268170426065163,4861,1.0,0.05709558519102728,0.132588580407473,0.20242103996744185,0.33197850795851325,0.1330722121472625
0.07518796992481203,4861,1.0,0.057240793588135955,0.13217741834531702,0.20227758689991268,0.33159798732222684,0.13286077018457773
0.07769423558897243,4861,1.0,0.057348427147291214,0.13196449066962473,0.20156176489085711,0.33050783496474595,0.13264434798159605
0.08020050125313283,4861,1.0,0.05742180698516018,0.13185385634085617,0.2012068881016412,0.3296947543249449,0.13243756699778833
0.08270676691729323,4861,1.0,0.057344954177639504,0.13139236590362094,0.20056623495482193,0.328527886380669,0.13223188693393506
0.08521303258145363,4861,1.0,0.057407275859095705,0.13117277744729658,0.20021345250492198,0.326796014957533,0.1320020279009284
0.08771929824561403,4861,1.0,0.05742441090332936,0.1311591616958437,0.19986833152534295,0.32629747280584037,0.13175992861408858
0.09022556390977443,4861,1.0,0.05732503435239005,0.13089896966508321,0.19910328950406747,0.32457655193858703,0.13150332060017164
0.09273182957393483,4861,1.0,0.057359476471532604,0.13036111349071747,0.19859180385217476,0.3223292814612352,0.13123781184029787
0.09523809523809523,4861,1.0,0.05748993027270305,0.1302408294554584,0.19835787191604445,0.32371027756149773,0.13103796629295036
0.09774436090225563,4861,1.0,0.05748080401774445,0.13002155544724708,0.19793972283034872,0.3218104675223905,0.13082643162605886
0.10025062656641603,4861,1.0,0.0575791566594626,0.13000225665606294,0.19758644817429288,0.31747264697878264,0.13062983948562043
0.10275689223057644,4861,1.0,0.05733955150370737,0.1297892517047064,0.19745089646042713,0.31606282951122944,0.1304586477525188
0.10526315789473684,4861,1.0,0.0572117525190149,0.12968708799647177,0.19692868868719607,0.3154908637517817,0.13029391233254203
0.10776942355889724,4861,1.0,0.05735703614046809,0.12949341355186253,0.19688891963822924,0.31409381096907785,0.13012665082345531
0.11027568922305764,4861,1.0,0.057365064396444704,0.12930048397668262,0.19657633396018628,0.31412862997517066,0.12996629837651022
0.11278195488721804,4861,1.0,0.057301551524404526,0.12909142179763525,0.19621211385895584,0.31484604250079173,0.1298626127763804
0.11528822055137844,4861,1.0,0.05731377947327863,0.12874902325518423,0.19597636002531038,0.3183644703418949,0.12972441025273662
0.11779448621553884,4861,1.0,0.05760757022745188,0.12859687080509316,0.19589124020514698,0.3180370627429618,0.12957862714127746
0.12030075187969924,4861,1.0,0.05764154382064913,0.12824552231545036,0.19522256367455024,0.3157071050318216,0.12942562707148328
0.12280701754385964,4861,1.0,0.05701173260966347,0.127943937613517,0.1947446664134235,0.31763135343995474,0.1292825982629904
0.12531328320802004,4861,1.0,0.05698884583886122,0.1276780701650893,0.19452595132781825,0.3178794057186911,0.12915293537254413
0.12781954887218044,4861,1.0,0.05722603906282648,0.12746414212973053,0.1943184290481243,0.31911052552724095,0.12903918215978577
0.13032581453634084,4861,1.0,0.0573806745111301,0.12722163377963047,0.19388246826107328,0.3181842839454479,0.12890508904810996
0.13283208020050125,4861,1.0,0.05717726782187696,0.12684586447560614,0.19395673329799304,0.31867000303546344,0.1287835646953068
0.13533834586466165,4861,1.0,0.05697601806552682,0.1266167901755782,0.19377002065055002,0.31927174250532225,0.12868320735207606
0.13784461152882205,4861,1.0,0.0569252595233056,0.12638121705318353,0.19353594507954278,0.31938758240740245,0.1285872110232992
0.14035087719298245,4861,1.0,0.056875088192055966,0.12595073547403854,0.19357393556332214,0.3198066853969436,0.12848195023500664
0.14285714285714285,4861,1.0,0.056682778826852326,0.125689863969023,0.19349377104945573,0.3201739991622277,0.12835424240617951
0.14536340852130325,4861,1.0,0.05652247901340962,0.1254601831501913,0.1935654302849693,0.32259988581735777,0.128199492060233
0.14786967418546365,4861,1.0,0.056735663674529126,0.12529998514218488,0.1934033753072084,0.3225270657488031,0.12797547968911918
0.15037593984962405,4861,1.0,0.05673829942019929,0.12499483427411598,0.193200544593506,0.31739882499021344,0.12776243201856877
0.15288220551378445,4861,1.0,0.0568205904638209,0.12471867161250098,0.19317505287902825,0.318323247271824,0.1276106771412804
0.15538847117794485,4861,1.0,0.056614094698379434,0.12453848023106606,0.19322847498021262,0.32133393378970676,0.12747423391594556
0.15789473684210525,4861,1.0,0.05634339486588436,0.12421274627756858,0.1930783990561971,0.3199282544046405,0.12735405157804205
0.16040100250626566,4861,1.0,0.056327089715499844,0.12405097555118451,0.1930813293373248,0.3217086795305663,0.1272306701787325
0.16290726817042606,4861,1.0,0.055952916586513315,0.12371124852998448,0.19324612037107997,0.3172947324975819,0.12709689313577363
0.16541353383458646,4861,1.0,0.056184350790015936,0.12331858019301088,0.1934862175505239,0.3183129871186333,0.12697658383756222
0.16791979949874686,4861,1.0,0.055846884977365,0.12298835848500608,0.1936525501140966,0.3157867164858964,0.12687343629299688
0.17042606516290726,4861,1.0,0.05553771699397077,0.12288995942304033,0.1938289451678177,0.3139685976032685,0.12677480692219464
0.17293233082706766,4861,1.0,0.05525084850037202,0.12264473117917457,0.19361242058630715,0.31513159499475957,0.12668083434058733
0.17543859649122806,4861,1.0,0.05537152419916383,0.12222640958059154,0.19375712041218443,0.3147190328071826,0.126596405466882
0.17794486215538846,4861,1.0,0.055363583912891874,0.12190589327517554,0.19360300125077487,0.3092978495764118,0.12650715764900886
0.18045112781954886,4861,1.0,0.05527060803276408,0.12167516591792879,0.19366131618434798,0.3151654156615724,0.12641540140837842
0.18295739348370926,4861,1.0,0.05526615897529193,0.12166177863727652,0.19372423292468716,0.3178810411606963,0.12633504023172928
0.18546365914786966,4861,1.0,0.05532974087740545,0.12164380534647727,0.19379329557715844,0.3170815603818959,0.12624987058590917
0.18796992481203006,4861,1.0,0.055427054426778186,0.12149527850508308,0.19382157960382604,0.3166051856747866,0.126179057192254
0.19047619047619047,4861,1.0,0.05525390119136803,0.12130120423666922,0.19383300868475753,0.31739515052028233,0.12613275881249716
0.19298245614035087,4861,1.0,0.05526155849838822,0.12093877354554382,0.19416656102097077,0.32009850036921306,0.12609806051335673
0.19548872180451127,4861,1.0,0.05516407593469435,0.12057639675157417,0.1945967876503367,0.3215554976510007,0.12606512409689216
0.19799498746867167,4861,1.0,0.05477621971623724,0.12036954675438216,0.19445866571074077,0.32463861423385293,0.12603745886854065
0.20050125313283207,4861,1.0,0.05437988729590836,0.12013839531530122,0.1943531889269235,0.3250095376372314,0.12600001740080333
0.20300751879699247,4861,1.0,0.05414484237832316,0.11998552712477792,0.19513730048661954,0.3259432903452728,0.12594219761207415
0.20551378446115287,4861,1.0,0.0536756506073431,0.11976654728886674,0.19530795011979785,0.33124655483263105,0.12588211735070007
0.20802005012531327,4861,1.0,0.05340435756458762,0.11941076943898497,0.19556610312232386,0.33644768656725105,0.12582611816605682
0.21052631578947367,4861,1.0,0.052913760179830176,0.11930872515598923,0.19560323434431007,0.34284420278819416,0.12576953978696576
0.21303258145363407,4861,1.0,0.05267948048985203,0.11900780985316833,0.19581989901933275,0.3523082461115792,0.12571823830041506
0.21553884711779447,4861,1.0,0.05235949547542554,0.11874037203569444,0.19580056400411203,0.3546920065258795,0.1256682507071234
0.21804511278195488,4861,1.0,0.05207041970047287,0.11862580573112314,0.1959180622553197,0.3621729206592791,0.1256174012541443
0.22055137844611528,4861,1.0,0.05173174943079443,0.11840446406719284,0.1963039430757076,0.37524232770756083,0.12557904769333864
0.22305764411027568,4861,1.0,0.05117149917594416,0.11806885843320412,0.19650249755204593,0.380014384768794,0.12554896824943412
0.22556390977443608,4861,1.0,0.05093628367819536,0.11791006084288383,0.19664743155048742,0.37932559653922704,0.12552611762320032
0.22807017543859648,4861,1.0,0.05043807639961724,0.11767843401775277,0.19677967638077523,0.38108879806740203,0.12552609525963232
0.23057644110275688,4861,1.0,0.05017364238637159,0.11756571819555922,0.19699144198034396,0.3867742151887686,0.12551913168860096
0.23308270676691728,4861,1.0,0.049843463716278985,0.11762320372433015,0.1968848913454372,0.3968895195958178,0.12550318250202339
0.23558897243107768,4861,1.0,0.04952060968861554,0.11749578074656708,0.19696404461042047,0.4051497164024892,0.1254754821545699
0.23809523809523808,4861,1.0,0.049451213129101536,0.11733851598225631,0.196813856847046,0.411948511650887,0.12543805610918182
0.24060150375939848,4861,1.0,0.04907137573183409,0.11739403730490743,0.1966581314135479,0.41558966064806024,0.12538947607534615
0.24310776942355888,4861,1.0,0.04887863716304239,0.11727159460462752,0.196654780572297,0.4140302044209082,0.1253404106002894
0.24561403508771928,4861,1.0,0.04839416849006146,0.11713377233965952,0.19640024026682185,0.40466738947026026,0.12529471145245943
0.24812030075187969,4861,1.0,0.04830799303552604,0.11697000263159714,0.196331589434919,0.4063441459251722,0.12526474616906633
0.2506265664160401,4861,1.0,0.0484590647780722,0.1169431249439997,0.19643299004237696,0.4016904102092423,0.12524037033650837
0.2531328320802005,4861,1.0,0.04808810194266527,0.1167879382475195,0.19638723000004146,0.41449905696666844,0.12521254049088246
0.2556390977443609,4861,1.0,0.047977344090873585,0.11676287569770039,0.1962461664465255,0.4107360628382013,0.12518298147506296
0.2581453634085213,4861,1.0,0.04779485155918076,0.11693077339662028,0.19621034026570638,0.4283635462119183,0.12515545629773556
0.2606516290726817,4861,1.0,0.04765529649058362,0.11681057955036306,0.19595773168229624,0.4474751916868692,0.12512587145537815
0.2631578947368421,4861,1.0,0.047350399030227495,0.11654095804822455,0.1960545667205965,0.45864447875107506,0.12509967459392637
0.2656641604010025,4861,1.0,0.047141524172449246,0.11656876689362079,0.19584905934154154,0.4584727195624908,0.12506968043886746
0.2681704260651629,4861,1.0,0.04700910306303761,0.11653380641881468,0.1955548371509709,0.46174315503451296,0.12503985991643324
0.2706766917293233,4861,1.0,0.0470673483081124,0.11643960466667554,0.19538485719117887,0.4616735624954939,0.12500710942200619
0.2731829573934837,4861,1.0,0.04679314050150639,0.11649388508230833,0.1955979128480803,0.46079703096192703,0.12497237974273596
0.2756892230576441,4861,1.0,0.04662819623459029,0.11655915150651341,0.1956368662100893,0.46347083432359193,0.12494782298703179
0.2781954887218045,4861,1.0,0.04642032839670702,0.11650097387932451,0.19565133908662624,0.46288393631046576,0.12493674176039428
0.2807017543859649,4861,1.0,0.04632726586893337,0.11656537529914966,0.19565708530415812,0.4676847640683737,0.12493751908111819
0.2832080200501253,4861,1.0,0.046211847698044005,0.1165287725490731,0.19569313600550642,0.47562922898331794,0.12493734885822246
0.2857142857142857,4861,1.0,0.04620289727806243,0.11644691149336371,0.19552002797419626,0.4813749264135457,0.12493591204218336
0.2882205513784461,4861,1.0,0.04598563459209996,0.11639539095829272,0.19544718527120114,0.47686748885203945,0.12493379609588597
0.2907268170426065,4861,1.0,0.04604636072136506,0.11620914095228872,0.19512151843617956,0.4803869102698176,0.12494930894866588
0.2932330827067669,4861,1.0,0.0459423989045206,0.11615487735525425,0.1951153612840923,0.4912533583138495,0.12496262139557435
0.2957393483709273,4861,1.0,0.04570180603127953,0.11632177656750259,0.19502293272800142,0.49524925389317,0.12498505514520694
0.2982456140350877,4861,1.0,0.04544035148277768,0.11611968882203672,0.19475748445699026,0.5023380595334928,0.12500796249647034
0.3007518796992481,4861,1.0,0.04517624898015802,0.11596775236626514,0.19492166293038934,0.507098488339488,0.12502443532300278
0.3032581453634085,4861,1.0,0.0449916750060849,0.11591779088182236,0.194840025290195,0.5077805017952043,0.1250392232032906
0.3057644110275689,4861,1.0,0.04476534546105863,0.11595824812520236,0.19441303652036435,0.5074447815076979,0.12506042536425357
0.3082706766917293,4861,1.0,0.044918620042844803,0.11593747229501188,0.19426910334266503,0.5070326486344586,0.12507982840720222
0.3107769423558897,4861,1.0,0.04481657629095999,0.11585068995400925,0.1943969623464825,0.5066211536673895,0.12508929476426264
0.3132832080200501,4861,1.0,0.04473319682664249,0.11573568901608462,0.19408272343528032,0.5106363424590719,0.12509868437260285
0.3157894736842105,4861,1.0,0.04467946238858725,0.11560491033545553,0.1940733220302482,0.5043082863453173,0.12511662453215872
0.3182957393483709,4861,1.0,0.04441062625213566,0.11571099743382436,0.19417021888503494,0.5078142985909023,0.12514433035947392
0.3208020050125313,4861,1.0,0.044241235897030405,0.11570555654699849,0.1937695299285486,0.5269176776339217,0.12516939673864186
0.3233082706766917,4861,1.0,0.04412581905936127,0.11563649591746987,0.19397961761244845,0.5283380726020276,0.12520493176353029
0.3258145363408521,4861,1.0,0.04406324266936515,0.11569111908723753,0.19401752695972807,0.5290879793164477,0.12524382035417633
0.3283208020050125,4861,1.0,0.04385192058120035,0.11554342067889087,0.19412959299255583,0.5361203284470991,0.12529957179363108
0.3308270676691729,4861,1.0,0.0436750591916459,0.11554423385783247,0.19408660028107438,0.5490393978932624,0.1253664966718516
0.3333333333333333,4861,1.0,0.04354602769019469,0.11542013485703612,0.19400914828671853,0.5569361062064121,0.12544640475076238
0.3358395989974937,4861,1.0,0.04327907646832391,0.11533537846770014,0.19371502447896238,0.5699255738932129,0.12551944160001502
0.3383458646616541,4861,1.0,0.04306857980532837,0.11518186310779649,0.19416688226110557,0.5821533124008419,0.12560628897569143
0.3408521303258145,4861,1.0,0.043098105539229645,0.11505790290236702,0.19432691183759024,0.5837738015993462,0.12570292105504022
0.3433583959899749,4861,1.0,0.042998718622384344,0.11523572077613169,0.19468782739218385,0.584361941691672,0.1258126391743598
0.3458646616541353,4861,1.0,0.04299079348751258,0.11529786731964882,0.19470932508422428,0.5907565705862093,0.1259332337107808
0.3483709273182957,4861,1.0,0.042653749630854824,0.11502673873396749,0.19455922537654857,0.5959296219669448,0.12606979051833214
0.3508771929824561,4861,1.0,0.0426605811425448,0.11507686540283889,0.19449492436873092,0.6017794719469772,0.12623812810035046
0.3533834586466165,4861,1.0,0.04255674829005167,0.11494791877341776,0.19474837206063678,0.6101423525645062,0.12644217641363545
0.3558897243107769,4861,1.0,0.042574985112225926,0.11476089199659877,0.1948959519654444,0.6151696491162773,0.12654308442294002
0.3583959899749373,4861,1.0,0.04254155375769592,0.11452046260853502,0.1952779090789662,0.6294096675562887,0.12716825135907942
0.3609022556390977,4861,1.0,0.04230612236494336,0.11443298049867323,0.1955113078184474,0.6415274291890678,0.12748957238531064
0.3634085213032581,4861,1.0,0.042239137072756484,0.11423687490437434,0.1950624551636686,0.6423589658456724,0.12724542099916825
0.3659147869674185,4861,1.0,0.04232855574846378,0.11418518349621885,0.19536628109046772,0.6491248444515434,0.12813817967294958
0.3684210526315789,4861,1.0,0.04241797442417108,0.11401886283577413,0.19509244123380007,0.6454571281794864,0.12769978707386204
0.37092731829573933,4861,1.0,0.042507393099878374,0.11400605740514919,0.1950735076015793,0.6472314339211445,0.1272826055887212
0.37343358395989973,4861,1.0,0.042479753605256465,0.11391578542459059,0.19538601850165904,0.6448117544339116,0.1270888781717498
0.37593984962406013,4861,1.0,0.042494117012341556,0.11363791554127443,0.1955164822038383,0.6438632216204238,0.1270379220117754
0.37844611528822053,4861,1.0,0.04257242174910316,0.11332090476924597,0.1955120163610433,0.6355234855348166,0.1268882910476574
0.38095238095238093,4861,1.0,0.042650726485864765,0.11323248075631934,0.1962044062372984,0.6412665611631814,0.12687377606084335
0.38345864661654133,4861,1.0,0.04272903122262637,0.11311623134085781,0.19691810450074082,0.6342889470229346,0.1268467360955844
0.38596491228070173,4861,1.0,0.042650455598705186,0.11288167201567223,0.19709580116009584,0.635201977255271,0.12687061343760034
0.38847117794486213,4861,1.0,0.04262445670105333,0.11275127538241604,0.19732988787206768,0.6348543664014922,0.126830917674928
0.39097744360902253,4861,1.0,0.042732321322925225,0.11269412114055746,0.19804235114687838,0.6332396150223251,0.12673420154653897
0.39348370927318294,4861,1.0,0.042499337009670395,0.11250704053764478,0.19818205971226055,0.6330112674835409,0.12665965212534233
0.39598997493734334,4861,1.0,0.04250194559918361,0.11236866294476393,0.19846607559852916,0.6276953668189899,0.1266711831813286
0.39849624060150374,4861,1.0,0.042571997561861356,0.11215576843533535,0.19849656704023372,0.6294760465396299,0.12673566403527714
0.40100250626566414,4861,1.0,0.0425996336460198,0.11204483396995443,0.19901833993177642,0.6381576679623836,0.1268563302602656
0.40350877192982454,4861,1.0,0.042656923497162186,0.11183851111089242,0.199584370758536,0.6453128389369659,0.12699188647606707
0.40601503759398494,4861,1.0,0.04281636629889182,0.1115723202129723,0.20029851150358075,0.6509941865674693,0.1270565080810133
0.40852130325814534,4861,1.0,0.04291278968624319,0.11137358106354205,0.20131538916343378,0.6443114267786061,0.12744861212922298
0.41102756892230574,4861,1.0,0.04265776169594433,0.11132540107834024,0.20172201632354544,0.6409370147017902,0.12877322901145008
0.41353383458646614,4861,1.0,0.04265359320872112,0.11125596307238392,0.20226142354300616,0.6391429156505465,0.12900297784343281
0.41604010025062654,4861,1.0,0.04274467150548325,0.11104588911220603,0.2030100397007166,0.6318581487281906,0.12820897968973702
0.41854636591478694,4861,1.0,0.04293597308376874,0.11092699045566587,0.20344785188467726,0.63532762726544,0.12778058754957197
0.42105263157894735,4861,1.0,0.04293171709974614,0.11063768390196807,0.2045492347941404,0.6271005555369754,0.1277211381241443
0.42355889724310775,4861,1.0,0.043100690470155,0.11032402489488047,0.20496484179246452,0.6294542265732543,0.127754420526052
0.42606516290726815,4861,1.0,0.04328693976658055,0.11017090812018561,0.20575780763291893,0.6302914891866653,0.12806479010824798
0.42857142857142855,4861,1.0,0.043313873828098294,0.11013223064772379,0.20631797829111656,0.6385761306707916,0.12929637274774247
0.43107769423558895,4861,1.0,0.043288782380388593,0.10998358760167856,0.2069417274145642,0.6360092980030015,0.12899775102077002
0.43358395989974935,4861,1.0,0.04331803586593181,0.10978546613221658,0.2072626809549068,0.6381267905441357,0.12852547807173437
0.43609022556390975,4861,1.0,0.04347671231380674,0.10961617105425533,0.20783785884410613,0.6305068998857437,0.12845939104514248
0.43859649122807015,4861,1.0,0.04367006881203417,0.10950552269116376,0.20835241345187938,0.6477457223076996,0.12878170654256202
0.44110275689223055,4861,1.0,0.043893829531821714,0.1092842304260011,0.20875918585267902,0.6484669036328596,0.1294707309657843
0.44360902255639095,4861,1.0,0.04401474033204304,0.10908443179501674,0.20924868882123582,0.6633827186393725,0.1319361723986291
0.44611528822055135,4861,1.0,0.04414047137530948,0.10888108773450521,0.2102397560821335,0.6801361076969329,0.13106995065404695
0.44862155388471175,4861,1.0,0.0441913625050651,0.1086186967382547,0.21058650974982407,0.6852444111629075,0.13076250919663834
0.45112781954887216,4861,1.0,0.044249858895131965,0.10833225854874189,0.21093719550087195,0.6884927118763301,0.13069551257677772
0.45363408521303256,4861,1.0,0.04445441341779996,0.1081384629890373,0.21136800410541498,0.6964464184166768,0.13094646655290423
0.45614035087719296,4861,1.0,0.04450953750772447,0.10788593236267245,0.21205850168267704,0.6994168661559097,0.1340723336002345
0.45864661654135336,4861,1.0,0.04454968300136071,0.10775381307964153,0.2126724715030245,0.7025714369849728,0.13371005257694465
0.46115288220551376,4861,1.0,0.04464484816736715,0.10748516062419279,0.213863291059841,0.7014619542883969,0.13442009729582777
0.46365914786967416,4861,1.0,0.04493433801511292,0.10752611900597986,0.21477336318430745,0.7103629649093968,0.1333827802779561
0.46616541353383456,4861,1.0,0.0450589922272188,0.10746258203139701,0.21520540034513108,0.7187590243015238,0.13355794735089146
0.46867167919799496,4861,1.0,0.04529370888156048,0.10731007953873616,0.21630486603967986,0.7308224568277211,0.13405903910343017
0.47117794486215536,4861,1.0,0.045430958778890675,0.10713948352351316,0.21709560808873568,0.73620495949595,0.1352590115531591
0.47368421052631576,4861,1.0,0.04558539323637386,0.10709441795191413,0.21766800527100083,0.7450797548443603,0.13735863522436886
0.47619047619047616,4861,1.0,0.04572703078142495,0.1069900055276655,0.2185478201331833,0.7456208676998967,0.13817480186971806
0.47869674185463656,4861,1.0,0.04580118496321577,0.10700092804501801,0.21910495384778716,0.7427855044150581,0.14130622445981084
0.48120300751879697,4861,1.0,0.04590134751833586,0.1069734613943082,0.21984314211296296,0.7614640914120281,0.1404198214695141
0.48370927318295737,4861,1.0,0.046088217731102735,0.10692076094797255,0.2205317712296337,0.7656017074974091,0.13983173507732977
0.48621553884711777,4861,1.0,0.04621567269373315,0.10671158521118469,0.2213076970186484,0.7515631302522096,0.14013035735130996
0.48872180451127817,4861,1.0,0.04630450805331104,0.10665140797528727,0.22159808773502265,0.7720779752307821,0.14094300209056304
0.49122807017543857,4861,1.0,0.046457265348664054,0.10665086863735079,0.2219930353005983,0.7686918513624749,0.14171555476702954
0.49373433583959897,4861,1.0,0.04667967820806793,0.10680853140232344,0.2229437527423597,0.7893961534130471,0.14205571952921242
0.49624060150375937,4861,1.0,0.046944393750978385,0.10690125523929783,0.2236352620734237,0.7967910938525365,0.14312204020252509
0.49874686716791977,4861,1.0,0.04714211471888976,0.10680878663825301,0.2247533744948123,0.7961318877847519,0.1443502694380758
0.5012531328320802,4861,1.0,0.04728498255374927,0.10696211425325705,0.2254861318599565,0.8013396575955397,0.14524322491492478
0.5037593984962405,4861,1.0,0.04746557136418253,0.10679857120580875,0.22616305734735712,0.7851836212042903,0.1452321950943425
0.506265664160401,4861,1.0,0.047676251709306706,0.10658144288668113,0.22680514446364544,0.778066345825989,0.1449740044196489
0.5087719298245614,4861,1.0,0.04780290669597596,0.106595386058055,0.22753171678257036,0.782337642432186,0.14488258558007452
0.5112781954887218,4861,1.0,0.04792816819376316,0.10656955878638126,0.2288517889265212,0.771556542696984,0.14538543007016042
0.5137844611528821,4861,1.0,0.048248177524289365,0.10665744963900214,0.23001558581804318,0.7648167780941794,0.14612254300691668
0.5162907268170426,4861,1.0,0.048359376233923244,0.10664056834268217,0.23042380829632672,0.7728619044955496,0.14604341666712767
0.518796992481203,4861,1.0,0.04848460674982857,0.10689135337615359,0.23144224670711053,0.7746717469995582,0.14620737956603824
0.5213032581453634,4861,1.0,0.048793926550178106,0.10683565115070713,0.23215557715164414,0.7764815895035668,0.14645246705611517
0.5238095238095237,4861,1.0,0.049028060500573074,0.10700809944343415,0.2332384343686107,0.7763825021421865,0.14667109898600442
0.5263157894736842,4861,1.0,0.04932264388920099,0.1071020598042149,0.2341456953578444,0.7764422910031719,0.14701589739015133
0.5288220551378446,4861,1.0,0.049561243160951604,0.10719597580582062,0.23485327696032274,0.7719875116627319,0.1486015385742864
0.531328320802005,4861,1.0,0.04985709909199784,0.10755950678573133,0.2353322793691538,0.7707468607660598,0.14731125067375275
0.5338345864661653,4861,1.0,0.0499782404463974,0.10773356090161436,0.23619310832716162,0.7719556268360598,0.14795121714053322
0.5363408521303258,4861,1.0,0.05014793086581696,0.10787107495671433,0.23732553484295252,0.7701303446392128,0.14710646493879131
0.5388471177944862,4861,1.0,0.050393818117048836,0.10814516416324925,0.23841006507109694,0.770625325546871,0.14703063560663926
0.5413533834586466,4861,1.0,0.05063320302399885,0.10843274130499704,0.2392127764662123,0.7752717419488754,0.1480597656077919
0.5438596491228069,4861,1.0,0.05073597139435583,0.10869765413945844,0.24023472156412878,0.7633053313635955,0.14655542403155078
0.5463659147869674,4861,1.0,0.05089872560176205,0.10890351775886216,0.2410122547055147,0.7585498545013861,0.14624607934479478
0.5488721804511278,4861,1.0,0.05116446202008996,0.10916162845939913,0.2418963648866156,0.7545864398092027,0.14621153427830863
0.5513784461152882,4861,1.0,0.05132244651931929,0.10948720859048511,0.24282443344255192,0.7503634458971227,0.1463374889568042
0.5538847117794485,4861,1.0,0.051582141331634766,0.10988612736122054,0.24416058838249705,0.7609595411682807,0.1465155127848331
0.556390977443609,4861,1.0,0.05184793704653424,0.1102048854415119,0.2452149236214329,0.7628923439667955,0.14663164779279897
0.5588972431077694,4861,1.0,0.05202673551066171,0.1106502161445603,0.24602240122891492,0.7537979957328248,0.14660709668874883
0.5614035087719298,4861,1.0,0.05223498842558266,0.11106242114204981,0.2472492175399989,0.7469725940742113,0.14655013393638658
0.5639097744360901,4861,1.0,0.052515383386238866,0.11146672927176228,0.2482060428140693,0.7506316262352547,0.14665336140318702
0.5664160401002506,4861,1.0,0.05281804810756766,0.11191093423470608,0.24929786360664655,0.7399969331752332,0.14704907937124165
0.568922305764411,4861,1.0,0.05314980809054762,0.11245136150359326,0.25068036411836353,0.7277765009150422,0.14771482020584903
0.5714285714285714,4861,1.0,0.053569910553137944,0.11290010461068264,0.2514366155192332,0.7211140503146134,0.14768617838569817
0.5739348370927317,4861,1.0,0.05403830424345762,0.11316747804061085,0.25256778003993846,0.7148733910744317,0.1476899455401458
0.5764411027568922,4861,1.0,0.05432248674013065,0.11348263106370415,0.25366514677695545,0.7284251650661512,0.14777826910474715
0.5789473684210527,4861,1.0,0.0544060758202834,0.11400336924013056,0.25483010908134907,0.7205830398812948,0.14811636421012853
0.581453634085213,4861,1.0,0.05470467869377687,0.1143938540868168,0.25632243190528586,0.7126956565863181,0.14855359067326013
0.5839598997493733,4861,1.0,0.05493235854783157,0.11473226960050573,0.25750893590023494,0.7097893099013685,0.1491409349490934
0.5864661654135338,4861,1.0,0.05522458924298226,0.11508331075287001,0.2586105602195753,0.6982990780397138,0.14974339238070145
0.5889724310776943,4861,1.0,0.05551806213201414,0.11556207099447663,0.2601153507300189,0.6966311999503914,0.15039228330599666
0.5914786967418546,4861,1.0,0.0558397971570172,0.11617588837223514,0.2614557922916928,0.693553314282988,0.15108163559136922
0.593984962406015,4861,1.0,0.056065472654747,0.11681883631110763,0.2627962338533667,0.6862211762153613,0.15173608780337103
0.5964912280701754,4861,1.0,0.05636219365985766,0.11761352704384162,0.2642404018218558,0.6842598916616167,0.1524628768108829
0.5989974937343359,4861,1.0,0.05641486868446312,0.11821875952926765,0.2658538946564173,0.6822371001921557,0.1530820446406961
0.6015037593984962,4861,1.0,0.05678774142181685,0.11881342390216476,0.2669854614304407,0.6854346638121596,0.15372661636297089
0.6040100250626566,4861,1.0,0.057215872106501656,0.11967390551116686,0.2685535138980959,0.6874007820140529,0.15460754633480334
0.606516290726817,4861,1.0,0.05747371537686505,0.12030886558123466,0.2700320414746793,0.6895543374611867,0.1562047087490424
0.6090225563909775,4861,1.0,0.05777159461762551,0.12101003557465932,0.27140002967375376,0.6831597729619239,0.15858639373658678
0.6115288220551378,4861,1.0,0.05814700060461337,0.12170090833345297,0.27319271051497823,0.6792714790262131,0.15976833646376865
0.6140350877192982,4861,1.0,0.058710919479699454,0.12221006326318283,0.2745812458526517,0.6780676447511653,0.17034491581027347
0.6165413533834586,4861,1.0,0.0590354107908183,0.12297531714564144,0.27604293636275684,0.6835063175531931,0.16837060807265075
0.6190476190476191,4861,1.0,0.059317283177548315,0.12372378077301979,0.27755206413096967,0.6753964763568321,0.1651943688865222
0.6215538847117794,4861,1.0,0.059735879472149055,0.12435887020031078,0.2790344567561321,0.6727658712408676,0.161683661484875
0.6240601503759398,4861,1.0,0.060154475766749795,0.1251727180018973,0.2806577095770724,0.6638047762090691,0.16125223466567767
0.6265664160401002,4861,1.0,0.060573072061350555,0.12600271081628442,0.2822105323001239,0.6672322394383757,0.16178013437028782
0.6290726817042607,4861,1.0,0.060770827872258994,0.1270912736479326,0.28356195141942064,0.6615302715226368,0.16304816900730493
0.631578947368421,4861,1.0,0.061183936828512336,0.12817983647958073,0.2849811945147954,0.6644300490847034,0.16450658483147973
0.6340852130325814,4861,1.0,0.061479868382561455,0.12915070905743822,0.2868690004692781,0.6678370950413887,0.16510642489044178
0.6365914786967418,4861,1.0,0.06191510380944655,0.13009911704974406,0.2883523341179065,0.6735841252364801,0.16540716513876583
0.6390977443609023,4861,1.0,0.06231949577452713,0.1312425773530612,0.28967501594448053,0.6797114230052652,0.16658048640783907
0.6416040100250626,4861,1.0,0.06271103843857977,0.1319326192029559,0.2910859102573343,0.7001932744019294,0.16849555084808562
0.644110275689223,4861,1.0,0.06313129209196759,0.13264614883504794,0.29281559527640927,0.6984867620812275,0.16944896973217974
0.6466165413533834,4861,1.0,0.06350037096442235,0.1336556380425774,0.2943707360518353,0.7071461731016473,0.17072327202340568
0.6491228070175439,4861,1.0,0.06376260348875964,0.1345997572621422,0.2960200782470453,0.7011035804807068,0.17179265168845637
0.6516290726817042,4861,1.0,0.06435332003266735,0.1359082511299685,0.29775431874225944,0.7024119896804464,0.17360120654732109
0.6541353383458646,4861,1.0,0.06456412666902955,0.13703368797257665,0.29902759638139786,0.703720398880186,0.17552092649248713
0.656641604010025,4861,1.0,0.06499114050898684,0.1381445546789448,0.3003556086111293,0.7033673770177618,0.17612391061831303
0.6591478696741855,4861,1.0,0.06538470735181197,0.1395517827189275,0.3020789725662651,0.7279661773825308,0.17798016512310993
0.6616541353383458,4861,1.0,0.06607306766568241,0.14074702360230493,0.30350525938297696,0.7455663763974437,0.1772592090977087
0.6641604010025062,4861,1.0,0.06647299853200754,0.14171767509898345,0.3043105893789539,0.7590028812085305,0.1786592436541251
0.6666666666666666,4861,1.0,0.06667083144637963,0.14300290842672114,0.30534333677404824,0.7585772814530715,0.18070543807263453
0.6691729323308271,4861,1.0,0.0672084169454,0.14451797993644067,0.3068497593827784,0.7470379857961971,0.18316964889125106
0.6716791979949874,4861,1.0,0.06755969789920367,0.1460990250267539,0.308631673196465,0.7525656654592987,0.1839006711987084
0.6741854636591478,4861,1.0,0.06812209380291565,0.14740949261012243,0.3095012227770373,0.7688014652754658,0.1857153689914132
0.6766917293233082,4861,1.0,0.06880852358214613,0.1490238659894147,0.31097547057696623,0.7657292527239862,0.18651696345810514
0.6791979949874687,4861,1.0,0.06906314720828675,0.15074029871410705,0.3122096790195936,0.7660992196184392,0.18863478093727015
0.681704260651629,4861,1.0,0.06949746210765814,0.1524868041714174,0.3141150365707803,0.766931102652102,0.18902450011251984
0.6842105263157894,4861,1.0,0.06987425379592338,0.1540062479305243,0.3158202534131991,0.7760240826820606,0.19699292085975972
0.6867167919799498,4861,1.0,0.07039034905656,0.15574222039993454,0.317502014001116,0.7493877886445074,0.19117124039371686
0.6892230576441103,4861,1.0,0.07077014989622585,0.1575912669933222,0.3195864833794435,0.7458692775590614,0.19191532287466542
0.6917293233082706,4861,1.0,0.07133083175075669,0.1594266120809061,0.3216786996619395,0.7504292170104538,0.1934400053824973
0.694235588972431,4861,1.0,0.07166068085322429,0.16085161338564669,0.3233538647121498,0.7423081297087126,0.19442088255524462
0.6967418546365914,4861,1.0,0.0721050903857942,0.16264407556705673,0.32550643865951917,0.7674685999776298,0.19617109214832754
0.6992481203007519,4861,1.0,0.07262072504279561,0.1646678075581382,0.32797229886755624,0.747473795422873,0.19684652810887562
0.7017543859649122,4861,1.0,0.07315629786347148,0.16626413036599894,0.33039880163196467,0.7276112995083394,0.19780357357935785
0.7042606516290726,4861,1.0,0.07342713624355113,0.16826674232757388,0.33275207935799367,0.7283261087978267,0.19881621774748415
0.706766917293233,4861,1.0,0.07387972053098155,0.170305782304136,0.33498090682925125,0.7285487378940291,0.20023129977902346
0.7092731829573935,4861,1.0,0.07438816645553188,0.17260593457542453,0.337664807797323,0.7240423595129123,0.2018150649918646
0.7117794486215538,4861,1.0,0.07501006220501887,0.17483674197983748,0.3401488784893974,0.7222799834829625,0.20346479394485342
0.7142857142857142,4861,1.0,0.0755013857448926,0.1771308908239648,0.34280097577498414,0.7374140432688551,0.20519310749706987
0.7167919799498746,4861,1.0,0.0760267223785943,0.179338627375686,0.3456412200411958,0.7321283266362962,0.20690962502209212
0.7192982456140351,4861,1.0,0.0767072084573671,0.18258652976407944,0.3486008454574461,0.7309379432301938,0.2086869449715919
0.7218045112781954,4861,1.0,0.07735237903473398,0.1851405966756582,0.3512981014378513,0.7410175919263642,0.2105993274530982
0.7243107769423558,4861,1.0,0.07784524837741227,0.18840260323067107,0.354387972325143,0.738014641993109,0.21270905352879071
0.7268170426065163,4861,1.0,0.07834162841705405,0.19136218668684948,0.35765518586352946,0.7194291128936098,0.2148606261891615
0.7293233082706767,4861,1.0,0.07905007902835805,0.19447371268499436,0.3607327038901161,0.6967283680119432,0.21766387371717974
0.731829573934837,4861,1.0,0.07970297156181044,0.19715789439967818,0.36409334851946845,0.6736956370850694,0.21907296145426228
0.7343358395989974,4861,1.0,0.08029061226369877,0.20031320674218953,0.3671239722488442,0.6735061248449382,0.2208380916791805
0.7368421052631579,4861,1.0,0.08095930383866709,0.20384860811053931,0.3710365706546348,0.6726838123042154,0.22292127751485544
0.7393483709273183,4861,1.0,0.08145312369375021,0.20678810999842465,0.37435736254835905,0.677585346918241,0.22547424505802466
0.7418546365914787,4861,1.0,0.08211515654323805,0.2088148069968816,0.3778889926206754,0.6842609750774512,0.2289863768928523
0.744360902255639,4861,1.0,0.08271538336438077,0.21181548607537903,0.38179479477589523,0.6837883061156058,0.2317565037459769
0.7468671679197995,4861,1.0,0.08326860135107922,0.21531750204583544,0.3858025613620381,0.6790714095384445,0.23430745058492491
0.7493734335839599,4861,1.0,0.08403389338687846,0.21808769105127465,0.39005673710805583,0.6882664587790034,0.23740696032208053
0.7518796992481203,4861,1.0,0.08461635311714312,0.22125418947912234,0.39426448939548486,0.702348975200474,0.24011161944483045
0.7543859649122806,4861,1.0,0.0855301528779452,0.22438859770142813,0.39882805912652103,0.7094990745317626,0.24335622025669895
0.7568922305764411,4861,1.0,0.08624915874968822,0.22749503476152116,0.40395423893127946,0.7342539199893903,0.24713725764226563
0.7593984962406015,4861,1.0,0.08692581021191703,0.23159681963817147,0.4083725532230798,0.7543087456896524,0.2498279089209449
0.7619047619047619,4861,1.0,0.08752032035587858,0.23484421784513215,0.4139362856465112,0.7635674642911715,0.25305457296165523
0.7644110275689222,4861,1.0,0.0883772190976838,0.238701538519904,0.4188201745572634,0.7770961461756558,0.2563002249639881
0.7669172932330827,4861,1.0,0.08928173046446304,0.24091822260177778,0.42487711846660625,0.794675165650771,0.2597518039311619
0.7694235588972431,4861,1.0,0.09012036061270169,0.24339276885584044,0.43114995743562723,0.8134532051702108,0.2638579038229599
0.7719298245614035,4861,1.0,0.09099327907489022,0.24641317637099588,0.43746217456007797,0.8282422238125708,0.26856595217398616
0.7744360902255638,4861,1.0,0.09182753504778797,0.2494067367881828,0.4436205993038187,0.8352712733846084,0.2733943540997955
0.7769423558897243,4861,1.0,0.09279318542940887,0.25359485090768635,0.4498678405918127,0.8497409685304208,0.2786707817210108
0.7794486215538847,4861,1.0,0.0939872459067602,0.25743066039334067,0.4564844824174458,0.8765389773879348,0.2841149766112995
0.7819548872180451,4861,1.0,0.09527473988292315,0.2625753519111857,0.4635552329768805,0.9153304346578702,0.29138382491795645
0.7844611528822054,4861,1.0,0.09665080822153696,0.2667771037225017,0.4714582590045798,0.9500486993458381,0.2976507325583876
0.7869674185463659,4861,1.0,0.09788970063959872,0.2708430687476355,0.4791738808638515,1.0057218109395536,0.30395292109310545
0.7894736842105263,4861,1.0,0.09951784014430026,0.2753650835898702,0.48833942240469663,1.0630599446616007,0.31114536851286656
0.7919799498746867,4861,1.0,0.10091507036845893,0.2785406429795959,0.4993548638738365,1.1540784811924034,0.3199420135787761
0.794486215538847,4861,1.0,0.10254729968383222,0.2820091088376701,0.5110134385785274,1.2156132338805732,0.32776343072825825
0.7969924812030075,4861,1.0,0.10446871784923954,0.28697715531426227,0.5225508293714218,1.2964520977853315,0.3369585137587859
0.7994987468671679,4861,1.0,0.1067268004654886,0.29157846800025394,0.541234426388565,1.279709161064728,0.344472498508581
0.8020050125313283,4861,1.0,0.10862004601444064,0.29737029435207524,0.5547124524208504,1.2984266808577958,0.3514391407325622
0.8045112781954886,4861,1.0,0.11059640793453554,0.3027712767745701,0.5696486140801333,1.2885648115038688,0.3598103976376546
0.8070175438596491,4861,1.0,0.11278502865634446,0.30859853617022204,0.5904187859219148,1.3282139266692377,0.36863148466881723
0.8095238095238095,4861,1.0,0.11485433721344081,0.3149146663780053,0.6070198383048955,1.3459152278622426,0.37936597460116783
0.8120300751879699,4861,1.0,0.11715488656105814,0.32237272670202194,0.627752673376301,1.366537057800065,0.39156136772839895
0.8145363408521302,4861,1.0,0.11994254141097366,0.3296141416557593,0.6499718311351088,1.4078063905014526,0.3998913857921235
0.8170426065162907,4861,1.0,0.12305445823668879,0.3374603102445971,0.6705637152644646,1.4248253225815146,0.40745216414587704
0.8195488721804511,4861,1.0,0.12623047081845845,0.3446216926515882,0.692095584754339,1.4879676424029777,0.4176523785090145
0.8220551378446115,4861,1.0,0.12954317827742667,0.35450286703729067,0.711588599966543,1.4689704846348712,0.4322645146531886
0.8245614035087718,4861,1.0,0.13291558994651198,0.3626287752676699,0.7213244944286441,1.5605352658282914,0.437104745832871
0.8270676691729323,4861,1.0,0.1363653823337896,0.37137097249855794,0.729736600939158,1.6615546175183113,0.44331626641369454
0.8295739348370927,4861,1.0,0.13998962448181398,0.3804611121801044,0.7328735603822236,1.7525738825988986,0.45406370305930777
0.8320802005012531,4861,1.0,0.14356868687589622,0.39219624779855916,0.7376789774239936,1.9323101933611877,0.47254971382221667
0.8345864661654134,4861,1.0,0.14819439606056176,0.4028080126887407,0.7434515042940592,2.1281661294825605,0.48016610750332817
0.8370927318295739,4861,1.0,0.15234881181401486,0.4139551118778395,0.7443924886973353,2.2671182334599034,0.4923537077710776
0.8395989974937343,4861,1.0,0.15718445408061177,0.4252851076264101,0.7420457472710942,2.43260533913628,0.508322212251277
0.8421052631578947,4861,1.0,0.16243459587004094,0.4370041988455332,0.7548076014653976,2.6440039673378384,0.532925938399409
0.844611528822055,4861,1.0,0.16779880127402444,0.44983403222861473,0.773523865341328,2.7004847357950794,0.5407778657506751
0.8471177944862155,4861,1.0,0.17311662724232801,0.46551981223547156,0.7917765958549857,2.8714547686253935,0.5571704112189029
0.849624060150376,4861,1.0,0.1802528288725268,0.4812743549887302,0.8093451590290726,3.1333120921219133,0.5724896485613055
0.8521303258145363,4861,1.0,0.18679778003466346,0.49523399570287385,0.8267659655268156,3.0917189849788222,0.5914120440934296
0.8546365914786966,4861,1.0,0.19399367656064087,0.5086244219985969,0.8505761653434948,3.1191090427059347,0.6150923889689792
0.8571428571428571,4861,1.0,0.2014695309956534,0.5250804115992147,0.8833131313935108,3.490308159566822,0.6399178552888178
0.8596491228070176,4861,1.0,0.2094833248630441,0.5388957081164878,0.9296773060836168,3.5089143164207166,0.6710504813346181
0.8621553884711779,4861,1.0,0.21901320924161083,0.556774764772025,0.9777248439187158,3.870235559915377,0.7116772666832953
0.8646616541353382,4861,1.0,0.22847256936943713,0.5723082391041114,1.0273703842004989,4.11402846790357,0.744502534093169
0.8671679197994987,4861,1.0,0.23925821438363679,0.5913122155534911,1.0917829312717116,4.327856039274377,0.7677446096058177
0.8696741854636592,4861,1.0,0.2499832638678953,0.6136125918866725,1.1505558702758099,5.094654197471645,0.8025184260245019
0.8721804511278195,4861,1.0,0.2618252137361431,0.629334101194051,1.2227692691096816,5.499150033364844,0.8393397283315017
0.8746867167919798,4861,1.0,0.27401366564131413,0.6445030662814094,1.3020192431179731,5.515121937354628,0.8791595852356376
0.8771929824561403,4861,1.0,0.2868861562512951,0.6623844826206026,1.3720469126501809,5.941111537282569,0.944910451126466
0.8796992481203008,4861,1.0,0.30113242293542564,0.6834417796965545,1.4379906104103657,7.444629986475395,1.0225090461411135
0.8822055137844611,4861,1.0,0.3138436195728747,0.7130372907825212,1.4970688677748445,8.271046615134738,1.082900263530053
0.8847117794486214,4861,1.0,0.3215400142844928,0.7442061137422235,1.574895733005376,9.271135178710033,1.1578002161357608
0.8872180451127819,4861,1.0,0.3279812425857615,0.7778432142576461,1.6818160130619697,9.179073210577249,1.2276099862437517
0.8897243107769424,4861,1.0,0.3343204718148013,0.8129107783826838,1.8215290767163679,10.388720924778436,1.3252338835988429
0.8922305764411027,4861,1.0,0.33656756029743934,0.8590816472838811,1.9672110334791804,12.28832146881141,1.4114186855614208
0.894736842105263,4861,1.0,0.33738602071308016,0.9038254758006767,2.1861675505837614,18.518494350698166,1.5215455540482001
0.8972431077694235,4861,1.0,0.3402984719600772,0.956112070472998,2.493026174809262,22.936653704953162,1.625621215923538
0.899749373433584,4861,1.0,0.3375492805429056,1.0207967814322303,2.8687033806838684,24.421464286701998,1.7556256470976848
0.9022556390977443,4861,1.0,0.3392216774542034,1.0872164028961562,3.3593572795997853,26.009533489492046,1.8876539153236898
0.9047619047619047,4861,1.0,0.33573657011788405,1.1445105341859172,3.5561931277501264,26.002346263739657,2.002103057998688
0.9072681704260651,4861,1.0,0.3346667082713066,1.1965758399813176,3.5868365148613788,27.015982745879914,2.1174934892090733
0.9097744360902256,4861,1.0,0.33860328633095904,1.252859213351791,3.6201012051506023,26.223348256091207,2.2140588551921128
0.9122807017543859,4861,1.0,0.34569919449698955,1.3020575411774504,3.7060916796776904,26.22081131022366,2.2950427400675135
0.9147869674185463,4861,1.0,0.3604136099348685,1.3713124826652354,3.866794513497179,25.805294158128515,2.3754081257339896
0.9172932330827067,4861,1.0,0.3803140187149664,1.4136682453441074,4.006607236109712,25.318318651988974,2.4448056235886075
0.9197994987468672,4861,1.0,0.4023591233323364,1.45441278666483,4.013297336179102,25.168285834067312,2.512922826901544
0.9223057644110275,4861,1.0,0.42619730086742025,1.4769600658919069,4.132277962664733,24.871933408794682,2.5857713485239104
0.9248120300751879,4861,1.0,0.4530730913913771,1.5146641121804534,4.182349749581516,24.6537971682659,2.631691671019591
0.9273182957393483,4861,1.0,0.48037853439814787,1.5417635962065317,4.083288529634915,24.777804251184502,2.6580902213865296
0.9298245614035088,4861,1.0,0.507263014483638,1.5466023638345248,4.089323372452789,25.092756474906437,2.7092952321878827
0.9323308270676691,4861,1.0,0.5382225460959135,1.5746439312600324,4.310134490404594,25.900478492248023,2.7989367681844377
0.9348370927318295,4861,1.0,0.5683979773914719,1.6506488545647504,4.58997114385018,26.979625660629594,2.9282327121416194
0.9373433583959899,4861,1.0,0.599372935529876,1.8050305488809757,4.8723877734310115,27.62705173954693,3.0676227654114347
0.9398496240601504,4861,1.0,0.62560994021593,1.9981868017884676,5.450761029836184,27.911401804773043,3.2632607829159395
0.9423558897243107,4861,1.0,0.6471304556237022,2.180207367812563,5.993270582026796,28.243439209407153,3.434336534673051
0.9448621553884711,4861,1.0,0.6853930220048682,2.4144308875666725,6.551142063586321,28.84900064177437,3.6252808177457854
0.9473684210526315,4861,1.0,0.730919132479412,2.5771640147145307,7.157404293201962,28.860372509288577,3.8165847765708216
0.949874686716792,4861,1.0,0.7747306947376429,2.767318578081758,7.584354195637836,28.918176642061898,4.041376535691558
0.9523809523809523,4861,1.0,0.8154758547348171,2.8742664706217766,8.161532457538652,28.45331822390308,4.1833466142111115
0.9548872180451127,4861,1.0,0.8331232864829581,2.9134228603322505,8.762841602056664,28.38014982048888,4.269938211859937
0.9573934837092731,4861,1.0,0.8462334264466848,2.959355113601769,9.270106426999975,28.046479616444547,4.393903311274448
0.9598997493734336,4861,1.0,0.8738377481544514,3.0262714491955895,9.899416895595287,28.142635117752306,4.603360987118702
0.9624060150375939,4861,1.0,0.892868972774427,3.063824338201976,10.094142946309379,27.635436220080013,4.640767692164608
0.9649122807017543,4861,1.0,0.8880083806586001,3.115309130257065,10.104199131996658,27.328269461807853,4.701854080248215
0.9674185463659147,4861,1.0,0.9133799270700868,3.165664050266121,10.45410534336027,27.447225626574344,4.7591042937674635
0.9699248120300752,4861,1.0,0.9660564854850927,3.155100692028392,10.478585427410282,27.236625909748714,4.763437188105496
0.9724310776942355,4861,1.0,0.9963838913202512,3.158914523388876,10.620740362736795,27.170571368999525,4.744766666516073
0.9749373433583959,4861,1.0,1.0296795524954736,3.176296892236247,10.632959202008507,26.893813324212296,4.735582732533931
0.9774436090225563,4861,1.0,1.0602257370519113,3.1277147729212467,10.763018978255017,26.449376076679492,4.704738222201845
0.9799498746867168,4861,1.0,1.1274045958757453,3.085703114148682,10.822231033740056,26.063057776640534,4.670189768006337
0.9824561403508771,4861,1.0,1.184652382441581,3.029526474579449,10.97098091373627,25.807809593316673,4.6255542857970084
0.9849624060150375,4861,1.0,1.2223002948412254,2.9632775898997967,10.930415246152556,25.53012962069065,4.55962562542009
0.9874686716791979,4861,1.0,1.258607357639354,2.868213496249299,11.001983957532737,25.215284700577712,4.501999614471997
0.9899749373433584,4861,1.0,1.3086277565535989,2.767881292756742,10.96123110875966,24.852692724314494,4.4569982659067575
0.9924812030075187,4861,1.0,1.3471667841944353,2.657251802292588,11.041458792074186,24.763189529279227,4.43330450644493
0.9949874686716791,4861,1.0,1.3666050963925254,2.554913412301387,11.058002611219429,24.863947411399284,4.433082709357778
0.9974937343358395,4861,1.0,1.4000331325244226,2.4700883945469405,11.36419635848613,25.26034262842576,4.5247104864938255
1.0,4861,1.0,1.42002249,2.4228127,11.9576244,97.97787165999912,6.123503082809093
