quantity,unit,population,weighting,count,mean,std,min,p01,p05,p25,p50,p75,p90,p95,p99,max
scalar_shear_stress,Pa,all_exported_nodes,point_sampled,106198,0.6692710413674291,0.9639862466965555,0.00128221523,0.026030030229,0.05858550689,0.20435121325,0.4025976955,0.7687061430000001,1.356273783,1.9947762074999995,5.193215430199995,18.0609283
speed,m/s,all_exported_nodes,point_sampled,106198,0.8519943392617167,0.4488944501034134,0.0378278084,0.12505589673,0.14221897225000002,0.443520464,0.904642105,1.30610102,1.396018079,1.418985304,1.4318970631,1.59467733
transit_time,s,all_exported_paths,equal_path,969,0.13346754118622664,0.05168764944089342,0.05513985141484275,0.08995933207320456,0.09068931957706067,0.0956873901817039,0.09975604515169782,0.17648143176530764,0.2174418300064405,0.23124967075084402,0.24752822875523042,0.3870525166487495
transit_time,s,all_exported_unverified,equal_path,969,0.13346754118622664,0.05168764944089342,0.05513985141484275,0.08995933207320456,0.09068931957706067,0.0956873901817039,0.09975604515169782,0.17648143176530764,0.2174418300064405,0.23124967075084402,0.24752822875523042,0.3870525166487495
transit_time,s,all_exported_unverified,inlet_speed_proxy,969,0.13338781365465704,0.05143867294056632,0.05513985141484275,0.08995208424528085,0.09068254717886598,0.0956873901817039,0.09975604515169782,0.17648143176530764,0.21735872489239386,0.2312704403451391,0.24500187492924927,0.3870525166487495
path_maximum_stress,Pa,all_exported_unverified,equal_path,969,2.561152933571724,2.764337231982588,0.779168487,0.78018635016,0.784714818,0.905969322,1.32632017,2.97100019,6.123768042000001,8.604218673999997,12.370610371999996,18.0609283
path_maximum_stress,Pa,all_exported_unverified,inlet_speed_proxy,969,2.5562347168656863,2.7511012747665715,0.779168487,0.780145049,0.784533262,0.905969322,1.32632017,2.97100019,6.11774492,8.61832619,12.3440857,18.0609283
stress_accumulation,dyne*s/cm2,all_exported_unverified,equal_path,969,0.5894398015365115,0.4770102924225493,0.257635883799049,0.2578786282868193,0.2614679795069622,0.2843301722871988,0.3372474294557508,0.7652881289335444,1.2475872576062579,1.5837938764633377,2.305437979173981,3.4226865628159864
stress_accumulation,dyne*s/cm2,all_exported_unverified,inlet_speed_proxy,969,0.5884841599420428,0.47384603920088864,0.257635883799049,0.2578532503348893,0.26144840807193614,0.2843301722871988,0.3372474294557508,0.7652881289335444,1.2465769919348377,1.5862638080966214,2.2846159825629853,3.4226865628159864
GW_HI2,%,all_exported_unverified,equal_path,969,4.2262347959423085e-06,8.362297440892856e-06,3.0576531865619793e-07,3.06397893463223e-07,3.131165128922904e-07,4.732547991943975e-07,6.614432433449175e-07,3.4468762542113445e-06,1.2616196723861208e-05,2.236345320922674e-05,4.49890582941553e-05,5.444030013183498e-05
GW_HI2,%,all_exported_unverified,inlet_speed_proxy,969,4.2083241471841946e-06,8.307343959045914e-06,3.0576531865619793e-07,3.0637640040587975e-07,3.1304570332908727e-07,4.732547991943975e-07,6.614432433449175e-07,3.4468762542113445e-06,1.2611014326885864e-05,2.244069956628068e-05,4.470327861997615e-05,5.444030013183498e-05
GW_HI3,%,all_exported_unverified,equal_path,969,7.367671951347237e-06,1.610063038176043e-05,4.810618626271579e-07,4.823279846927737e-07,4.925527702262145e-07,6.95815205174835e-07,1.1398899472055367e-06,5.503279966388961e-06,1.983683338791565e-05,3.886658465526568e-05,8.70526962804455e-05,0.0001324202979892649
GW_HI3,%,all_exported_unverified,inlet_speed_proxy,969,7.322560878443952e-06,1.5919795729093068e-05,4.810618626271579e-07,4.823088674742103e-07,4.924865759924118e-07,6.95815205174835e-07,1.1398899472055367e-06,5.503279966388961e-06,1.9798942355645844e-05,3.889139583621449e-05,8.694639667305453e-05,0.0001324202979892649
