N_requested,n_streamlines,constants,HI2_percent,HI3_percent,HI2_NIH_mg_per_100L,HI3_NIH_mg_per_100L,SA_median_dyne_s_cm2,P_SA_above_hellums,frac_tau_over_range,frac_t_over_range,file
10,10,GW,1.742862781213069e-05,3.3448944561139444e-05,1.8300059202737222,3.5121391789196412,0.7221573030742079,0.0,0.0,0.0,sweep_N10.csv
10,10,HO,4.3874924429262446e-07,7.747219214052881e-07,0.04606867065072557,0.08134580174755524,0.7221573030742079,0.0,0.0,0.0,sweep_N10.csv
10,10,TZ,3.675867425392189e-06,8.943558105009468e-06,0.3859660796661798,0.939073601025994,0.7221573030742079,0.0,0.0,0.0,sweep_N10.csv
30,30,GW,6.62349822649616e-05,0.0001532488779869111,6.954673137820968,16.091132188625664,0.6700943885451867,0.0,0.0,0.0,sweep_N30.csv
30,30,HO,1.0936714624733445e-06,2.2828434726982195e-06,0.11483550355970117,0.23969856463331302,0.6700943885451867,0.0,0.0,0.0,sweep_N30.csv
30,30,TZ,8.613597648004831e-06,2.6726021594301903e-05,0.9044277530405073,2.8062322674016995,0.6700943885451867,0.0,0.0,0.0,sweep_N30.csv
100,100,GW,8.497882060171654e-05,0.0001832645599488787,8.922776163180234,19.24277879463226,0.6746841378452728,0.0,0.0,0.0,sweep_N100.csv
100,100,HO,1.3340489539387775e-06,2.677360546008212e-06,0.14007514016357162,0.28112285733086223,0.6746841378452728,0.0,0.0,0.0,sweep_N100.csv
100,100,TZ,1.081282889098765e-05,3.118915948266633e-05,1.135347033553703,3.274861745679965,0.6746841378452728,0.0,0.0,0.0,sweep_N100.csv
300,298,GW,0.00012323025553683415,0.00021427235586458948,12.939176831367586,22.498597365781897,0.6466400715940079,0.0,0.0,0.0,sweep_N300.csv
300,298,HO,1.936117678296795e-06,3.2619109667508907e-06,0.2032923562211635,0.3425006515088435,0.6466400715940079,0.0,0.0,0.0,sweep_N300.csv
300,298,TZ,1.576510023874558e-05,3.4906322863110054e-05,1.655335525068286,3.6651639006265553,0.6466400715940079,0.0,0.0,0.0,sweep_N300.csv
1000,985,GW,0.00012866828705636476,0.00022810121539795574,13.510170140918298,23.95062761678535,0.6432678655805925,0.0,0.0,0.0,sweep_N1000.csv
1000,985,HO,2.0381799640914143e-06,3.4442543472159763e-06,0.2140088962295985,0.3616467064576775,0.6432678655805925,0.0,0.0,0.0,sweep_N1000.csv
1000,985,TZ,1.695525440883338e-05,3.788601861460154e-05,1.7803017129275047,3.9780319545331615,0.6432678655805925,0.0,0.0,0.0,sweep_N1000.csv
3000,2905,GW,0.00013735671730350044,0.00023431479405647566,14.422455316867547,24.603053375929942,0.6443185647458407,0.0,0.0,0.0007871410807789275,sweep_N3000.csv
3000,2905,HO,2.1965415380563075e-06,3.5708298788303192e-06,0.23063686149591228,0.3749371372771835,0.6443185647458407,0.0,0.0,0.0007871410807789275,sweep_N3000.csv
3000,2905,TZ,1.838318291925827e-05,3.879772522382111e-05,1.9302342065221183,4.073761148501216,0.6443185647458407,0.0,0.0,0.0,sweep_N3000.csv
10000,9709,GW,0.00016378771136042226,0.00027384525440886604,17.197709692844334,28.75375171293093,0.640093148629955,0.0,0.0,0.00019732999963499655,sweep_N10000.csv
10000,9709,HO,2.507556372744315e-06,4.016814665158598e-06,0.2632934191381531,0.42176553984165277,0.640093148629955,0.0,0.0,0.00019732999963499655,sweep_N10000.csv
10000,9709,TZ,2.0755323438479565e-05,4.297519756185903e-05,2.179308961040354,4.512395743995198,0.640093148629955,0.0,0.0,0.0,sweep_N10000.csv
30000,29451,GW,0.00017449550722621436,0.00028390061673090605,18.32202825875251,29.809564756745136,0.6405104255104168,0.00016977352212148994,0.0,0.00014965189912783476,sweep_N30000.csv
30000,29451,HO,2.6486468392683986e-06,4.145989821806087e-06,0.2781079181231818,0.4353289312896392,0.6405104255104168,0.00016977352212148994,0.0,0.00014965189912783476,sweep_N30000.csv
30000,29451,TZ,2.1919723305951908e-05,4.391884426099074e-05,2.3015709471249504,4.611478647404026,0.6405104255104168,0.00016977352212148994,0.0,0.0,sweep_N30000.csv
300000,292782,GW,0.0001621271547815761,0.00026773258564358204,17.02335125206549,28.11192149257611,0.6375227563684807,0.00019809960994869903,0.0,0.000314389162076161,sweep_N300000.csv
300000,292782,HO,2.4815590474426762e-06,3.935927994647034e-06,0.260563699981481,0.41327243943793845,0.6375227563684807,0.00019809960994869903,0.0,0.000314389162076161,sweep_N300000.csv
300000,292782,TZ,2.0527313458701732e-05,4.192946934423024e-05,2.155367913163682,4.402594281144175,0.6375227563684807,0.00019809960994869903,0.0,0.0,sweep_N300000.csv
