N_requested,n_streamlines,constants,HI2_percent,HI3_percent,HI2_NIH_mg_per_100L,HI3_NIH_mg_per_100L,SA_median_dyne_s_cm2,P_SA_above_hellums,frac_tau_over_range,frac_t_over_range,file,HI3_change_from_reference_percent
10,10,GW,1.742862781213069e-05,3.3448944561139444e-05,1.8300059202737224,3.512139178919641,0.7221573030742079,0.0,0.0,0.0,sweep_N10.csv,-87.50658442238772
30,30,GW,6.62349822649616e-05,0.0001532488779869,6.954673137820968,16.091132188625664,0.6700943885451867,0.0,0.0,0.0,sweep_N30.csv,-42.7604683910523
100,100,GW,8.497882060171654e-05,0.0001832645599488,8.922776163180234,19.24277879463226,0.6746841378452728,0.0,0.0,0.0,sweep_N100.csv,-31.5494004929049
300,298,GW,0.0001232302555368,0.0002142723558645,12.939176831367586,22.498597365781897,0.6466400715940079,0.0,0.0,0.0,sweep_N300.csv,-19.967771069212027
1000,985,GW,0.0001286682870563,0.0002281012153979,13.510170140918298,23.95062761678535,0.6432678655805925,0.0,0.0,0.0,a1to10k_sweep_N1000.csv,-14.802594966301708
2000,1948,GW,0.000161981185734,0.0002764307358248,17.008024502073912,29.0252272616064,0.6464893445339299,0.0,0.0,0.0007700424949376,a1to10k_sweep_N2000.csv,3.248820146539888
3000,2905,GW,0.0001373567173035,0.0002343147940564,14.422455316867548,24.603053375929942,0.6443185647458407,0.0,0.0,0.0007871410807789,a1to10k_sweep_N3000.csv,-12.481779723142727
4000,3854,GW,0.0001547350230386,0.000255633511881,16.247177419054204,26.84151874751272,0.6426647119427087,0.0,0.0,0.0,a1to10k_sweep_N4000.csv,-4.519088975824303
5000,4809,GW,0.0001603493573564,0.0002684034736856,16.836682522424383,28.182364736992845,0.6420933587314239,0.0,0.0,0.0003118372026368,a1to10k_sweep_N5000.csv,0.25058139279217073
6000,5760,GW,0.0001538531699085,0.0002561356645611,16.154582840397786,26.894244778924303,0.6429639307958874,0.0,0.0,0.0011039561950181,a1to10k_sweep_N6000.csv,-4.331531425105084
7000,6749,GW,0.0001721157790615,0.0002840892027218,18.07215680146399,29.82936628578937,0.6430256234180617,0.0,0.0,0.0,a1to10k_sweep_N7000.csv,6.1093112886887235
8000,7731,GW,0.0001628905159298,0.0002673062672384,17.10350417263256,28.067158060035897,0.6428018469849663,0.0,0.0,0.000373630023248,a1to10k_sweep_N8000.csv,-0.15923291672549356
9000,8741,GW,0.0001727112323543,0.0002865978011467,18.13467939720907,30.09276912040425,0.6410977037687334,0.0002288067726804,0.0,0.0009280419328087,a1to10k_sweep_N9000.csv,7.046290408683897
10000,9709,GW,0.0001637877113604,0.0002738452544088,17.197709692844334,28.75375171293093,0.640093148629955,0.0,0.0,0.0001973299996349,a1to10k_sweep_N10000.csv,2.2831246897310864
30000,29451,GW,0.0001744955072262,0.0002839006167309,18.32202825875251,29.809564756745136,0.6405104255104168,0.0001697735221214,0.0,0.0001496518991278,sweep_N30000.csv,6.0388730973702565
100000,97331,GW,0.0001617020236741,0.0002676382298163,16.978712485786357,28.10201413071489,0.6372712066205768,8.21937512200635e-05,0.0,0.0002225899740391,sweep_N100000.csv,-0.03524256377792634
300000,292782,GW,0.0001621271547815,0.0002677325856435,17.02335125206549,28.11192149257611,0.6375227563684807,0.0001980996099486,0.0,0.0003143891620761,sweep_N300000.csv,0.0
10,10,HO,4.387492442926245e-07,7.747219214052881e-07,0.0460686706507255,0.0813458017475552,0.7221573030742079,0.0,0.0,0.0,sweep_N10.csv,-80.31666426675157
30,30,HO,1.0936714624733445e-06,2.2828434726982195e-06,0.1148355035597011,0.239698564633313,0.6700943885451867,0.0,0.0,0.0,sweep_N30.csv,-41.99986697411774
100,100,HO,1.3340489539387777e-06,2.677360546008212e-06,0.1400751401635716,0.2811228573308622,0.6746841378452728,0.0,0.0,0.0,sweep_N100.csv,-31.97638397731124
300,298,HO,1.936117678296795e-06,3.2619109667508907e-06,0.2032923562211635,0.3425006515088435,0.6466400715940079,0.0,0.0,0.0,sweep_N300.csv,-17.124729639689118
1000,985,HO,2.0381799640914143e-06,3.4442543472159763e-06,0.2140088962295985,0.3616467064576775,0.6432678655805925,0.0,0.0,0.0,a1to10k_sweep_N1000.csv,-12.491937050163148
2000,1948,HO,2.38689850452901e-06,3.9144479942693255e-06,0.250624342975546,0.4110170393982792,0.6464893445339299,0.0,0.0,0.0007700424949376,a1to10k_sweep_N2000.csv,-0.5457417007353804
3000,2905,HO,2.1965415380563075e-06,3.5708298788303192e-06,0.2306368614959122,0.3749371372771835,0.6443185647458407,0.0,0.0,0.0007871410807789,a1to10k_sweep_N3000.csv,-9.276036459845216
4000,3854,HO,2.4120195682285894e-06,3.837813583244837e-06,0.2532620546640018,0.4029704262407079,0.6426647119427087,0.0,0.0,0.0,a1to10k_sweep_N4000.csv,-2.492789795332473
5000,4809,HO,2.459402242593223e-06,3.94766362507103e-06,0.2582372354722884,0.4145046806324581,0.6420933587314239,0.0,0.0,0.0003118372026368,a1to10k_sweep_N5000.csv,0.2981667967492774
6000,5760,HO,2.413514604671577e-06,3.843269547431407e-06,0.2534190334905156,0.4035433024802977,0.6429639307958874,0.0,0.0,0.0011039561950181,a1to10k_sweep_N6000.csv,-2.35417028313637
7000,6749,HO,2.6158744780201346e-06,4.146203886018038e-06,0.2746668201921141,0.4353514080318939,0.6430256234180617,0.0,0.0,0.0,a1to10k_sweep_N7000.csv,5.342473024328331
8000,7731,HO,2.512418573566872e-06,3.961183215465904e-06,0.2638039502245215,0.4159242376239198,0.6428018469849663,0.0,0.0,0.000373630023248,a1to10k_sweep_N8000.csv,0.6416586089282639
9000,8741,HO,2.608023241889302e-06,4.154596183252001e-06,0.2738424403983768,0.4362325992414601,0.6410977037687334,0.0002288067726804,0.0,0.0009280419328087,a1to10k_sweep_N9000.csv,5.555695858825738
10000,9709,HO,2.507556372744315e-06,4.016814665158598e-06,0.2632934191381531,0.4217655398416527,0.640093148629955,0.0,0.0,0.0001973299996349,a1to10k_sweep_N10000.csv,2.055085118975075
30000,29451,HO,2.6486468392683986e-06,4.145989821806087e-06,0.2781079181231818,0.4353289312896392,0.6405104255104168,0.0001697735221214,0.0,0.0001496518991278,sweep_N30000.csv,5.337034301561028
100000,97331,HO,2.476607413295488e-06,3.934309101085966e-06,0.2600437783960262,0.4131024556140263,0.6372712066205768,8.21937512200635e-05,0.0,0.0002225899740391,sweep_N100000.csv,-0.04113117829567248
300000,292782,HO,2.481559047442676e-06,3.935927994647034e-06,0.260563699981481,0.4132724394379384,0.6375227563684807,0.0001980996099486,0.0,0.0003143891620761,sweep_N300000.csv,0.0
10,10,TZ,3.675867425392189e-06,8.943558105009468e-06,0.3859660796661798,0.939073601025994,0.7221573030742079,0.0,0.0,0.0,sweep_N10.csv,-78.66999452918152
30,30,TZ,8.613597648004831e-06,2.6726021594301903e-05,0.9044277530405072,2.8062322674016995,0.6700943885451867,0.0,0.0,0.0,sweep_N30.csv,-36.259575872787494
100,100,TZ,1.081282889098765e-05,3.118915948266633e-05,1.135347033553703,3.274861745679965,0.6746841378452728,0.0,0.0,0.0,sweep_N100.csv,-25.615181946112187
300,298,TZ,1.576510023874558e-05,3.4906322863110054e-05,1.655335525068286,3.6651639006265553,0.6466400715940079,0.0,0.0,0.0,sweep_N300.csv,-16.749905474505177
1000,985,TZ,1.695525440883338e-05,3.788601861460154e-05,1.7803017129275047,3.9780319545331615,0.6432678655805925,0.0,0.0,0.0,sweep_N1000.csv,-9.643457913652576
3000,2905,TZ,1.838318291925827e-05,3.879772522382111e-05,1.9302342065221183,4.073761148501216,0.6443185647458407,0.0,0.0,0.0,sweep_N3000.csv,-7.469076450022094
10000,9709,TZ,2.0755323438479565e-05,4.297519756185903e-05,2.179308961040354,4.512395743995198,0.640093148629955,0.0,0.0,0.0,sweep_N10000.csv,2.4940172961494644
30000,29451,TZ,2.1919723305951908e-05,4.391884426099074e-05,2.3015709471249504,4.611478647404026,0.6405104255104168,0.0001697735221214,0.0,0.0,sweep_N30000.csv,4.744574514950872
300000,292782,TZ,2.052731345870173e-05,4.192946934423024e-05,2.155367913163682,4.402594281144175,0.6375227563684807,0.0001980996099486,0.0,0.0,sweep_N300000.csv,0.0
