streamline_id,start_node_id,end_node_id,n_points,weight,status,transit_s,length_m,floor_segments,min_speed_m_s,max_stress_Pa,SA_dyne_s_cm2,repeated_node_ids,start_x_m,start_y_m,start_z_m,end_x_m,end_y_m,end_z_m,GW_HI2_percent,GW_HI3_percent,GW_HI2_exact_percent,GW_time_fraction_tau_above_fit,GW_transit_above_fit,HO_HI2_percent,HO_HI3_percent,HO_HI2_exact_percent,HO_time_fraction_tau_above_fit,HO_transit_above_fit,TZ_HI2_percent,TZ_HI3_percent,TZ_HI2_exact_percent,TZ_time_fraction_tau_above_fit,TZ_transit_above_fit,TZ_time_fraction_tau_below_50Pa,GW_HI3_no_floor_percent,GW_HI3_midpoint_percent,GW_HI2_reversed_percent,GW_HI3_stride2_percent,GW_HI3_stride4_percent,normalized_proxy_weight,weighted_HI3_contribution,cumulative_proxy_weight_percent,cumulative_HI3_contribution_percent
20,20,1832,102,0.12608391,unverified,0.0785190300845546,0.0735971879191197,0,0.12608391,55.696804,3.573054317213047,0,-0.0148918349,0.00752823474,0.0187902637,0.0338851437,0.0505906381,0.0297663528,0.0025283696244309,0.005404249805552,0.0025296033962579,0.0,False,2.7075505815827368e-05,6.095228068505394e-05,2.7093672520964858e-05,0.0,False,0.0002118039544155,0.0007104917779079,0.0002120299605037,0.0,False,0.9974083216901538,0.005404249805552,0.0052803037734839,0.0038112075245136,0.005481329203372,0.0056516181292959,0.010002958996609008,5.405848921236886e-05,1.0002958996609008,29.497513991495023
42,42,3804,221,0.12630938,unverified,0.1371966240288432,0.1067329025525492,0,0.118188761,75.6324615,4.228647723971463,0,-0.0268078893,0.00246691843,0.00363552547,0.0311608352,0.0534062162,0.0267696083,0.0017774732307104,0.0048817153974174,0.001778599741551,0.0,False,1.8951903223754343e-05,5.145014681625087e-05,1.8985291733744582e-05,0.0,False,0.0001414690894126,0.0006458552008762,0.0001420756300622,0.0,False,0.9933117014994984,0.0048817153974174,0.0049034992965963,0.0025625837510889,0.0048984594920662,0.004750993386688,0.01002084682357254,4.8918922233795314e-05,2.0023805820181546,56.19057578557253
53,53,4833,180,0.126337066,unverified,0.0967688026891531,0.0959601349326648,0,0.126337066,38.356514,3.001641447203294,0,-0.0267920773,0.0026530528,-0.00303065334,0.0314925723,0.0532475859,0.0267394632,0.0006128772354308,0.0013231836760794,0.0006140051321954,0.0,False,9.000129400747011e-06,1.9130654788280235e-05,9.03740157689225e-06,0.0,False,7.028006273886083e-05,0.000222400692004,7.102430172924611e-05,0.0,False,1.0,0.0013231836760794,0.0013192429140516,0.0008413814228094,0.0013253664852694,0.001253058862411,0.010023043312583548,1.3262327295847347e-05,3.0046849132765097,63.427287182226465
66,66,5971,117,0.126060635,unverified,0.0929033577282553,0.0864684036199521,0,0.126060635,54.9442101,1.5489345068290192,0,-0.022609815,0.00728646852,-0.00849975366,0.0331241861,0.0526603609,0.0261773057,0.0003794947002563,0.0010989146935423,0.0003796383477665,0.0,False,4.797235171633287e-06,1.3991670372957322e-05,4.803267773557784e-06,0.0,False,3.709712106882773e-05,0.0001874077309029,3.718969027187486e-05,0.0,False,0.9994458999102752,0.0010989146935423,0.001054912459902,0.0005399096751162,0.0010760841801021,0.001220916889531,0.010001112457501472,1.0990369431317309e-05,4.0047961590266565,69.42428378341533
8,8,859,96,0.12625809,unverified,0.0439598050449185,0.0562673184065494,0,0.12625809,17.0165138,2.2055013608051715,0,0.0168062691,0.00332758343,0.0206476375,0.0265435893,0.0537359007,0.0312171038,0.0004433249664469,0.0007349725913418,0.0004441974067344,0.0,False,7.473095175967633e-06,1.2601838504810851e-05,7.499009843902759e-06,0.0,False,6.265685285569673e-05,0.0001382178247595,6.307845597805902e-05,0.0,False,1.0,0.0007349725913418,0.0007405497970847,0.0006882026278813,0.0007081913748712,0.000719487303859,0.01001677769399894,7.36205705865314e-06,5.0064739284265505,73.44145822276533
59,59,5358,104,0.126002237,unverified,0.1132309211003948,0.0608511952752603,0,0.126002237,28.0945396,2.4293564879318503,0,-0.0194230676,0.01234964,-0.000534806924,0.024103146,0.038526915,0.0180190802,0.0002982716999464,0.0005999252221132,0.000298521834346,0.0,False,5.234939167795927e-06,1.07678058163436e-05,5.24094705465327e-06,0.0,False,3.921641984236936e-05,0.0001169465595193,3.9288112119063214e-05,0.0,False,1.0,0.0005999252221132,0.000556718143829,0.0005345658029792,0.0006314945409764,0.0006940303448231,0.00999647940956154,5.997140130131237e-06,6.006121869382705,76.71385313196355
15,15,1428,91,0.12619777,unverified,0.0415823784065297,0.0530302600559739,0,0.12619777,15.1615219,1.7526384854932398,0,0.0205819756,0.00308104535,0.0170867965,0.0357779115,0.0487093702,0.0316877253,0.0002769427210955,0.0004710869221213,0.0002776703611787,0.0,False,5.006995350341088e-06,8.565427032373138e-06,5.030776177790888e-06,0.0,False,4.232357639508109e-05,9.555660123579066e-05,4.272309484324064e-05,0.0,False,1.0,0.0004710869221213,0.0004682656359779,0.0004670843482317,0.0004775566423019,0.0004924537575808,0.010011992162786625,4.716518572269729e-06,7.007321085661367,79.28746505866977
32,32,2863,93,0.12617901,unverified,0.0450663654181417,0.0548544209986686,0,0.12617901,13.4797821,2.0107515674956398,0,0.0258289482,0.0028011424,0.0074788644,0.0401005596,0.0517445132,0.0203531887,0.0002520666138678,0.0003950192678429,0.0002531414364422,0.0,False,4.967714144257652e-06,7.762809630226176e-06,5.0027909587194e-06,0.0,False,4.204043206916481e-05,8.307422221950389e-05,4.269000858435829e-05,0.0,False,1.0,0.0003950192678429,0.0003926327653616,0.0004004629971156,0.0004108698250672,0.0004032598562239,0.010010503824498447,3.954341891491927e-06,8.00837146811121,81.44518823907913
3,3,436,61,0.126001418,unverified,0.0315987760355886,0.0322634930423965,0,0.126001418,35.4445724,0.7352284374608424,0,0.011730683,0.00300443475,0.0240842905,0.0207456313,0.0311590489,0.024085911,0.0001275583666463,0.0003553721218802,0.0001281186780088,0.0,False,1.9225402372788894e-06,4.977662740270942e-06,1.943505225348268e-06,0.0,False,1.70461494894876e-05,7.301407444323343e-05,1.7419146672005505e-05,0.0,False,1.0,0.0003553721218802,0.0003064216232224,0.0003454045464762,0.0003715304939247,0.000503116514493,0.009996414433598961,3.5524470084619204e-06,9.008012911471107,83.38361376415233
48,48,4326,124,0.125974149,unverified,0.0835614817114518,0.0677777028033797,0,0.125974149,21.7682648,2.19203287325355,0,-0.00869924854,0.0180951953,0.00246322737,0.0324394256,0.0550298095,0.0218604486,0.0001845481899253,0.0003173437931866,0.000184671063668,0.0,False,3.780833369889201e-06,6.450180743500383e-06,3.784924268164258e-06,0.0,False,3.0115914167981296e-05,6.924090392561017e-05,3.0169687576184108e-05,0.0,False,1.0,0.0003173437931866,0.0003152238798667,0.0002192987305422,0.0003128909096386,0.0003042486222971,0.009994251027587213,3.171613531153601e-06,10.007438014229827,85.11423398447126
83,83,7408,96,0.126014262,unverified,0.0956400245661991,0.079885886569453,0,0.126014262,24.4634037,1.400437901529035,0,-0.0144811552,0.0118497722,-0.01379932,0.0341280811,0.0545440055,0.021017123,0.0001009344232665,0.0002127495051495,0.0001009885291084,0.0,False,2.049092207423893e-06,4.346782605663963e-06,2.0517695414552048e-06,0.0,False,1.570094492521733e-05,4.9425791849036e-05,1.573953080876561e-05,0.0,False,1.0,0.0002127495051495,0.00020625137324,0.0001545897775748,0.000209398031165,0.0001947505173551,0.009997433421710547,2.1269490132339913e-06,11.007181356400881,86.27482336074097
49,49,4415,90,0.126002744,unverified,0.0908031202216824,0.0691395444057553,0,0.125280559,25.7922993,0.9110501555985228,0,-0.0142422654,0.0158843417,0.000743841694,0.0329516754,0.0528212972,0.02602477,7.796147507029611e-05,0.0001930531760811,7.799123680266269e-05,0.0,False,1.4396452155259606e-06,3.6582426921308215e-06,1.4407759598696584e-06,0.0,False,1.1076231268199836e-05,4.51694993861182e-05,1.1091257219177806e-05,0.0,False,1.0,0.0001930531760811,0.0001948308544597,0.0001186434272016,0.0001759560315577,0.0001734227389981,0.009996519632776472,1.9298598648645695e-06,12.006833319678528,87.32786922263757
30,30,2703,127,0.126173407,unverified,0.1209784404008022,0.0923231856486159,0,0.126173407,11.0718679,2.104150027605421,0,-0.0240523759,0.002720366,0.0121138329,0.0269774105,0.0560086593,0.0258588847,9.534844968698242e-05,0.0001787527439269,9.596440225182312e-05,0.0,False,2.241793677911154e-06,4.034682052312648e-06,2.265581338150664e-06,0.0,False,1.773415879663921e-05,4.317014215536757e-05,1.8163240239824144e-05,0.0,False,1.0,0.0001787527439269,0.0001767082305579,0.0001394608488371,0.0001802411144715,0.0001855358704878,0.010010059306405233,1.7893255678909366e-06,13.00783925031905,88.30423124723752
1,1,284,94,0.125960752,unverified,0.0514781760049324,0.0585292410630173,0,0.125960752,10.7737427,1.502253283921806,0,0.00544383517,0.00534393685,0.0248853117,0.0258513521,0.0550342686,0.0292055327,0.0001004890638184,0.000160271256838,0.0001007684163717,0.0,False,2.324524930806291e-06,3.654103090594397e-06,2.337143682973696e-06,0.0,False,1.94802667728931e-05,3.9427126627295645e-05,1.968606010707774e-05,0.0,False,1.0,0.000160271256838,0.000160229500943,0.0001274400005473,0.0001599602063829,0.0001564660697821,0.009993188166817131,1.601620827314411e-06,14.007158067000763,89.17817044626284
23,23,2110,89,0.126153484,unverified,0.0413219837796468,0.052806168745197,0,0.126153484,10.0101538,1.2158053872346923,0,0.0236227997,0.00345670548,0.0121308453,0.0401508734,0.0490282923,0.0261220187,9.360546803115392e-05,0.0001524840946305,9.415498158935466e-05,0.0,False,2.139100867718019e-06,3.402229677179676e-06,2.1594835824161585e-06,0.0,False,1.8566468825870495e-05,3.771880264498922e-05,1.890910652169568e-05,0.0,False,1.0,0.0001524840946305,0.000150771121644,0.0001542629595831,0.0001530647700668,0.00015096149974,0.010008478700663476,1.5261338132993133e-06,15.008005937067113,90.01091945879703
95,95,8518,92,0.125977501,unverified,0.0746525334618217,0.0770605407552021,0,0.125977501,12.4711285,1.3247752512527258,0,0.00673741987,0.00611293921,-0.0240517687,0.0326678082,0.055926241,0.0196830705,7.239436895441937e-05,0.0001433118857754,7.253522837182188e-05,0.0,False,1.6176907916488102e-06,3.139692141930793e-06,1.6251063033725435e-06,0.0,False,1.2886022742771804e-05,3.570200144892052e-05,1.3005140432517382e-05,0.0,False,1.0,0.0001433118857754,0.0001440868775737,0.0001072097452683,0.0001418190262112,0.0001422720115146,0.00999451696095299,1.4323330730883926e-06,16.00745763316241,90.79248523097253
52,52,4654,101,0.125969052,unverified,0.1054360949165647,0.0878511654541401,0,0.125969052,11.3312435,1.4792919634845634,0,-0.0235440414,0.00796838664,0.00209205947,0.0349297933,0.0529560857,0.023527408,7.027501530987767e-05,0.0001427302543131,7.037599516135868e-05,0.0,False,1.585270877498698e-06,3.235232327918683e-06,1.5911300484549982e-06,0.0,False,1.21102748156598e-05,3.5736985561236644e-05,1.2200564151502955e-05,0.0,False,1.0,0.0001427302543131,0.0001436431656928,0.000108750639551,0.0001433161212156,0.0001503866292858,0.009993846653373202,1.4264242744020804e-06,17.00684229849973,91.5708268125637
4,4,521,86,0.125987872,unverified,0.0514329468499972,0.0599196108851807,0,0.125987872,10.9572334,1.2222585163411537,0,-0.000645433727,0.00749651575,0.0239899941,0.0259142779,0.0553373173,0.0284854174,8.05480187652246e-05,0.0001406100493555,8.071156960237599e-05,0.0,False,1.8235755749872852e-06,3.1604603888016226e-06,1.8314831288641455e-06,0.0,False,1.5092917304708076e-05,3.524562531253948e-05,1.5218971892475642e-05,0.0,False,1.0,0.0001406100493555,0.0001405872293099,0.0001118532103009,0.0001376458469436,0.0001398669287132,0.00999533975180516,1.4054452158263147e-06,18.006376273680246,92.33772097705378
55,55,4996,95,0.126076087,unverified,0.0452490665929649,0.0593205314591374,0,0.126076087,11.9116697,1.1320083050333285,0,0.0259951241,0.00399663951,-0.00374930189,0.033968702,0.0565734208,0.0168429296,7.104987781195837e-05,0.0001288151844349,7.133904703940501e-05,0.0,False,1.6414044353179547e-06,2.842697042521039e-06,1.6537283920812614e-06,0.0,False,1.3945225513480758e-05,3.264960295652955e-05,1.4151574236190717e-05,0.0,False,1.0,0.0001288151844349,0.0001243830510374,0.0001338599231311,0.0001417620822716,0.0001562831163231,0.010002338353195979,1.288453059747214e-06,19.006610108999844,93.04077729089138
88,88,7905,116,0.126860157,unverified,0.0647949525436882,0.0791991074806965,0,0.126860157,10.241498,1.2119014440002551,0,0.0116522405,0.00231713173,-0.0244952999,0.0272561647,0.0576861948,0.0219501872,5.6915862165396936e-05,9.208808316609736e-05,5.829417685648439e-05,0.0,False,1.4602103381497408e-06,2.244506870220828e-06,1.5041678500465116e-06,0.0,False,1.3068546824628236e-05,2.4867310996736296e-05,1.3936089931838432e-05,0.0,False,1.0,9.208808316609736e-05,9.065516546350308e-05,7.297738026445057e-05,9.396127774634393e-05,9.429537202405184e-05,0.010064543118740379,9.268244837473369e-07,20.01306442087388,93.5465076317745
56,56,5102,107,0.124319002,unverified,0.0497155057341817,0.0656783271934269,0,0.124319002,7.84495831,1.2571495199914773,0,0.0259378441,0.0023738828,-0.00784458127,0.026833469,0.0584085137,0.0208730623,6.294672426532071e-05,9.052213929976168e-05,6.428914662064695e-05,0.0,False,1.67023827547262e-06,2.361755660793791e-06,1.7138400248206552e-06,0.0,False,1.4767196747136642e-05,2.472326062177164e-05,1.5675978137812142e-05,0.0,False,1.0,9.052213929976168e-05,9.202298497383917e-05,8.909735389052746e-05,8.924308228809196e-05,8.664850471151777e-05,0.009862938732669009,8.928143138636789e-07,20.999358294140784,94.03368000929953
28,28,2483,77,0.126018643,unverified,0.0416112257284534,0.0538278464840735,0,0.126018643,16.0749645,0.9949139945315654,0,0.000528713688,0.0176261012,0.0103948731,0.0303802136,0.0513885692,0.0319679417,5.019982423344431e-05,8.967910852181798e-05,5.055391355678016e-05,0.0,False,1.2464041269170006e-06,2.060605589877139e-06,1.2633915319096415e-06,0.0,False,1.074603720430814e-05,2.41273925125051e-05,1.1027095868850652e-05,0.0,False,1.0,8.967910852181798e-05,9.332562965710928e-05,6.614338166441709e-05,8.989109738683694e-05,0.0001002771143575,0.009997780991542133,8.965920865178758e-07,21.999136393294997,94.52291376336962
79,79,7073,103,0.126129642,unverified,0.0583077727235999,0.0716832746284327,0,0.126129642,12.6258955,1.11871129269429,0,0.0183122046,0.00335034123,-0.0193094071,0.0294392388,0.0572508164,0.0204467922,5.0371757632280334e-05,8.958895792154478e-05,5.0767713681524e-05,0.0,False,1.2835294185848073e-06,2.1382625891886068e-06,1.3001633793745591e-06,0.0,False,1.0976116894957548e-05,2.4230976849864243e-05,1.126378880985916e-05,0.0,False,1.0,8.958895792154478e-05,9.169360304842068e-05,7.053138959885762e-05,8.972538515449609e-05,8.836974571794576e-05,0.010006587178197229,8.96479717645781e-07,22.999795111114718,95.01208620232666
97,97,8720,91,0.125982389,unverified,0.0797048478291343,0.07895252796517,0,0.125982389,10.6101313,1.1919660550229083,0,0.000331200892,0.0075978199,-0.023919886,0.0339057744,0.0549183153,0.0204625819,4.716732002483693e-05,8.932208890343328e-05,4.726636609182221e-05,0.0,False,1.1728774968656335e-06,2.2068876616193327e-06,1.1787900996925058e-06,0.0,False,9.235458908647811e-06,2.4288088635628254e-05,9.328044124714585e-06,0.0,False,1.0,8.932208890343328e-05,8.932769692974806e-05,7.310793350902863e-05,8.538981996304914e-05,8.076406810806093e-05,0.009994904753999506,8.927657710180918e-07,23.999285586514667,95.4992320919996
87,87,7790,102,0.126043335,unverified,0.0644674291893418,0.0730545382721173,0,0.126043335,17.0065441,1.1801634224396036,0,0.0143127814,0.00474136882,-0.0215130299,0.0307614096,0.0569153614,0.0196901448,4.5494902452362414e-05,8.664163910995131e-05,4.566439398282962e-05,0.0,False,1.1683375154278689e-06,2.0491536248622056e-06,1.1766468904457904e-06,0.0,False,9.653770485608026e-06,2.3508888330308025e-05,9.789887663763116e-06,0.0,False,1.0,8.664163910995131e-05,8.876096332711344e-05,6.72456153440337e-05,7.85386381065372e-05,7.863558393821124e-05,0.009999739949378578,8.663938598874215e-07,24.999259581452527,95.97198790475964
44,44,3966,91,0.126063436,unverified,0.0427990645025075,0.0563102285532795,0,0.126063436,7.45371199,0.9993499173326416,0,0.0263853706,0.00367720937,0.00166846719,0.0380816273,0.0538559109,0.0180791747,3.950490611301464e-05,6.028935051334792e-05,3.986141379945916e-05,0.0,False,1.1207279855298476e-06,1.6200224406188567e-06,1.1359476355700052e-06,0.0,False,9.876329501457769e-06,1.758647656410765e-05,1.0135217358667417e-05,0.0,False,1.0,6.028935051334792e-05,5.888325832397569e-05,6.49080776598794e-05,6.107332839706353e-05,6.251511721339599e-05,0.010001334676880214,6.029739719357324e-07,25.999393049140547,96.3010062223787
0,0,191,93,0.127528548,unverified,0.0435361639155532,0.0616175621493345,0,0.127528548,6.71782827,0.936374448123546,0,0.00440085726,0.00195318949,0.0269377381,0.0264367852,0.0560604855,0.0263512433,3.899540893511274e-05,5.385003906925291e-05,4.014251640520889e-05,0.0,False,1.1149558590495188e-06,1.4987553441381013e-06,1.1539045193371166e-06,0.0,False,1.0300189944192898e-05,1.6058081957801115e-05,1.1092708823842484e-05,0.0,False,1.0,5.385003906925291e-05,5.526171168063405e-05,4.479919904569216e-05,5.295888873202504e-05,5.118440156183535e-05,0.010117570406414932,5.448315616713612e-07,27.01115008978204,96.59829859675997
19,19,1731,77,0.125934541,unverified,0.0445732516086392,0.0561932649982187,0,0.125934541,8.546422,0.8291863961305802,0,-0.00306155579,0.0152794896,0.0150186187,0.0320524685,0.0520222634,0.0287421308,2.52323378849064e-05,3.998473471293853e-05,2.538080705395212e-05,0.0,False,7.518140442702641e-07,1.1492089990367857e-06,7.599723488972605e-07,0.0,False,6.416365461805895e-06,1.252835611618542e-05,6.553277125590078e-06,0.0,False,1.0,3.998473471293853e-05,3.911945530025929e-05,3.392504212600672e-05,3.964412864354774e-05,3.6494678760530434e-05,0.009991108698007352,3.994918307779566e-07,28.010260959582773,96.81628500443716
99,99,8938,123,0.126074806,unverified,0.0750552714241994,0.0875656430008081,0,0.126074806,7.55680895,1.052772724632206,0,-0.00422114925,0.00196978333,-0.0269583277,0.0268606003,0.0574368313,0.0229265224,2.3692705976900104e-05,3.1081823580306434e-05,2.576587351094525e-05,0.0,False,7.630253039361789e-07,9.311743759504626e-07,8.231780376139426e-07,0.0,False,7.446230981747269e-06,1.0153569828460804e-05,8.755374631378772e-06,0.0,False,1.0,3.1081823580306434e-05,3.316640619477951e-05,2.477164545758529e-05,2.6722820450181338e-05,2.578445967531156e-05,0.010002236724126302,3.1088775726775587e-07,29.010484631995404,96.98592378094392
61,61,5512,79,0.126004651,unverified,0.0905536332092675,0.0734773171059195,0,0.126004651,6.4496851,0.6714077996270948,0,-0.0154755507,0.0145879164,-0.00553759094,0.0322940759,0.0531192273,0.0261199716,1.3369921388890015e-05,2.918839740340331e-05,1.3386984840872772e-05,0.0,False,3.841647680235282e-07,8.260132998946037e-07,3.8550627469648565e-07,0.0,False,2.965324512306952e-06,9.587993824688456e-06,2.9852202340404112e-06,0.0,False,1.0,2.918839740340331e-05,2.901627085464065e-05,2.161799779866601e-05,2.932066417744911e-05,2.690873977942255e-05,0.009996670926012908,2.917868036995125e-07,30.010151724596696,97.14513994569553
17,17,1584,78,0.125969753,unverified,0.0597794712592481,0.0627033985320523,0,0.125969753,5.72785091,0.7645194848570441,0,-0.00871400721,0.0107984794,0.0192397889,0.0295432322,0.0533694997,0.0286541749,1.647133423468997e-05,2.834572320384876e-05,1.6513485381948446e-05,0.0,False,5.173893026181969e-07,8.694150690072431e-07,5.201597605580184e-07,0.0,False,4.20443955840139e-06,9.439530459476777e-06,4.248144786544546e-06,0.0,False,1.0,2.834572320384876e-05,2.843069341148566e-05,2.504879314503793e-05,2.8412036571065022e-05,2.880317085977816e-05,0.009993902267719684,2.832843874070986e-07,31.009541951368664,97.2997166884581
94,94,8427,89,0.126076281,unverified,0.0840712642215627,0.0845883387358902,0,0.126076281,5.87557983,0.8654880110102083,0,-0.010364525,0.00713593652,-0.0219415799,0.032629393,0.054042574,0.0237654857,1.4447041731493331e-05,2.6459489971580333e-05,1.4534647485469e-05,0.0,False,4.71129758896618e-07,8.186809462080365e-07,4.767337657806063e-07,0.0,False,3.766320206670022e-06,8.912581603559811e-06,3.8566340136499446e-06,0.0,False,1.0,2.6459489971580333e-05,2.6514449235436178e-05,2.2173212642225845e-05,2.6705171294798715e-05,2.6697510576248725e-05,0.010002353744327532,2.6465717859023333e-07,32.009777325801416,97.44412932266522
64,64,5745,87,0.125996917,unverified,0.0927733123077754,0.084345771226586,0,0.125996917,5.62622261,0.8744284320091572,0,-0.0228941981,0.0085633928,-0.0034980725,0.0338641629,0.0521357395,0.026476305,1.3509634703074407e-05,2.5867556657491364e-05,1.356567773241777e-05,0.0,False,4.388480317649967e-07,7.960692015675557e-07,4.427267198650084e-07,0.0,False,3.4473288645465265e-06,8.736931114031313e-06,3.508409710276872e-06,0.0,False,1.0,2.5867556657491364e-05,2.5711369304054505e-05,2.0974145712116343e-05,2.5814387031879805e-05,2.7084346734878446e-05,0.00999605734347982,2.5857357968399687e-07,33.009383060149396,97.5852223849333
73,73,6531,80,0.126014173,unverified,0.0915912826329005,0.0790178345813723,0,0.126014173,5.4963212,0.6823233940723344,0,-0.0182114672,0.0115925809,-0.00893973745,0.0314113796,0.0534354001,0.0264273398,1.0237890029922337e-05,2.170962007393834e-05,1.0266720942928138e-05,0.0,False,3.2206958200589095e-07,6.552236991241623e-07,3.243392029894564e-07,0.0,False,2.504012927081239e-06,7.519830286641564e-06,2.538635085289047e-06,0.0,False,1.0,2.170962007393834e-05,2.127642994892532e-05,1.645394867093994e-05,2.228599814590474e-05,2.0147611745453795e-05,0.009997426360830609,2.1704032801080853e-07,34.00912569623246,97.70365244477213
57,57,5184,83,0.125937089,unverified,0.0485720188329055,0.055881482251152,0,0.125937089,5.73983717,0.6779604760634511,0,0.0208228175,0.0102586625,-0.00593355531,0.0401048101,0.0506545864,0.0226858296,1.3273685539007971e-05,2.1258029593174237e-05,1.338161375768172e-05,0.0,False,4.47197985883048e-07,6.787524107552812e-07,4.536004707598768e-07,0.0,False,3.815623824085558e-06,7.433998337320571e-06,3.922856559623596e-06,0.0,False,1.0,2.1258029593174237e-05,2.056202638616261e-05,1.705344888042437e-05,2.188343807694591e-05,2.3721069280168657e-05,0.009991310845446492,2.1239558162710424e-07,35.0082567807771,97.81954805584193
85,85,7605,117,0.126333579,unverified,0.0780501077164745,0.0906126123699073,0,0.126333579,5.41270304,0.8550409382642434,0,-0.0179129541,0.0025999106,-0.0201874636,0.0291159246,0.0557525158,0.0240208376,1.589846769102693e-05,1.870613060173439e-05,1.673480711610833e-05,0.0,False,5.631036287807807e-07,6.424889436091136e-07,5.926669027523403e-07,0.0,False,5.509672198048191e-06,6.727146914223159e-06,6.0645527023869146e-06,0.0,False,1.0,1.870613060173439e-05,1.8905282623388745e-05,1.5527035248334666e-05,1.9584786384874808e-05,1.3801782126332882e-05,0.010022766668894269,1.8748718229904653e-07,36.01053344766653,97.9218521687328
13,13,1263,96,0.126018852,unverified,0.0657239499049887,0.0779859188044937,0,0.126018852,7.19248152,0.8328535262995469,0,-0.0154953888,0.00228094799,0.0222838577,0.0343084037,0.0512802675,0.0278149359,1.7543838830437648e-05,1.8670325286029323e-05,1.944353174366798e-05,0.0,False,6.042390681367849e-07,6.366640391831674e-07,6.607195669456351e-07,0.0,False,6.194577549780418e-06,6.7041076383216005e-06,7.41442485892084e-06,0.0,False,1.0,1.8670325286029323e-05,2.0422517051492183e-05,1.4375371282773173e-05,1.354161470121869e-05,1.3854361190955132e-05,0.009997797572709625,1.866621328263631e-07,37.010313204937496,98.0237060857577
65,65,5855,111,0.126634717,unverified,0.0790952746989829,0.0906935544598323,0,0.126634717,4.74096823,0.8708165866909958,0,-0.02543859,0.00271882815,-0.00884043053,0.0289280787,0.0549017936,0.026054902,1.5760538473343502e-05,1.8493360992213777e-05,1.6519412107824773e-05,0.0,False,5.672654676816665e-07,6.393139323506702e-07,5.949805809027787e-07,0.0,False,5.553976303669742e-06,6.668332800216333e-06,6.080553473395545e-06,0.0,False,1.0,1.8493360992213777e-05,1.83037537591714e-05,1.4815915970674353e-05,1.863997584796206e-05,1.57496700983223e-05,0.010046657671848739,1.8579646709069275e-07,38.01497897212237,98.12508764427754
21,21,1955,124,0.126234487,unverified,0.1082218124017576,0.0936482173996845,0,0.126234487,4.59588099,1.1659355223579175,0,-0.0206517819,0.0026652778,0.0173277855,0.0316431522,0.052997306,0.0271080937,1.6318318217077704e-05,1.760651922830833e-05,1.7003214310569782e-05,0.0,False,6.246299148646044e-07,6.661457733022506e-07,6.502039955184686e-07,0.0,False,5.8991502390617375e-06,6.465360011580346e-06,6.369107431543187e-06,0.0,False,1.0,1.760651922830833e-05,1.767768415659484e-05,1.4616286541968937e-05,1.7823924175140558e-05,1.490913346218068e-05,0.010014905132772079,1.763276197898354e-07,39.01646948539958,98.22130243880139
2,2,376,93,0.126234278,unverified,0.0463945665759337,0.0643879910834524,0,0.126234278,5.14018011,0.7025709998032315,0,-0.00275197322,0.00272111455,0.0267887767,0.0280637424,0.0546291657,0.0276044738,1.5975991182567533e-05,1.7342049729394228e-05,1.6772799290740902e-05,0.0,False,5.682289721111354e-07,6.045043132475893e-07,5.967290968774216e-07,0.0,False,5.702160225847225e-06,6.323365843060492e-06,6.236882273956808e-06,0.0,False,1.0,1.7342049729394228e-05,1.6320410770321443e-05,1.5728492410962373e-05,1.716710255748264e-05,1.1490951833351996e-05,0.010014888551604583,1.736786952962676e-07,40.01795834056004,98.31607182320649
96,96,8630,113,0.126416922,unverified,0.069429475167494,0.0832762764688229,0,0.126416922,4.74611807,0.8247832576259918,0,0.00376934069,0.00271301484,-0.0266685821,0.0279063862,0.0570367575,0.0226170439,1.4218875151795638e-05,1.498946283204952e-05,1.4953742821129948e-05,0.0,False,5.331227593295899e-07,5.549253108899558e-07,5.600543410572546e-07,0.0,False,5.282035270274395e-06,5.62887842037704e-06,5.792953570901516e-06,0.0,False,1.0,1.498946283204952e-05,1.4662779743910173e-05,1.2577012496777667e-05,1.509285090445062e-05,1.0766782675152844e-05,0.010029378746610246,1.503349999508617e-07,41.020896215221065,98.3981035046144
93,93,8339,114,0.126154244,unverified,0.0766450723207974,0.0893633381619165,0,0.126154244,4.450912,0.7815542394621804,0,-0.0130400779,0.00299168145,-0.0234076846,0.0292962566,0.055708766,0.0239133146,1.3111758042349849e-05,1.4512321920759756e-05,1.3639576661586605e-05,0.0,False,4.909469622873147e-07,5.341414087380655e-07,5.112814905366697e-07,0.0,False,4.798371650652033e-06,5.474486918460362e-06,5.163050061802089e-06,0.0,False,1.0,1.4512321920759756e-05,1.4220169466909707e-05,1.2184275415468512e-05,1.2151070310106793e-05,1.1139873826305773e-05,0.010008538995818007,1.452471398637885e-07,42.02175011480286,98.47735894816786
12,12,1168,90,0.126125589,unverified,0.0605798729919516,0.0723627602238468,0,0.126125589,3.51110554,0.835117963683653,0,-0.0115598915,0.00434125401,0.0233682152,0.0315412432,0.0510709882,0.0313528553,1.1603683825195773e-05,1.448902191010629e-05,1.1829060285223614e-05,0.0,False,4.640953738300598e-07,5.546229093754593e-07,4.7529983626493837e-07,0.0,False,4.121537509546204e-06,5.493784783565963e-06,4.311246342636815e-06,0.0,False,1.0,1.448902191010629e-05,1.46598725672343e-05,1.4214457737434106e-05,1.4396837670702396e-05,1.410264288364238e-05,0.01000626563048497,1.4498100195844028e-07,43.02237667785136,98.55646917111488
45,45,4046,81,0.12598604,unverified,0.0454531326676392,0.0533210360771678,0,0.12598604,6.29837942,0.5574735314884118,0,0.0228630416,0.00889505446,-0.000931782357,0.0398180708,0.0502165034,0.0239453707,8.965344557205848e-06,1.4292378287959124e-05,9.106877443378698e-06,0.0,False,3.259236844426474e-07,4.758521942872472e-07,3.341320373245918e-07,0.0,False,2.858455903847437e-06,5.3366669785348585e-06,2.996742456459064e-06,0.0,False,1.0,1.4292378287959124e-05,1.383434934294209e-05,1.034033438058212e-05,1.431954936204489e-05,1.4829987157369458e-05,0.009995194408748445,1.4285509955152672e-07,44.021896118726204,98.63441937577606
69,69,6225,99,0.126299053,unverified,0.051197292092629,0.0677138625450399,0,0.126299053,3.74802589,0.7363450525225784,0,0.0224288255,0.00299748965,-0.014654805,0.0289640576,0.0577014573,0.0200108513,1.293645329107159e-05,1.4238191593890184e-05,1.3438502592762797e-05,0.0,False,4.981729796271415e-07,5.386030340069705e-07,5.183785510396003e-07,0.0,False,4.792226882109013e-06,5.407537617473711e-06,5.161467541227063e-06,0.0,False,1.0,1.4238191593890184e-05,1.4570718993217344e-05,1.3605447712228755e-05,1.443582952261361e-05,1.2032848108368198e-05,0.010020027523492474,1.4266707165553882e-07,45.02389887107545,98.71226698127893
41,41,3584,108,0.126005858,unverified,0.1078842604406766,0.0899813796501549,0,0.126005858,4.10886812,0.9589301910744258,0,-0.0243764892,0.00546920579,0.00712058181,0.027819667,0.0549313799,0.0272288565,9.341179035199415e-06,1.4208635602842295e-05,9.532170772164016e-06,0.0,False,3.782267511189853e-07,5.31049226204175e-07,3.887608189745033e-07,0.0,False,3.1362802720991045e-06,5.383749383931472e-06,3.308398141731968e-06,0.0,False,1.0,1.4208635602842295e-05,1.365323748929826e-05,1.3601881866646402e-05,1.505893077891748e-05,1.315936430778888e-05,0.009996766684238594,1.420404150229802e-07,46.02357553949931,98.78977264580163
7,7,764,79,0.125858143,unverified,0.0424114117014794,0.0518525381043901,0,0.125858143,7.97814274,0.5366081162852006,0,0.0119994702,0.00763276359,0.0206650328,0.0327154733,0.0498262607,0.0327113308,7.85308195457852e-06,1.3013899109918817e-05,8.01606203203668e-06,0.0,False,2.961364863364876e-07,4.305641039080463e-07,3.054100660043153e-07,0.0,False,2.606764949805856e-06,4.9197444689508805e-06,2.7625862216525405e-06,0.0,False,1.0,1.3013899109918817e-05,1.0474305308304503e-05,1.4471877858474048e-05,1.7928897067406552e-05,1.869650257846467e-05,0.009985047606933773,1.2994440216437243e-07,47.022080300192684,98.86067800917392
76,76,6799,118,0.126421347,unverified,0.0776676626542585,0.0908714244862767,0,0.126421347,5.35023451,0.7589049868963549,0,-0.0224581603,0.00258162967,-0.0149835441,0.0292954203,0.0551838614,0.0250399318,1.2266789207734736e-05,1.2905353143437223e-05,1.3113008475053177e-05,0.0,False,4.557073246849264e-07,4.695802277498101e-07,4.858563417231004e-07,0.0,False,4.635735331588029e-06,4.944620882272388e-06,5.203860177337329e-06,0.0,False,1.0,1.2905353143437223e-05,1.3151202517731715e-05,9.53836810077264e-06,1.3809166634521236e-05,7.830818212201347e-06,0.010029729807213936,1.294372050953544e-07,48.02505328091408,98.9313066157804
9,9,939,81,0.125971213,unverified,0.0532069310580965,0.0607763227254017,0,0.125971213,4.16112852,0.6054399654872592,0,-0.00406543631,0.0101070637,0.0214133225,0.0300593376,0.0512993783,0.0325173996,7.80332493727793e-06,1.2286886287878654e-05,7.868580011544166e-06,0.0,False,2.987606000800823e-07,4.474043708487457e-07,3.030610784585285e-07,0.0,False,2.5011402202121693e-06,4.750317652959374e-06,2.572578364037844e-06,0.0,False,1.0,1.2286886287878654e-05,1.1978556257593394e-05,1.3022053853764167e-05,1.26770769685056e-05,1.1998256856526595e-05,0.00999401809788497,1.2279536392771395e-07,49.02445509070258,98.99831104040128
68,68,6127,86,0.12601392,unverified,0.0504266301120948,0.0608516214846621,0,0.12601392,5.80683279,0.6822494270669373,0,0.0223343689,0.00667978777,-0.0102895647,0.034971375,0.0559579022,0.0170435756,8.757315556985416e-06,1.2257883557267155e-05,8.882046618574316e-06,0.0,False,3.513762292728922e-07,4.6395164841412644e-07,3.58766613049908e-07,0.0,False,3.017727782169492e-06,4.759718503952505e-06,3.1408270209454203e-06,0.0,False,1.0,1.2257883557267155e-05,1.0984629891705024e-05,1.3834995944959704e-05,1.2273139050400293e-05,1.209765564098996e-05,0.009997406288891009,1.2254704216391635e-07,50.02419571959168,99.06517996595792
25,25,2266,79,0.12600708,unverified,0.0695877992882518,0.065118721429318,0,0.12600708,3.16588545,0.6066990001206631,0,-0.0118593648,0.0122337304,0.0155615546,0.0294793118,0.0535451435,0.0283488631,7.012038695329277e-06,1.1722684969317014e-05,7.029280843127538e-06,0.0,False,2.643953732515348e-07,4.371367910640969e-07,2.657076619060591e-07,0.0,False,2.105656087042195e-06,4.5814300196608446e-06,2.1252131682796745e-06,0.0,False,1.0,1.1722684969317014e-05,1.1564149719315946e-05,1.1974350084263708e-05,1.1408722608407926e-05,1.194384852203745e-05,0.00999686363250022,1.1719008304502221e-07,51.023882082841695,99.12912581728767
86,86,7689,85,0.126064837,unverified,0.0877007429348019,0.0847593701689164,0,0.126064837,3.61640191,0.7126270992658064,0,-0.0152730495,0.00808883365,-0.0179165937,0.0329934843,0.0538954139,0.0236746259,6.016344333440384e-06,9.7521295077673e-06,6.0759622234441805e-06,0.0,False,2.503745831086055e-07,3.819364784410189e-07,2.54526945606698e-07,0.0,False,2.02084062507335e-06,3.940431060515085e-06,2.087304712825788e-06,0.0,False,1.0,9.7521295077673e-06,9.690151790672066e-06,8.872491837552713e-06,9.69054575337052e-06,9.469063361279245e-06,0.01000144582623745,9.753539496238635e-08,52.02402666546544,99.18234690650951
78,78,6971,86,0.125972077,unverified,0.0561485117243181,0.064634510842956,0,0.125972077,5.50579453,0.6404375174209748,0,0.0183268916,0.00768231368,-0.0152749941,0.0320051759,0.0573456138,0.0173789598,6.389093337575827e-06,9.105817165951617e-06,6.474785831901489e-06,0.0,False,2.72842180176962e-07,3.640080458689324e-07,2.783145860061861e-07,0.0,False,2.313710031328945e-06,3.7246244487674818e-06,2.404005322662109e-06,0.0,False,1.0,9.105817165951617e-06,7.947706835904559e-06,1.0276175231811506e-05,1.0266108561633864e-05,1.2684669112442034e-05,0.009994086643955383,9.10043257205367e-08,53.02343532986098,99.23200425747028
6,6,686,91,0.126085773,unverified,0.0525916335336874,0.0665020882824462,0,0.126085773,2.16912961,0.6956009310309418,0,-0.00724321418,0.00461496273,0.0248799045,0.0331918709,0.0518339835,0.0278738998,7.487747369862504e-06,7.886751411506942e-06,7.646298618263422e-06,0.0,False,3.389256726014373e-07,3.543780598560045e-07,3.471073041179411e-07,0.0,False,3.101087500864541e-06,3.350993602535332e-06,3.2376726437001277e-06,0.0,False,1.0,7.886751411506942e-06,7.965777371821217e-06,7.503125931891011e-06,7.744934368353333e-06,7.501311403069013e-06,0.010003106799073342,7.889201666704637e-08,54.02374600976832,99.27505241511139
98,98,8816,97,0.126048893,unverified,0.0767056530165103,0.0851554805028625,0,0.126048893,3.00664759,0.721107829538435,0,-0.00571432151,0.00499646831,-0.0250429921,0.0308925826,0.0545568056,0.0246016439,6.104900705690746e-06,7.509528287082785e-06,6.296882793625297e-06,0.0,False,2.791228440447998e-07,3.2909212916348724e-07,2.8961699175460425e-07,0.0,False,2.4475667978171973e-06,3.202608355337559e-06,2.6220894873625004e-06,0.0,False,1.0,7.509528287082785e-06,7.58739824448792e-06,7.101748508788168e-06,7.566302986689502e-06,6.753169084513964e-06,0.010000180897363955,7.509664132469953e-08,55.02376409950471,99.31602959113803
26,26,2338,73,0.12592198,unverified,0.0495166354285799,0.0594741709354192,0,0.12592198,2.52476811,0.517104321343878,0,-0.0076333438,0.0156872403,0.0124675026,0.0330351889,0.0513765886,0.0290297009,4.803146421654064e-06,6.665114411763924e-06,4.85786063583253e-06,0.0,False,2.1137041912041881e-07,2.846435515780646e-07,2.1513641474601614e-07,0.0,False,1.7986789555230594e-06,2.8879611560058405e-06,1.860471670804925e-06,0.0,False,1.0,6.665114411763924e-06,6.719730976505069e-06,6.579387232032166e-06,6.6016086799551045e-06,6.400173652320407e-06,0.009990112161907252,6.658524054546608e-08,56.02277531569544,99.35236244270739
36,36,3165,74,0.125926301,unverified,0.0528656108299984,0.0605498436221267,0,0.125926301,1.563923,0.6402746022403198,0,-0.00590499863,0.0178601518,0.00776189193,0.0362746343,0.0512823053,0.0256155264,5.694602392228321e-06,6.295359238108215e-06,5.794586475658554e-06,0.0,False,2.680098977022947e-07,2.9619982628889204e-07,2.739882891021784e-07,0.0,False,2.3522178170214133e-06,2.785322884017183e-06,2.4450266074621013e-06,0.0,False,1.0,6.295359238108215e-06,6.080480699041074e-06,5.945653840520541e-06,6.539835631108887e-06,6.693648140548967e-06,0.009990454971595057,6.289350299833508e-08,57.02182081285494,99.38668086358258
35,35,3092,81,0.126005322,unverified,0.0959345876843916,0.0710371007335246,0,0.124391153,3.69993305,0.502051753404896,0,-0.0153810102,0.0127373133,0.0110932384,0.0355563648,0.0514136814,0.0261356384,3.0550771764427462e-06,5.607611375995973e-06,3.061338309686792e-06,0.0,False,1.325258875833616e-07,2.3334178925811283e-07,1.3308322829699406e-07,0.0,False,1.0194862059068125e-06,2.4853897333451184e-06,1.0272322463841455e-06,0.0,False,1.0,5.607611375995973e-06,5.554392371955732e-06,5.046546478308612e-06,5.614419960655756e-06,4.938480364220703e-06,0.009996724160287502,5.605774412392199e-08,58.02149322888369,99.41726928948424
37,37,3244,80,0.126005799,unverified,0.0827070733105313,0.0686713125303519,0,0.12440671,1.58768094,0.6516021976956822,0,-0.0124221146,0.0158679709,0.0070660715,0.0360090099,0.0511102714,0.0262809843,3.870619033896776e-06,5.233017263267814e-06,3.888309561152866e-06,0.0,False,1.8653513545321618e-07,2.529094327297511e-07,1.878415818804055e-07,0.0,False,1.4848167459493732e-06,2.3894517396235e-06,1.5026346093674352e-06,0.0,False,1.0,5.233017263267814e-06,5.013768100677925e-06,5.092323273986045e-06,5.348930503788462e-06,5.787831459596375e-06,0.009996762003430543,5.231322814073177e-08,59.02116942922675,99.44581448565054
92,92,8226,82,0.125984401,unverified,0.0820540866545864,0.0766652266398377,0,0.125984401,2.63196015,0.558043023542293,0,-0.00348606892,0.01049277,-0.0211384352,0.0343578383,0.0551564507,0.0194472112,3.1941118000422886e-06,5.136584597064392e-06,3.2264787161614324e-06,0.0,False,1.5020000367127437e-07,2.2504866505610857e-07,1.5270563609784188e-07,0.0,False,1.2137580019841266e-06,2.3217410021178435e-06,1.2534692799550572e-06,0.0,False,1.0,5.136584597064392e-06,4.729445535725754e-06,5.5280412385034e-06,5.277594275763071e-06,5.9201097338030405e-06,0.009995064377487555,5.1340493728069575e-08,60.0206758669755,99.47382890029917
11,11,1079,72,0.125975177,unverified,0.0444187827997095,0.0550707868808076,0,0.125975177,1.64314425,0.4829889925612451,0,0.000485897588,0.0135112535,0.0179674365,0.03301524,0.050204061,0.0315664783,4.0175873562124254e-06,4.414065961075625e-06,4.174547205891016e-06,0.0,False,1.9706194184921304e-07,2.1497743302812895e-07,2.0604490186806234e-07,0.0,False,1.7891695687113792e-06,2.071708349508164e-06,1.9411827195850857e-06,0.0,False,1.0,4.414065961075625e-06,4.395813324878891e-06,4.497034005718429e-06,4.365142783207251e-06,4.298767905820009e-06,0.00999433258471729,4.411564326586956e-08,61.02010912544723,99.49790100855522
18,18,1655,72,0.126080558,unverified,0.0436352698815381,0.0496313842549587,0,0.126080558,2.00097251,0.456933244233037,0,0.00599861424,0.0154710077,0.0137494765,0.0333515741,0.0503265075,0.0309284199,3.693901083094029e-06,4.24212735800525e-06,3.765055277310984e-06,0.0,False,1.8182123608030866e-07,2.043991622327476e-07,1.8611598122573646e-07,0.0,False,1.6517658855877246e-06,2.0001854046593325e-06,1.7232147628670454e-06,0.0,False,1.0,4.24212735800525e-06,4.232417626492305e-06,4.330333047822442e-06,4.23653499867074e-06,4.0453741260267305e-06,0.010002693063243232,4.243269789731345e-08,62.02037843177155,99.52105480212511
80,80,7155,83,0.125917897,unverified,0.0613816113386292,0.0650671622979654,0,0.125917897,2.2540338,0.5027766983059945,0,0.0129469475,0.010692751,-0.0168201569,0.0353407189,0.0556179546,0.0173602533,2.9463377474505363e-06,3.8440626642497615e-06,2.988130202665714e-06,0.0,False,1.491174615365327e-07,1.896307382931583e-07,1.5215205297058893e-07,0.0,False,1.257485300988182e-06,1.8449146610487989e-06,1.3073406233312712e-06,0.0,False,1.0,3.8440626642497615e-06,3.6078066825502727e-06,3.977860211188347e-06,3.951799003648596e-06,4.316255680532586e-06,0.009989788234123104,3.840137197455418e-08,63.01935725518386,99.5420088654668
89,89,7987,83,0.125947967,unverified,0.0669161339547499,0.0693884695004316,0,0.125947967,1.68198061,0.5335664906891858,0,0.00933269784,0.00974409282,-0.02006956,0.0309471041,0.0574425571,0.0183522683,2.940778877669824e-06,3.828825412839949e-06,2.985117312423343e-06,0.0,False,1.5059043797643472e-07,1.907306978927313e-07,1.5382524031681212e-07,0.0,False,1.261283876153643e-06,1.8407261327889808e-06,1.313530685449755e-06,0.0,False,1.0,3.828825412839949e-06,3.689399592338745e-06,3.800968924475399e-06,3.9761892446269404e-06,4.252548069297945e-06,0.009992173859513592,3.8258289202820676e-08,64.01857464113522,99.5628848543724
77,77,6886,88,0.126073405,unverified,0.0851330032524538,0.0858922191391126,0,0.126073405,2.01649332,0.5938789258283035,0,-0.0197572131,0.00712722121,-0.0140978834,0.031259615,0.0537797064,0.0258583836,3.013555366239534e-06,3.782614804584829e-06,3.098282758178218e-06,0.0,False,1.5836512245479033e-07,1.90413777533515e-07,1.6393790732821135e-07,0.0,False,1.350098808088152e-06,1.8234876566546115e-06,1.440227702796572e-06,0.0,False,1.0,3.782614804584829e-06,3.7496432774800303e-06,3.5977658258790475e-06,3.781638609597501e-06,3.835081188571852e-06,0.010002125574769065,3.783418827643801e-08,65.01878719861213,99.58352942868999
5,5,596,76,0.12592423,unverified,0.0442758670702555,0.0540491031563794,0,0.12592423,1.85715342,0.4531090753396705,0,0.00568272313,0.00947236549,0.0216458663,0.033753749,0.0496108904,0.0320141017,3.414798189625064e-06,3.735605878499873e-06,3.545512935329507e-06,0.0,False,1.7257771214218034e-07,1.8745875338296322e-07,1.8028912410688445e-07,0.0,False,1.567186344145694e-06,1.8054416583509808e-06,1.698197188901424e-06,0.0,False,1.0,3.735605878499873e-06,3.624223505847014e-06,3.692889502509613e-06,3.823986570291878e-06,3.817773064130172e-06,0.00999029066729896,3.731978854468441e-08,66.01781626534202,99.6038933160423
29,29,2577,95,0.126038864,unverified,0.1013604374101649,0.0841642379225589,0,0.126038864,1.6771512,0.7310494440787134,0,-0.0186576396,0.00782049634,0.0146982558,0.0358964838,0.0527895354,0.0228054076,3.002183975406016e-06,3.57453843449151e-06,3.059875041925731e-06,0.0,False,1.673585250338899e-07,1.919946613601184e-07,1.713903660229544e-07,0.0,False,1.3916022194507592e-06,1.7513491738471e-06,1.4557736742388583e-06,0.0,False,1.0,3.57453843449151e-06,3.52086723472401e-06,3.850504932736669e-06,3.5099954493159752e-06,3.6246622719361457e-06,0.009999385239331325,3.5743186859276905e-08,67.01775478927516,99.62339691612148
47,47,4203,88,0.126006231,unverified,0.1202079124468661,0.0785103262389992,0,0.125721142,1.53162861,0.5451396301464968,0,-0.0180245209,0.0129104983,0.0051696403,0.0367134623,0.0525260828,0.0224583279,2.196813748802842e-06,3.436942086700478e-06,2.203519078134679e-06,0.0,False,1.1128410185388732e-07,1.742703825344567e-07,1.1187382013583437e-07,0.0,False,8.429488523177381e-07,1.6839259305152098e-06,8.513354965950506e-07,0.0,False,1.0,3.436942086700478e-06,3.27546718102917e-06,3.07823250560456e-06,3.5732372376861397e-06,3.877669693500519e-06,0.009996796276465752,3.4358409854755774e-08,68.01743441692173,99.64214489983657
16,16,1507,80,0.126081169,unverified,0.0432683274893373,0.0489284582014457,0,0.126081169,3.61974478,0.388151396356663,0,0.0189332664,0.00774878403,0.0144323902,0.0377150364,0.0486165844,0.0297241714,2.8665170062194616e-06,3.3997402863395684e-06,2.9347805441570937e-06,0.0,False,1.4502975395936582e-07,1.6152696309432978e-07,1.4917863706934912e-07,0.0,False,1.348862822029844e-06,1.653181112472949e-06,1.4183290554972336e-06,0.0,False,1.0,3.3997402863395684e-06,2.8003585043607447e-06,3.325986963324031e-06,3.416986651772181e-06,5.1792547168330766e-06,0.010002741537374045,3.400672337845273e-08,69.01770857065912,99.66070098257727
10,10,1008,70,0.125889868,unverified,0.0424203897683525,0.0507549221206791,0,0.125889868,1.2620517,0.4213362985431763,0,0.00716960477,0.0124707017,0.0179044958,0.0351494923,0.0498985164,0.0298391227,3.2720774850877665e-06,3.32772148746177e-06,3.436986296307581e-06,0.0,False,1.669967428952889e-07,1.7026904439331533e-07,1.762666825025434e-07,0.0,False,1.5634240665201644e-06,1.641376562690712e-06,1.7215862025192031e-06,0.0,False,1.0,3.32772148746177e-06,3.3327680923640225e-06,2.9354246677208065e-06,3.2424801160919045e-06,3.148588559750234e-06,0.009987564532956825,3.32358331037315e-08,70.01646502395481,99.67883642191862
50,50,4482,68,0.126102105,unverified,0.0439680721198438,0.053449826370837,0,0.126102105,1.32074201,0.4217394390847344,0,0.0055388445,0.0189641546,0.000735817594,0.0367917903,0.0509773009,0.0256922562,3.233518649945399e-06,3.2353372738813155e-06,3.4599534873299247e-06,0.0,False,1.653535419995799e-07,1.6619864933874646e-07,1.7761703336361124e-07,0.0,False,1.5571706908664758e-06,1.6033927024024272e-06,1.7650776043476244e-06,0.0,False,1.0,3.2353372738813155e-06,3.2972352226640874e-06,2.7986055016951364e-06,3.01124710200672e-06,2.748131338821404e-06,0.010004402510209936,3.2367616344194e-08,71.01690527497581,99.69649811076519
39,39,3386,74,0.125975192,unverified,0.043774486084513,0.0560837184275155,0,0.125975192,1.25636899,0.3995732246630163,0,-0.00110157416,0.0191627312,0.00427731732,0.0367967151,0.0529897772,0.0213710032,2.9651174609463243e-06,3.0153969050996065e-06,3.1024557127241757e-06,0.0,False,1.534219677381455e-07,1.5593479193012024e-07,1.6120271692742936e-07,0.0,False,1.4494936796037233e-06,1.5120269221112615e-06,1.5840148251351243e-06,0.0,False,1.0,3.0153969050996065e-06,3.022763693780725e-06,2.573850878830337e-06,2.950127669759309e-06,2.95017034534652e-06,0.009994333774753237,3.013688313292338e-08,72.01633865245113,99.71294257942914
33,33,2939,77,0.125934839,unverified,0.0430935958310223,0.0508264021784256,0,0.125934839,1.26361668,0.3947476913328467,0,0.0231557935,0.00790078752,0.00500283763,0.0399418399,0.0497809611,0.0247412343,2.862416959928727e-06,2.9749283367167554e-06,3.0207567274136475e-06,0.0,False,1.4820174145953756e-07,1.539618011287461e-07,1.573397231202838e-07,0.0,False,1.3807837621853015e-06,1.4949752757298128e-06,1.5332746738345482e-06,0.0,False,1.0,2.9749283367167554e-06,2.9452729837840767e-06,2.564773581440339e-06,2.9639172452029032e-06,2.788587193743283e-06,0.009991132340054784,2.9722902714316165e-08,73.0154518864566,99.72916115585365
90,90,8066,80,0.125968218,unverified,0.073215166707561,0.0709743601012495,0,0.125968218,1.50858843,0.4772381001675558,0,0.00346038165,0.011674474,-0.0198987648,0.0317491479,0.057131391,0.0181241799,2.099030978670029e-06,2.8626361662948382e-06,2.1263642702611422e-06,0.0,False,1.1262955053647945e-07,1.4881894953203254e-07,1.1480629443720166e-07,0.0,False,9.288673396390996e-07,1.446711605398194e-06,9.637285740818648e-07,0.0,False,1.0,2.8626361662948382e-06,2.7248492714377727e-06,2.859514214234838e-06,2.987103336172941e-06,3.279972945217713e-06,0.009993780487374676,2.8608557461170403e-08,74.01482993519407,99.74477167949725
40,40,3477,92,0.125990242,unverified,0.1162842031663046,0.0868281333808231,0,0.125883967,1.44726825,0.6690302984987604,0,-0.0208219308,0.00875393208,0.00977220573,0.0366013609,0.0525615513,0.0225074477,2.221394016230028e-06,2.8584820503885693e-06,2.250727662308518e-06,0.0,False,1.2807854510013632e-07,1.56960275492112e-07,1.3029778032760113e-07,0.0,False,1.047108834495525e-06,1.4534266823069645e-06,1.0805966909939768e-06,0.0,False,1.0,2.8584820503885693e-06,2.765773347805051e-06,2.7206938683782547e-06,2.955043737158304e-06,3.244784689442222e-06,0.009995527777484425,2.8572036736099578e-08,75.01438271294252,99.76036227526987
54,54,4902,70,0.125986859,unverified,0.0440977456480904,0.0531245679568285,0,0.125986859,1.24679732,0.3985285184318315,0,0.0103861755,0.0175197944,-0.00253801094,0.0373177007,0.0508298613,0.0254213661,2.8512762333688763e-06,2.853030018850103e-06,3.0424672888221632e-06,0.0,False,1.4896983281523704e-07,1.496223180454462e-07,1.5958919924690025e-07,0.0,False,1.40484550081649e-06,1.4452590765979565e-06,1.585332095900604e-06,0.0,False,1.0,2.853030018850103e-06,2.909567181881596e-06,2.428404391904613e-06,2.6940438036340204e-06,2.4831237344231005e-06,0.009995259384711028,2.8516775070773773e-08,76.01390865141362,99.77592271700433
46,46,4116,71,0.12594749,unverified,0.0442344666105875,0.051916125215041,0,0.12594749,1.24876606,0.3680343075785225,0,0.0174877513,0.0137784956,-0.0020751066,0.0380217768,0.0502585657,0.0258605164,2.5885140583013365e-06,2.6558037071352835e-06,2.75665963311866e-06,0.0,False,1.3579796928224157e-07,1.3952986444309184e-07,1.4538589568943372e-07,0.0,False,1.2791922508870095e-06,1.3607806958320025e-06,1.4405315071558806e-06,0.0,False,1.0,2.6558037071352835e-06,2.685818325175545e-06,2.173539060394174e-06,2.5459191429177808e-06,2.35926540417172e-06,0.009992136016370551,2.6537151874476894e-08,77.01312225305067,99.79040295905543
91,91,8145,80,0.12600325,unverified,0.0869562867680834,0.0781202809810601,0,0.12600325,1.92268693,0.4801605503289158,0,-0.00877442863,0.0115881534,-0.0182981268,0.0349905267,0.0548068509,0.0194906294,1.774341151783319e-06,2.60881708005402e-06,1.8011383762300724e-06,0.0,False,9.722945045203678e-08,1.350678439459128e-07,9.945128013801281e-08,0.0,False,7.876290828548758e-07,1.3359575998440129e-06,8.223285480344479e-07,0.0,False,1.0,2.60881708005402e-06,2.367567051096008e-06,2.7895807896449254e-06,2.761298335624763e-06,2.965067711417163e-06,0.009996559776655674,2.607919588712032e-08,78.01277823071624,99.80463331319176
38,38,3313,70,0.126072749,unverified,0.045104966948645,0.0510860297322684,0,0.126072749,1.1249336,0.3943041008422974,0,0.00563947856,0.0184192527,0.00559375854,0.0362016782,0.0507242791,0.0268936548,2.5463395110234077e-06,2.564072962433984e-06,2.700046288445821e-06,0.0,False,1.3675868785299798e-07,1.383240726888741e-07,1.4564396396810728e-07,0.0,False,1.277058457848929e-06,1.3249936590238726e-06,1.4274038178056377e-06,0.0,False,1.0,2.564072962433984e-06,2.585218611452166e-06,2.277325220876301e-06,2.434094072777333e-06,2.300462634622823e-06,0.010002073530530418,2.5646046307909666e-08,79.01298558376928,99.81862731525909
70,70,6301,77,0.125870034,unverified,0.0526634465769604,0.0594909229283729,0,0.125870034,1.23826277,0.4166524580974328,0,0.0169056561,0.0115918592,-0.0112158824,0.0395911038,0.0511973128,0.0220954157,2.1136435489867108e-06,2.394865166366599e-06,2.1753592066483296e-06,0.0,False,1.174936035750039e-07,1.3168610791012218e-07,1.216847031037594e-07,0.0,False,1.0375523650861275e-06,1.2531940058802732e-06,1.107589887154843e-06,0.0,False,1.0,2.394865166366599e-06,2.327100224865174e-06,2.2781582939615288e-06,2.458874629026353e-06,2.674923139799962e-06,0.009985990988095005,2.3915101969039502e-08,80.01158468257879,99.8316768115587
58,58,5255,72,0.125851616,unverified,0.0465883772169776,0.0557764928707413,0,0.125851616,1.24436927,0.3759456475854023,0,0.0141645158,0.0149961757,-0.00698933797,0.0383985117,0.0506825894,0.0245306212,2.301072470688372e-06,2.379908569774667e-06,2.4187480528119603e-06,0.0,False,1.2501297822042437e-07,1.2920717668972485e-07,1.320953441231666e-07,0.0,False,1.1619748517761793e-06,1.2450319648402578e-06,1.2820851535374217e-06,0.0,False,1.0,2.379908569774667e-06,2.3738476108395475e-06,2.0252185958434795e-06,2.352770376322563e-06,2.3894290696244456e-06,0.009984529782626365,2.376226799484288e-08,81.01003766084142,99.84464291258854
62,62,5583,72,0.125994414,unverified,0.048214886684991,0.0578717216219597,0,0.125994414,1.07644427,0.4065735220164084,0,0.00271869823,0.019112803,-0.00387671194,0.0377707034,0.051718194,0.0230106041,2.2868726034815424e-06,2.354145404343009e-06,2.388587110160479e-06,0.0,False,1.2688202969724712e-07,1.3097334213701932e-07,1.3318614944658234e-07,0.0,False,1.160732811209102e-06,1.237222681812872e-06,1.2668059309048502e-06,0.0,False,1.0,2.354145404343009e-06,2.347129946156127e-06,2.161750383645541e-06,2.3323596441756497e-06,2.4095837074829626e-06,0.00999585876614851,2.3531704976790295e-08,82.00962353745626,99.8574832047778
14,14,1338,76,0.125877857,unverified,0.0441123829161202,0.0483376555862323,0,0.125877857,1.11434424,0.3331598646272445,0,0.0139937829,0.0102326255,0.0165536664,0.0359119028,0.049058944,0.0307884812,1.838793490594959e-06,1.931663874653221e-06,1.884996991831404e-06,0.0,False,1.0340599981135981e-07,1.078693840116499e-07,1.0640252134991177e-07,0.0,False,9.6622156023508e-07,1.0471279110933428e-06,1.0158832872992863e-06,0.0,False,1.0,1.931663874653221e-06,1.904963630676683e-06,1.6634094128277984e-06,1.941288832079442e-06,1.9387964793141823e-06,0.009986611631508036,1.9290776918775736e-08,83.00828470060708,99.8680093953976
67,67,6042,72,0.125932053,unverified,0.0494303121820615,0.0581873554156027,0,0.125932053,1.04682767,0.3736362723533551,0,0.0077797235,0.0173170716,-0.0080684917,0.0384946913,0.051446721,0.0227845591,1.845304720075801e-06,1.9233103513748238e-06,1.931096302186965e-06,0.0,False,1.0596075985746477e-07,1.1037205393216039e-07,1.1148412401561375e-07,0.0,False,9.668146049328323e-07,1.046650116005192e-06,1.0589988281684284e-06,0.0,False,1.0,1.9233103513748238e-06,1.8966528812286155e-06,1.725785903491357e-06,1.921339885725353e-06,1.9324010770264074e-06,0.009990911310711987,1.9215623143560174e-08,84.00737583167826,99.87849457766575
84,84,7489,82,0.126005068,unverified,0.075844714742542,0.0706048561723977,0,0.126005068,1.26176715,0.4078494044223439,0,-0.00121774653,0.0142565919,-0.0168887135,0.0334719531,0.0564149469,0.0177373514,1.385968260387859e-06,1.9007805865997296e-06,1.4042417546497851e-06,0.0,False,7.996891125422034e-08,1.0645433882427177e-07,8.154315633642035e-08,0.0,False,6.562486331252119e-07,1.0325625313988551e-06,6.81429349672103e-07,0.0,False,1.0,1.9007805865997296e-06,1.81852173467732e-06,1.8957992450747969e-06,1.9778290935322856e-06,2.156281975177523e-06,0.009996704009012172,1.9001540910314024e-08,85.00704623257948,99.88886294398579
81,81,7233,79,0.125971079,unverified,0.0649173942613771,0.065399552272395,0,0.125971079,1.1699295,0.3910646931401593,0,0.00509570958,0.0148987407,-0.0151147693,0.0378271602,0.0535538234,0.0190110784,1.4064529732487393e-06,1.7675375903028717e-06,1.4317652927779825e-06,0.0,False,8.287476839933355e-08,1.0186623032265202e-07,8.490723669042132e-08,0.0,False,7.0032289481201e-07,9.7452502445982e-07,7.334089886425253e-07,0.0,False,1.0,1.7675375903028717e-06,1.6960790584975696e-06,1.7446972164517854e-06,1.8414496680874424e-06,2.025567375665206e-06,0.009994007466897197,1.766478387550838e-08,86.0064469792692,99.8985018964818
24,24,2188,79,0.125967622,unverified,0.0454796425876109,0.0480275031265947,0,0.12594752,2.00046611,0.3171909946184008,0,0.0201945864,0.00946504902,0.00966072828,0.0391337313,0.0489835478,0.0273534507,1.5404197898070494e-06,1.7222742836879066e-06,1.570331022316897e-06,0.0,False,8.865270667693041e-08,9.643831044933559e-08,9.071421823644928e-08,0.0,False,8.159757467094195e-07,9.499969971333924e-07,8.49727416920544e-07,0.0,False,1.0,1.7222742836879066e-06,1.5496479792386558e-06,1.6160364616513824e-06,1.7103201491908743e-06,1.7213837242264462e-06,0.009993733203279807,1.721194969404678e-08,87.00582029959718,99.90789375582376
71,71,6376,76,0.125922352,unverified,0.0557209002492863,0.0611656540976391,0,0.125922352,1.11303723,0.3586638267653504,0,0.0108534442,0.0145228291,-0.0124746645,0.0392087847,0.0512591898,0.0223895274,1.400978140356442e-06,1.586123834056271e-06,1.4461344987953906e-06,0.0,False,8.391661108015012e-08,9.354093326252314e-08,8.717701458447077e-08,0.0,False,7.420989936448201e-07,8.918374713815167e-07,7.962317215051199e-07,0.0,False,1.0,1.586123834056271e-06,1.5334767023616452e-06,1.4334884813013745e-06,1.6547865204240385e-06,1.7709596826036477e-06,0.009990141674798681,1.5845601815997022e-08,88.00483446707705,99.91654005482474
51,51,4554,73,0.125963137,unverified,0.0532871369370627,0.0606754634179146,0,0.125963137,0.982931793,0.3568967467654128,0,-0.0033666119,0.0192865971,-0.000902319734,0.0373939425,0.0525679067,0.0216089878,1.4117356990548176e-06,1.5251369114769037e-06,1.4648357762327142e-06,0.0,False,8.542766831191434e-08,9.185981135409674e-08,8.91884757176905e-08,0.0,False,7.621557610603776e-07,8.651620732082112e-07,8.23895734338813e-07,0.0,False,1.0,1.5251369114769037e-06,1.499794955699803e-06,1.420047405816065e-06,1.5536330792524527e-06,1.6256905111766442e-06,0.009993377382532339,1.5241268716418515e-08,89.00417220533029,99.92485659388754
74,74,6604,74,0.125977516,unverified,0.059830629444707,0.0631009111777397,0,0.125977516,1.01781285,0.3730459330527236,0,0.00222961698,0.0174265783,-0.0107040182,0.0382215641,0.0527827144,0.020224398,1.3023753926743849e-06,1.5213223320058857e-06,1.3331405856503408e-06,0.0,False,7.95224011139872e-08,9.155819830569919e-08,8.190312944112218e-08,0.0,False,6.863008891340916e-07,8.630525046461402e-07,7.252486664045564e-07,0.0,False,1.0,1.5213223320058857e-06,1.4783005260082724e-06,1.5206098707032732e-06,1.5658186865908994e-06,1.6555997626169986e-06,0.009994518150988936,1.520488366073764e-08,90.00362402042919,99.9331532791086
63,63,5659,77,0.125989094,unverified,0.060663133470094,0.0634633411651362,0,0.125989094,0.983753443,0.3742668565399726,0,-0.00265354477,0.0186476465,-0.0065409448,0.0377278924,0.0530091152,0.020290006,1.272621219036742e-06,1.5058796090200288e-06,1.299723315042898e-06,0.0,False,7.792053561079725e-08,9.090971532073625e-08,8.007438100078656e-08,0.0,False,6.669829536073752e-07,8.55960302109476e-07,7.01925327639295e-07,0.0,False,1.0,1.5058796090200288e-06,1.4625901066049095e-06,1.514174890789124e-06,1.5480775979047955e-06,1.6522259406367866e-06,0.00999543670006679,1.5051924309881025e-08,91.00316769043586,99.94136650064695
75,75,6682,79,0.125999644,unverified,0.0728336931340082,0.0683765461288998,0,0.125999644,1.04180956,0.3726422343686747,0,-0.00389421987,0.016702814,-0.0120137474,0.0355512202,0.0551483259,0.0181324054,1.1139050850723404e-06,1.4825962296541053e-06,1.1299574472394275e-06,0.0,False,6.760080528945477e-08,8.761351542957966e-08,6.901599330329604e-08,0.0,False,5.581862504771888e-07,8.423726488644936e-07,5.807650283142425e-07,0.0,False,1.0,1.4825962296541053e-06,1.422483310799237e-06,1.5138516387689491e-06,1.54097500059796e-06,1.6895359663089511e-06,0.009996273692014565,1.4820437686371318e-08,92.00279505963732,99.94945340937088
82,82,7313,81,0.126001298,unverified,0.085253993757996,0.0741988653499007,0,0.126001298,1.11237168,0.3862488596318288,0,-0.00911168009,0.0145615535,-0.0137265781,0.0347469077,0.0553399436,0.0186193772,1.0458708807951762e-06,1.4771098285005832e-06,1.0615574479430683e-06,0.0,False,6.350800527373081e-08,8.628976033494113e-08,6.493476222812596e-08,0.0,False,5.149506301588874e-07,8.383291521167786e-07,5.372106210801742e-07,0.0,False,1.0,1.4771098285005832e-06,1.389285497551115e-06,1.4977311701351503e-06,1.5499966986128051e-06,1.679674941713272e-06,0.009996404913311403,1.4765787947123793e-08,93.00243555096847,99.95751049795977
34,34,3012,74,0.125990421,unverified,0.0464023371951943,0.0488037950656785,0,0.125990421,0.946958601,0.2995600653466769,0,0.0190203581,0.0124251284,0.00350496499,0.0386399962,0.0496152006,0.0265500564,1.368267382784289e-06,1.4305528981066452e-06,1.4034170429384134e-06,0.0,False,8.131439563752857e-08,8.445323989080929e-08,8.370932628185838e-08,0.0,False,7.596978081941354e-07,8.17757545575207e-07,7.993279264263793e-07,0.0,False,1.0,1.4305528981066452e-06,1.4084889444575984e-06,1.198253747918765e-06,1.4401045911028495e-06,1.430006219858167e-06,0.00999554197858003,1.4299151545604292e-08,94.00198974882646,99.96531296208573
43,43,3876,73,0.126011416,unverified,0.0477802626262227,0.0494270940622984,0,0.126011416,0.876594424,0.2956359625722988,0,0.0131891668,0.0163323116,0.00235014432,0.0373266414,0.0498260781,0.0275640041,1.2488866717425445e-06,1.2876671040383467e-06,1.2840065479207443e-06,0.0,False,7.601844654950115e-08,7.804229595919214e-08,7.844127919486435e-08,0.0,False,7.103066835426767e-07,7.505060134881804e-07,7.505532477457056e-07,0.0,False,1.0,1.2876671040383467e-06,1.280647403906907e-06,1.0848516465068848e-06,1.2855708672365707e-06,1.26718565528331e-06,0.00999720763222397,1.2873075400255898e-08,95.00171051204886,99.97233727458993
72,72,6452,77,0.12599507,unverified,0.0817228255616015,0.0714192610023215,0,0.12599507,1.02742922,0.3587915039169392,0,-0.00989565253,0.0163544957,-0.00896458328,0.0359621719,0.0545143113,0.019033296,8.995315726158109e-07,1.2461869883655803e-06,9.126696833798474e-07,0.0,False,5.6310418710978e-08,7.549267576972998e-08,5.754337146709194e-08,0.0,False,4.5756225136814666e-07,7.293245443488173e-07,4.7668329466257563e-07,0.0,False,1.0,1.2461869883655803e-06,1.1854016883240031e-06,1.2323395371171815e-06,1.3222513192929266e-06,1.495026682993177e-06,0.009995910810387159,1.245677398876732e-08,96.00130159308759,99.97913442838346
60,60,5434,77,0.125998542,unverified,0.0746798779954486,0.0679199370281206,0,0.125998542,1.02960455,0.3402169816264599,0,-0.00971327908,0.0176414456,-0.00362776848,0.036589276,0.0538184531,0.0198254939,8.798888600583848e-07,1.1938780652051656e-06,8.92028847576989e-07,0.0,False,5.525319719529154e-08,7.277811546937081e-08,5.6384318191878856e-08,0.0,False,4.5363550837309444e-07,7.039242204641295e-07,4.714271853819888e-07,0.0,False,1.0,1.1938780652051656e-06,1.1382150690613388e-06,1.151089310089233e-06,1.257802123442386e-06,1.4291913268592405e-06,0.009996186264040493,1.1934227516343118e-08,97.00092021949163,99.98564644986743
27,27,2407,70,0.126026168,unverified,0.0481781483853013,0.0483199364856309,0,0.125887617,0.874250829,0.2954676231725272,0,0.00852698274,0.0167091172,0.00929456949,0.0357802846,0.050202243,0.028483592,1.0731752779539033e-06,1.1514858818096555e-06,1.097882842274925e-06,0.0,False,6.742973339894464e-08,7.186590387561235e-08,6.925607406333089e-08,0.0,False,6.131472592094867e-07,6.851416971253715e-07,6.424255925498813e-07,0.0,False,1.0,1.1514858818096555e-06,1.1176464210621297e-06,1.0512123398085226e-06,1.1750006850126011e-06,1.2071524849914888e-06,0.009998377992907726,1.1512991099829606e-08,98.0007580187824,99.99192861980963
22,22,2022,68,0.125998527,unverified,0.0488407711956222,0.0465102390811452,0,0.125998527,0.826076508,0.2333870285366253,0,0.0132393083,0.0135634318,0.012052889,0.0366105959,0.0492725335,0.0295504425,6.591457865883788e-07,7.894990545757997e-07,6.676903094436441e-07,0.0,False,4.3007213941345064e-08,5.105315302423864e-08,4.373859140391911e-08,0.0,False,3.762220469202308e-07,5.000129039095182e-07,3.868914649416896e-07,0.0,False,1.0,7.894990545757997e-07,7.453213565968404e-07,6.795111189842835e-07,8.208613304033506e-07,8.698443035215079e-07,0.00999618507400455,7.891978665291313e-09,99.00037652618286,99.99623495086868
31,31,2771,69,0.125999153,unverified,0.0500671716854056,0.0468945270774511,0,0.125999153,0.768953741,0.2276689300061407,0,0.0149347968,0.0145068606,0.00715434365,0.0377894267,0.0492488481,0.0282852463,5.826245035867409e-07,6.902599731951581e-07,5.911779451357681e-07,0.0,False,3.9241553612883614e-08,4.6009662125626015e-08,3.99980380206701e-08,0.0,False,3.4347236033034065e-07,4.479374286154034e-07,3.5480887940381057e-07,0.0,False,1.0,6.902599731951581e-07,6.520579113156565e-07,5.945424756568158e-07,7.176264706559564e-07,7.552447847794907e-07,0.009996234738171308,6.900000722422636e-09,100.0,100.00000000000003
