N_requested,segments_requested,n_streamlines,constants,HI2_percent,HI3_percent,HI2_NIH_mg_per_100L,HI3_NIH_mg_per_100L,SA_median_dyne_s_cm2,P_SA_above_hellums,frac_tau_over_range,frac_t_over_range,file,HI3_change_from_reference_percent
5000,25,4809,GW,1.3567762184495128e-05,1.398856224799852e-05,1.4246150293719884,1.4687990360398446,0.3259072358802943,0.0,0.0,0.0,sweep_N5000_S25.csv,-94.78823352920465
5000,25,4809,HO,3.490300919311744e-07,3.6182756587354964e-07,0.0366481596527733,0.0379918944167227,0.3259072358802943,0.0,0.0,0.0,sweep_N5000_S25.csv,-90.83438711506128
5000,50,4809,GW,2.878050107255512e-05,4.033070542719424e-05,3.0219526126182874,4.234724069855395,0.4556719123990259,0.0,0.0,0.0,sweep_N5000_S50.csv,-84.97385116765311
5000,50,4809,HO,6.387951573471814e-07,8.267026172288149e-07,0.067073491521454,0.0868037748090255,0.4556719123990259,0.0,0.0,0.0,sweep_N5000_S50.csv,-79.0584331456574
5000,100,4809,GW,0.0001318899938334,0.0002219249831066,13.84844935251605,23.302123226196635,0.6388762122198145,0.0,0.0,0.0,sweep_N5000_S100.csv,-17.316650168785475
5000,100,4809,HO,2.072271367284069e-06,3.3399675708342225e-06,0.2175884935648272,0.3506965949375933,0.6388762122198145,0.0,0.0,0.0,sweep_N5000_S100.csv,-15.393815480564744
5000,200,4809,GW,0.0001586945495362,0.0002649854236329,16.662927701301165,27.82346948145942,0.6420933587314239,0.0,0.0,6.493265556009054e-05,sweep_N5000_S200.csv,-1.2734745961978544
5000,200,4809,HO,2.4330665840567457e-06,3.898411791967351e-06,0.2554719913259582,0.4093332381565717,0.6420933587314239,0.0,0.0,6.493265556009054e-05,sweep_N5000_S200.csv,-1.2476198020238805
5000,500,4809,GW,0.0001603284106391,0.0002683758635952,16.83448311710908,28.17946567749677,0.6420933587314239,0.0,0.0,0.0003119237438188,sweep_N5000_S500.csv,-0.01028678580783371
5000,500,4809,HO,2.458972110908192e-06,3.947078664402948e-06,0.25819207164536,0.4144432597623094,0.6420933587314239,0.0,0.0,0.0003119237438188,sweep_N5000_S500.csv,-0.014817895434859896
5000,1000,4809,GW,0.0001603493573564,0.0002684034736856,16.836682522424383,28.182364736992845,0.6420933587314239,0.0,0.0,0.0003118372026368,sweep_N5000_S1000.csv,0.0
5000,1000,4809,HO,2.459402242593223e-06,3.94766362507103e-06,0.2582372354722884,0.4145046806324581,0.6420933587314239,0.0,0.0,0.0003118372026368,sweep_N5000_S1000.csv,0.0
5000,2000,4809,GW,0.0001603493573564,0.0002684034736856,16.836682522424383,28.182364736992845,0.6420933587314239,0.0,0.0,0.0003118372026368,sweep_N5000_S2000.csv,0.0
5000,2000,4809,HO,2.459402242593223e-06,3.94766362507103e-06,0.2582372354722884,0.4145046806324581,0.6420933587314239,0.0,0.0,0.0003118372026368,sweep_N5000_S2000.csv,0.0
5000,5000,4809,GW,0.0001603493573564,0.0002684034736856,16.836682522424383,28.182364736992845,0.6420933587314239,0.0,0.0,0.0003118372026368,sweep_N5000_S5000.csv,0.0
5000,5000,4809,HO,2.459402242593223e-06,3.94766362507103e-06,0.2582372354722884,0.4145046806324581,0.6420933587314239,0.0,0.0,0.0003118372026368,sweep_N5000_S5000.csv,0.0
