n_points,HI2_percent,HI3_percent,HI_percent,SA_dyne_s_cm2,mean_inlet_velocity
85,1.2262244890653843e-05,1.194167576519826e-05,1.2262244890653843e-05,1.0403196162360115,0.133870587
82,1.2396606789940723e-05,1.2043995866012853e-05,1.2396606789940723e-05,1.0346102566836992,0.135166988
114,1.6813297171890248e-05,1.7634811319380105e-05,1.6813297171890248e-05,1.5808027645039886,0.136872068
83,1.2351378984428144e-05,1.2002635800269353e-05,1.2351378984428144e-05,1.0356908823057196,0.134249493
113,1.5793675528110307e-05,1.648552315566561e-05,1.5793675528110307e-05,1.5768105579316003,0.131607994
110,1.590604958712125e-05,1.6706735892830765e-05,1.590604958712125e-05,1.5871479664556587,0.131406799
108,1.551539927290445e-05,1.6270263403325744e-05,1.551539927290445e-05,1.5643908804847064,0.13112548
82,1.2181501938538041e-05,1.1791923877220076e-05,1.2181501938538041e-05,1.0064802760109655,0.1381955
86,1.2184943863197633e-05,1.1785050584075065e-05,1.2184943863197633e-05,1.0107679532567277,0.139508247
82,1.2315099265120597e-05,1.195872168106566e-05,1.2315099265120597e-05,1.026253133381817,0.137804687
83,1.219289049973051e-05,1.1860443140072017e-05,1.219289049973051e-05,1.0340144011945231,0.133517906
112,1.533781818252368e-05,1.6163907261424456e-05,1.533781818252368e-05,1.5804048837181135,0.130806893
109,1.4489460211751055e-05,1.5365566902762356e-05,1.4489460211751055e-05,1.5657851128792302,0.129952475
111,1.4197320505462176e-05,1.513855615033062e-05,1.4197320505462176e-05,1.5631562637305112,0.129534274
106,1.2944371698710585e-05,1.4019166558748824e-05,1.2944371698710585e-05,1.5376238295804365,0.127819389
88,1.213479239052774e-05,1.173981845497334e-05,1.213479239052774e-05,0.9896885885553959,0.142241165
86,1.2239500402785708e-05,1.1861224869784454e-05,1.2239500402785708e-05,1.0026004942720157,0.142230049
85,1.2115059774474473e-05,1.1766187373118768e-05,1.2115059774474473e-05,1.0037282127816214,0.140960634
111,1.3683314384124566e-05,1.4570169843309003e-05,1.3683314384124566e-05,1.5417673511202599,0.12909618
108,1.3293031156486243e-05,1.4371692945517095e-05,1.3293031156486243e-05,1.5430773747810886,0.128301308
107,1.2530974014070196e-05,1.3785717176843353e-05,1.2530974014070196e-05,1.5394364603226767,0.126545951
101,1.1750975580566468e-05,1.3034676130465742e-05,1.1750975580566468e-05,1.5166353356842233,0.125038177
83,1.1919190093379526e-05,1.1536954593833111e-05,1.1919190093379526e-05,0.9752115553473356,0.140982702
81,1.2097938427884686e-05,1.172585764045997e-05,1.2097938427884686e-05,0.986905289729886,0.141364962
86,1.1962273051468394e-05,1.1588292942985468e-05,1.1962273051468394e-05,0.9779593254345138,0.14106743
107,1.2279341541155144e-05,1.3493994388371027e-05,1.2279341541155144e-05,1.52736314768953,0.126321524
107,1.2788751855862357e-05,1.3956569192372188e-05,1.2788751855862357e-05,1.5391030126091232,0.127255052
107,1.2013473525884965e-05,1.3210488596861633e-05,1.2013473525884965e-05,1.5180642009958585,0.125893369
104,1.1365673651655882e-05,1.2706253048822654e-05,1.1365673651655882e-05,1.5070550967518273,0.125019327
102,1.072951121387535e-05,1.2087254788783656e-05,1.072951121387535e-05,1.48029261396882,0.125819713
85,1.1263243326816785e-05,1.0897791945733143e-05,1.1263243326816785e-05,0.9643155881975414,0.140241653
82,1.1579097708338582e-05,1.1193017508892742e-05,1.1579097708338582e-05,0.9643252134471725,0.140577018
86,1.1321862687730885e-05,1.095589694983425e-05,1.1321862687730885e-05,0.9675552540118565,0.140276372
102,1.1045054909906995e-05,1.2354531875200369e-05,1.1045054909906995e-05,1.494344302281152,0.125315502
105,1.1592865576114382e-05,1.2977311916637443e-05,1.1592865576114382e-05,1.5185093738659716,0.124886401
103,1.0890039473757375e-05,1.2291992064136628e-05,1.0890039473757375e-05,1.4972655474237182,0.125717759
99,1.0244325761403852e-05,1.1594915476889813e-05,1.0244325761403852e-05,1.474454103396477,0.126337647
98,9.908425457822506e-06,1.1298080616511856e-05,9.908425457822506e-06,1.4594573708431615,0.126871452
86,1.0898833742773234e-05,1.0556388040489915e-05,1.0898833742773234e-05,0.9574797238349909,0.140040457
83,1.094453185862156e-05,1.0626794051893682e-05,1.094453185862156e-05,0.9584834565982224,0.14102447
83,1.076094555576329e-05,1.0349365917047278e-05,1.076094555576329e-05,0.9493226025945927,0.140049309
83,1.0755386197700165e-05,1.0323949334068836e-05,1.0755386197700165e-05,0.9534749594989305,0.140224591
99,1.0156941221545721e-05,1.1561267958841629e-05,1.0156941221545721e-05,1.4734361376851581,0.126548499
104,1.034817972251715e-05,1.166579710014927e-05,1.034817972251715e-05,1.4686669877428367,0.126091167
100,9.876728033447059e-06,1.1225186760434835e-05,9.876728033447059e-06,1.4565415241456159,0.126761511
101,9.53741914357727e-06,1.0901629183102321e-05,9.53741914357727e-06,1.4447251944040942,0.127308667
101,8.998234745925543e-06,1.037563693643767e-05,8.998234745925543e-06,1.4201611072411346,0.128192946
88,1.1059230036398301e-05,1.0744902749303809e-05,1.1059230036398301e-05,0.9623906161039065,0.140949517
86,1.0067347446680819e-05,9.65690057953028e-06,1.0067347446680819e-05,0.9609034836954048,0.142338768
86,1.0728993958875138e-05,1.0396773904148375e-05,1.0728993958875138e-05,0.9630244629378465,0.141396016
102,9.235649876192535e-06,1.0641567738169064e-05,9.235649876192535e-06,1.4321596187924714,0.127857447
99,9.443514139659313e-06,1.0810109285680477e-05,9.443514139659313e-06,1.437729669872077,0.127392069
98,9.083690047389969e-06,1.0511025178121229e-05,9.083690047389969e-06,1.4269892295511932,0.128192917
100,8.491735842261146e-06,9.931624206384657e-06,8.491735842261146e-06,1.401756354051505,0.129355028
90,9.905160485858397e-06,9.498547830626902e-06,9.905160485858397e-06,0.9533655924405725,0.142519951
88,8.78682710050971e-06,8.443540946280056e-06,8.78682710050971e-06,0.9783975329057902,0.144208178
89,9.222267330605648e-06,8.846610638645488e-06,9.222267330605648e-06,0.9823252383751848,0.143499568
99,8.575488386945853e-06,1.0020206507029945e-05,8.575488386945853e-06,1.4053266432661193,0.129306093
100,8.743470700188053e-06,1.0133500779421855e-05,8.743470700188053e-06,1.4106913166695054,0.128719226
99,8.38951785201527e-06,9.760686225309759e-06,8.38951785201527e-06,1.3940839191321044,0.129355013
97,8.124590348340247e-06,9.663702644101469e-06,8.124590348340247e-06,1.3819528980302385,0.130621523
99,7.596492580841703e-06,9.044187501343833e-06,7.596492580841703e-06,1.3357527288339939,0.131531179
88,8.894556035899437e-06,8.55212791404194e-06,8.894556035899437e-06,0.9839313870694872,0.144018769
93,8.015167826860956e-06,7.74601099218578e-06,8.015167826860956e-06,1.0820209319031358,0.150543451
90,8.031958424907409e-06,7.753322173636251e-06,8.031958424907409e-06,1.0079239125741932,0.14700684
90,8.086174477925343e-06,7.80719682215262e-06,8.086174477925343e-06,1.0393975788900767,0.148182213
97,8.190706602357723e-06,9.629865841786805e-06,8.190706602357723e-06,1.3824690569254892,0.130187556
97,7.836214761613565e-06,9.296713171782723e-06,7.836214761613565e-06,1.3668645501434178,0.13121821
100,8.327713303556446e-06,9.756294612200456e-06,8.327713303556446e-06,1.3913516305361509,0.129771486
100,7.891854753509408e-06,9.397346251104454e-06,7.891854753509408e-06,1.368479210739163,0.13121824
95,7.347365930554546e-06,8.79674368358827e-06,7.347365930554546e-06,1.3374067440798427,0.13247256
96,6.980201125783252e-06,8.454343538440251e-06,6.980201125783252e-06,1.3056403193203059,0.133542687
11,3.60545620577802e-06,3.9033638197309665e-06,3.60545620577802e-06,0.0822014476331363,0.146591187
96,8.06145568266145e-06,7.79426967266645e-06,8.06145568266145e-06,1.0817344682375911,0.15192619
15,4.653133301224991e-06,4.745293271223219e-06,4.653133301224991e-06,0.1390795893243282,0.153150737
95,7.597810687390747e-06,9.066339963192882e-06,7.597810687390747e-06,1.3497976318954612,0.131835401
99,7.316334019576538e-06,8.844150016175128e-06,7.316334019576538e-06,1.3369788160141238,0.132944793
94,7.363914431567359e-06,8.834810361140643e-06,7.363914431567359e-06,1.3372508957739748,0.132472515
96,7.0146891830138195e-06,8.486537850303198e-06,7.0146891830138195e-06,1.3186983794236404,0.133695468
90,6.598560794196707e-06,8.054021145793336e-06,6.598560794196707e-06,1.2904643739492838,0.134802088
94,6.287668383074695e-06,7.760721117680602e-06,6.287668383074695e-06,1.2589970661399388,0.135976613
4,8.737294838741327e-07,1.024651768406924e-06,8.737294838741327e-07,0.014758812028799695,0.133662492
7,1.953794395599826e-06,2.1828592112069325e-06,1.953794395599826e-06,0.0386774776707231,0.139965802
7,1.9030005079512668e-06,2.134213913967045e-06,1.9030005079512668e-06,0.03758281109267018,0.139682323
95,6.8911024020720054e-06,8.33366065266415e-06,6.8911024020720054e-06,1.3079410760732895,0.133849636
94,6.675861010451427e-06,8.203509885859182e-06,6.675861010451427e-06,1.2966955481927047,0.13496539
95,6.624230268655044e-06,8.129131249703683e-06,6.624230268655044e-06,1.2913808787511747,0.134965435
92,6.374838544993879e-06,7.88309319799878e-06,6.374838544993879e-06,1.2776749590463028,0.136144325
91,6.128342581556258e-06,7.637746301236579e-06,6.128342581556258e-06,1.2605234288532896,0.13726978
91,5.734805595984175e-06,7.18037234964772e-06,5.734805595984175e-06,1.2305020005309573,0.138011903
3,4.0882141950150903e-07,4.905272763130534e-07,4.0882141950150903e-07,0.005774555794840394,0.130460694
91,6.12413201237504e-06,7.56440831192685e-06,6.12413201237504e-06,1.2592210845662641,0.136781335
95,6.3137550312474705e-06,7.786757652793126e-06,6.3137550312474705e-06,1.2723653896052292,0.136111736
92,6.039687225752663e-06,7.503193401273735e-06,6.039687225752663e-06,1.252771395501175,0.137379438
92,5.476915441395152e-06,6.883745790617595e-06,5.476915441395152e-06,1.214552751152866,0.137690276
86,5.094644440468781e-06,6.458405515241192e-06,5.094644440468781e-06,1.1738605537616968,0.137313962
91,5.603247961810953e-06,6.9998204184939655e-06,5.603247961810953e-06,1.222640611018936,0.137916759
87,5.897774678201816e-06,7.342915850213678e-06,5.897774678201816e-06,1.2436156983333355,0.13797012
88,5.311540510578097e-06,6.721207580827642e-06,5.311540510578097e-06,1.2008932092890814,0.137476161
85,5.165621413445098e-06,6.614955930675029e-06,5.165621413445098e-06,1.189686772398121,0.137155533
83,4.753705138795894e-06,6.100055967688041e-06,4.753705138795894e-06,1.1483362309013347,0.136789635
91,5.578761913070003e-06,7.070174547668975e-06,5.578761913070003e-06,1.221165106573014,0.137690276
85,5.039129064637854e-06,6.361200965187193e-06,5.039129064637854e-06,1.1794664686398164,0.137262791
85,4.842129685479386e-06,6.157033163854088e-06,4.842129685479386e-06,1.1633230305103397,0.136945829
84,4.60225527458591e-06,5.956828787384611e-06,4.60225527458591e-06,1.1452406261484975,0.136583
85,4.405343567995117e-06,5.71956563047931e-06,4.405343567995117e-06,1.124217884177201,0.136161223
87,4.925453718567082e-06,6.255833248656299e-06,4.925453718567082e-06,1.169874655002423,0.13704817
85,4.636640493224048e-06,6.019692368912242e-06,4.636640493224048e-06,1.1452221984926425,0.136583149
85,4.406348658364344e-06,5.721884992612833e-06,4.406348658364344e-06,1.1233091192346583,0.136161268
84,4.231078577471665e-06,5.543071674917761e-06,4.231078577471665e-06,1.1102275303529667,0.135354981
84,4.205618777737122e-06,5.587880573595032e-06,4.205618777737122e-06,1.1021105585300857,0.13482587
80,4.342593453339712e-06,5.7017982062473275e-06,4.342593453339712e-06,1.1178175378924575,0.135900214
82,4.2658975358193826e-06,5.6056254703471256e-06,4.2658975358193826e-06,1.1120756416962125,0.135357738
80,4.035004103437221e-06,5.3518090942297495e-06,4.035004103437221e-06,1.0925644119358793,0.134567678
84,3.949569740464179e-06,5.246577486222901e-06,3.949569740464179e-06,1.0844923522515257,0.134041339
81,3.843735266432492e-06,5.171161912500499e-06,3.843735266432492e-06,1.0728858907002727,0.133252487
83,4.020791784214734e-06,5.390146598966905e-06,4.020791784214734e-06,1.0905958980821502,0.134172827
80,3.853952024598992e-06,5.166861543761245e-06,3.853952024598992e-06,1.0734386930342281,0.133517534
81,3.6263725700507567e-06,4.859919800977874e-06,3.6263725700507567e-06,1.0528422392126742,0.132996231
83,3.4914739024610827e-06,4.714965417454608e-06,3.4914739024610827e-06,1.0364184568485157,0.132348254
77,3.411175566803157e-06,4.6599316496298494e-06,3.411175566803157e-06,1.0217178120710062,0.132445052
81,3.5997784951260354e-06,4.854132771376937e-06,3.5997784951260354e-06,1.0476116522632912,0.13265425
81,3.546343506588171e-06,4.790377649214293e-06,3.546343506588171e-06,1.044317977164608,0.132225782
82,3.362199774915144e-06,4.593823759070668e-06,3.362199774915144e-06,1.022605945689645,0.132499054
80,3.257987026983478e-06,4.488442068747051e-06,3.257987026983478e-06,1.010579576655455,0.132785439
81,3.065960207606646e-06,4.23683668810181e-06,3.065960207606646e-06,0.992314592414647,0.133196875
81,3.24202054930199e-06,4.434202226868621e-06,3.24202054930199e-06,1.0108733105534402,0.132727727
81,3.1886504151166393e-06,4.367972765670571e-06,3.1886504151166393e-06,1.0039803959229505,0.132785484
81,3.0953414107112187e-06,4.288043963732619e-06,3.0953414107112187e-06,0.9952758490353064,0.133196905
79,2.9399744038062727e-06,4.078671050237338e-06,2.9399744038062727e-06,0.9793564616226518,0.133559421
76,2.7068600930820168e-06,3.7759839783315406e-06,2.7068600930820168e-06,0.9486753139165678,0.133993417
78,3.012604273429694e-06,4.191778861287823e-06,3.012604273429694e-06,0.9854708056897327,0.133437693
79,2.9122641951348306e-06,4.026833404604723e-06,2.9122641951348306e-06,0.977070861981884,0.133571059
79,2.7629380187840877e-06,3.833941202788555e-06,2.7629380187840877e-06,0.9603903466860961,0.133866385
74,2.7097327284635314e-06,3.821524429199712e-06,2.7097327284635314e-06,0.9526768504681155,0.133708477
72,2.476582095672078e-06,3.5028520249404336e-06,2.476582095672078e-06,0.9211825597538035,0.132310703
76,2.7655025497178937e-06,3.8973747025740724e-06,2.7655025497178937e-06,0.9576320658851036,0.133988425
76,2.6480689498190144e-06,3.707497262584615e-06,2.6480689498190144e-06,0.9472055741641172,0.133708522
73,2.5119303274588225e-06,3.5553218673690344e-06,2.5119303274588225e-06,0.9282660324603805,0.132310793
73,2.3939040618429675e-06,3.3953857514744878e-06,2.3939040618429675e-06,0.9139668699263764,0.131352365
76,2.3062890694992792e-06,3.295459930679727e-06,2.3062890694992792e-06,0.8945190217054115,0.130068704
74,2.444222420647078e-06,3.476929500324396e-06,2.444222420647078e-06,0.9188421535318497,0.131541446
73,2.415445711943258e-06,3.444478527200647e-06,2.415445711943258e-06,0.9146442941035016,0.13135241
77,2.3141803516327105e-06,3.2969281428676234e-06,2.3141803516327105e-06,0.9002851849471656,0.130068749
79,2.219305584652095e-06,3.1766029274607507e-06,2.219305584652095e-06,0.8867112757138015,0.129023403
78,2.159019621580347e-06,3.1378749739521826e-06,2.159019621580347e-06,0.8719283692516855,0.128155202
74,2.2490635798328662e-06,3.210821868248538e-06,2.2490635798328662e-06,0.8912027950951146,0.129366264
78,2.223580279461368e-06,3.1964904364457484e-06,2.223580279461368e-06,0.8856020522621393,0.128991395
75,2.185140016736957e-06,3.1568078399031143e-06,2.185140016736957e-06,0.8801398774740089,0.128197372
77,2.144253930774138e-06,3.1251922119729744e-06,2.144253930774138e-06,0.872858631869956,0.128081083
74,1.9436086153494506e-06,2.838372998261151e-06,1.9436086153494506e-06,0.8378759749285914,0.127951473
79,2.1525337868177753e-06,3.1329441318672552e-06,2.1525337868177753e-06,0.8743156823655593,0.12810643
74,2.1518786200113283e-06,3.1424263535378396e-06,2.1518786200113283e-06,0.8731675754879903,0.128081113
76,1.9811038382392217e-06,2.899017995857562e-06,1.9811038382392217e-06,0.8454535339384501,0.127951473
75,1.8840832671955806e-06,2.757585021560546e-06,1.8840832671955806e-06,0.8305224011168849,0.127858922
73,1.8450717908648167e-06,2.7738451881829236e-06,1.8450717908648167e-06,0.8119854286193605,0.12772949
76,1.930665936373348e-06,2.834788512267949e-06,1.930665936373348e-06,0.8360191867494153,0.127877429
75,1.87807438190869e-06,2.751273940165162e-06,1.87807438190869e-06,0.8282454444894913,0.127858922
73,1.8497598720317739e-06,2.767766389910061e-06,1.8497598720317739e-06,0.8168487431509975,0.127729475
74,1.7072350619785185e-06,2.541597031046699e-06,1.7072350619785185e-06,0.7951899549361827,0.127618611
71,1.6024139858734345e-06,2.399804904096257e-06,1.6024139858734345e-06,0.7729993122622588,0.127663419
72,1.75369882157363e-06,2.6082082341022266e-06,1.75369882157363e-06,0.8039283261962734,0.127655536
72,1.726444464180033e-06,2.585317767911507e-06,1.726444464180033e-06,0.7977429838704744,0.127615124
73,1.6770748508147443e-06,2.5144252785289336e-06,1.6770748508147443e-06,0.7889680874408549,0.127641767
71,1.6052165513214464e-06,2.426715391212414e-06,1.6052165513214464e-06,0.7720600319836527,0.127706721
74,1.491855138193006e-06,2.2823786699402633e-06,1.491855138193006e-06,0.7434770163856342,0.127784744
71,1.6538144755494811e-06,2.5151980074321797e-06,1.6538144755494811e-06,0.780421524960235,0.127691865
71,1.592250637020175e-06,2.402754471268993e-06,1.592250637020175e-06,0.7714117594136596,0.127706721
74,1.4882497770844543e-06,2.2703399675032993e-06,1.4882497770844543e-06,0.7463268718699131,0.127784744
73,1.4655365785937918e-06,2.248030455552126e-06,1.4655365785937918e-06,0.7401235212690588,0.127842173
73,1.368576657737096e-06,2.119735319767426e-06,1.368576657737096e-06,0.7171888840416348,0.127924904
72,1.431434755518209e-06,2.1832849386191164e-06,1.431434755518209e-06,0.7383485426707271,0.12783058
73,1.4566163964070929e-06,2.2355057928879568e-06,1.4566163964070929e-06,0.7376584263172472,0.127842173
74,1.4103428824119866e-06,2.182499866392649e-06,1.4103428824119866e-06,0.7274876245703148,0.127924904
72,1.3186554259939326e-06,2.041001215175349e-06,1.3186554259939326e-06,0.7085069325143551,0.127858579
72,1.2588262484349987e-06,1.9790719827291938e-06,1.2588262484349987e-06,0.6857226017273651,0.127619252
73,1.3201187313283825e-06,2.038104164898106e-06,1.3201187313283825e-06,0.7100622524679895,0.127927035
74,1.317068735390028e-06,2.0464095478860985e-06,1.317068735390028e-06,0.7067116066529582,0.127852142
73,1.3126353289168985e-06,2.0629033511200366e-06,1.3126353289168985e-06,0.6968878096762114,0.12768659
74,1.2212296249118409e-06,1.9131959499174385e-06,1.2212296249118409e-06,0.680618535515018,0.127482474
71,1.15236358034296e-06,1.8265453303665051e-06,1.15236358034296e-06,0.6557351509193685,0.127243102
75,1.2313669882234251e-06,1.9259031148006542e-06,1.2313669882234251e-06,0.6843215716372756,0.127529114
73,1.2203806906422408e-06,1.9114066194812253e-06,1.2203806906422408e-06,0.6802275819790503,0.127482489
72,1.1648012870623202e-06,1.8418337801073962e-06,1.1648012870623202e-06,0.6610532346072145,0.127243131
72,1.1308131144739018e-06,1.799025333506848e-06,1.1308131144739018e-06,0.6475748025278978,0.127072141
70,1.1090462271891577e-06,1.784622237049637e-06,1.1090462271891577e-06,0.6332228195149393,0.126843661
70,1.1435109204828166e-06,1.8160656148593791e-06,1.1435109204828166e-06,0.6530948783466948,0.127106383
72,1.1298364568026002e-06,1.7974375841956675e-06,1.1298364568026002e-06,0.64778461579948,0.12707217
70,1.1254578228967537e-06,1.8059153180620814e-06,1.1254578228967537e-06,0.6403548198166185,0.126843691
72,1.1019184148430018e-06,1.796699325574765e-06,1.1019184148430018e-06,0.6248055534438491,0.126704141
69,1.0310866594740729e-06,1.6738842051390125e-06,1.0310866594740729e-06,0.6071630654562593,0.126541898
74,1.081723382551135e-06,1.7463988038983194e-06,1.081723382551135e-06,0.6244927172043067,0.126750663
74,1.075450517416872e-06,1.7431124954795384e-06,1.075450517416872e-06,0.6206981072319699,0.126699805
73,1.0387405192757262e-06,1.6808542588989084e-06,1.0387405192757262e-06,0.6114429163876176,0.126634568
67,1.0217482859829047e-06,1.6748373553958756e-06,1.0217482859829047e-06,0.5987311164602009,0.126449451
68,9.580749880918015e-07,1.5767883747164906e-06,9.580749880918015e-07,0.575612041597329,0.126288071
69,1.0158838743150508e-06,1.6625166364894264e-06,1.0158838743150508e-06,0.5987594220737246,0.126480997
68,9.931601459817858e-07,1.6220064682683918e-06,9.931601459817858e-07,0.5937939954253013,0.126449481
68,9.778489491180092e-07,1.6090300159412307e-06,9.778489491180092e-07,0.5817955796238151,0.126288101
70,9.407988938700137e-07,1.547153846038376e-06,9.407988938700137e-07,0.5719547976744295,0.126173183
66,9.003158149996631e-07,1.4937873991119487e-06,9.003158149996631e-07,0.5529458294283094,0.126049116
68,9.537284074922887e-07,1.5741064478467268e-06,9.537284074922887e-07,0.5727509077736059,0.126196191
68,9.5062431168214e-07,1.5632644129013684e-06,9.5062431168214e-07,0.5737259225915382,0.126173228
66,9.376365514749921e-07,1.556329602559006e-06,9.376365514749921e-07,0.5621330602094581,0.126049131
64,9.388376277791816e-07,1.5647220068601205e-06,9.388376277791816e-07,0.5554190008346461,0.125959665
64,9.419911491072315e-07,1.5981888834068232e-06,9.419911491072315e-07,0.5458725161914743,0.125861287
65,9.274204854650023e-07,1.547059564701131e-06,9.274204854650023e-07,0.5555588860419668,0.125988975
64,9.147608594571287e-07,1.525202034860256e-06,9.147608594571287e-07,0.551800059338827,0.125956938
63,8.612755388321905e-07,1.4341565934557399e-06,8.612755388321905e-07,0.5360183189166069,0.125874966
60,9.387115204660254e-07,1.5926614432272342e-06,9.387115204660254e-07,0.5431195647383031,0.125808015
61,8.22803555460675e-07,1.3948555570755412e-06,8.22803555460675e-07,0.511626826569357,0.12571986
62,9.209821987951077e-07,1.5653313309649842e-06,9.209821987951077e-07,0.5393212705910029,0.125821173
60,9.388938731542949e-07,1.5929680900356547e-06,9.388938731542949e-07,0.543150781939999,0.12580803
62,8.255815313742107e-07,1.3882634224393547e-06,8.255815313742107e-07,0.5177555614087295,0.125719875
63,8.574700668955707e-07,1.4733401504704856e-06,8.574700668955707e-07,0.5125968106011105,0.125676095
62,8.059175690506168e-07,1.3805429207406585e-06,8.059175690506168e-07,0.4951898114227542,0.125661671
65,8.484229211939234e-07,1.4409888398066815e-06,8.484229211939234e-07,0.5157621526012558,0.125681311
65,8.822176225166574e-07,1.5053046429027397e-06,8.822176225166574e-07,0.5197192736958021,0.125675648
63,8.700303322578617e-07,1.4951594121307413e-06,8.700303322578617e-07,0.5117521336396156,0.125665277
63,8.000968056051767e-07,1.3642755372371022e-06,8.000968056051767e-07,0.4959751295324198,0.125656009
61,7.66122841367058e-07,1.3185517153171982e-06,7.66122841367058e-07,0.4818570337427455,0.125650704
63,7.880223936260277e-07,1.3385302594607033e-06,7.880223936260277e-07,0.49392678378346005,0.125657767
63,7.846481845656242e-07,1.3364295181380547e-06,7.846481845656242e-07,0.49309369871608516,0.125656039
63,7.828526316425685e-07,1.345213659255788e-06,7.828526316425685e-07,0.48790448394761243,0.125650719
62,7.701125182014995e-07,1.3243453450048514e-06,7.701125182014995e-07,0.48269059691483046,0.12565048
59,7.699091956843105e-07,1.3340815110097913e-06,7.699091956843105e-07,0.4758969428246543,0.125648111
62,7.572900877589485e-07,1.2961839566169185e-06,7.572900877589485e-07,0.4823869024269727,0.125650316
61,7.761158579633372e-07,1.3348052997385314e-06,7.761158579633372e-07,0.48468215462488556,0.12565051
60,7.750335953636714e-07,1.3349697839809634e-06,7.750335953636714e-07,0.4805874691527225,0.125648126
58,7.45484229104897e-07,1.2858190919456438e-06,7.45484229104897e-07,0.4746313382693319,0.125613824
55,7.50604831224347e-07,1.305640298146932e-06,7.50604831224347e-07,0.4694734150840682,0.125577465
59,7.740777829256152e-07,1.3402412437652848e-06,7.740777829256152e-07,0.47918378014482976,0.12562497
58,7.703165111638923e-07,1.3460481826760087e-06,7.703165111638923e-07,0.47544386869450955,0.125612795
58,7.58958574824573e-07,1.3158324328851953e-06,7.58958574824573e-07,0.4742418441872313,0.12559776
57,7.413251031845232e-07,1.2881728330841428e-06,7.413251031845232e-07,0.4673518694766127,0.125558466
56,7.242204204496637e-07,1.2653124526238332e-06,7.242204204496637e-07,0.45908955589425715,0.125528291
59,7.403262242857324e-07,1.2905177492697909e-06,7.403262242857324e-07,0.46715766415507864,0.125564814
57,7.427419098828574e-07,1.2922136303212194e-06,7.427419098828574e-07,0.4678305288275688,0.125558481
57,7.33687776620756e-07,1.278338700794463e-06,7.33687776620756e-07,0.4635878163865429,0.125528306
56,7.174377510491608e-07,1.243285534524084e-06,7.174377510491608e-07,0.4596105051937572,0.125509173
55,6.882542040954229e-07,1.2107571746608051e-06,6.882542040954229e-07,0.44648487758496974,0.125468448
57,6.878526891213616e-07,1.1954657307883135e-06,6.878526891213616e-07,0.45318044502902577,0.125512883
56,7.176469943633282e-07,1.2439405350582257e-06,7.176469943633282e-07,0.4595801517407854,0.125509202
56,7.003521407502878e-07,1.226820484079881e-06,7.003521407502878e-07,0.45248552082911775,0.125468463
57,6.60928979775424e-07,1.1535349959278217e-06,6.60928979775424e-07,0.4406199843911782,0.125431269
55,6.529708619560727e-07,1.1383480962880623e-06,6.529708619560727e-07,0.43904951212607984,0.125392288
55,7.061108211777369e-07,1.2377643864596204e-06,7.061108211777369e-07,0.4509735431525081,0.125443295
55,6.956951231681186e-07,1.2223692988884371e-06,6.956951231681186e-07,0.44671047182847545,0.125430167
56,6.562852633675327e-07,1.1459405961537469e-06,6.562852633675327e-07,0.43938268761109567,0.125403121
55,6.590709555397325e-07,1.1563509390905434e-06,6.590709555397325e-07,0.43721519195905717,0.125372157
52,6.567090807805188e-07,1.15988804922901e-06,6.567090807805188e-07,0.42990021054415795,0.125340641
54,6.818144736045339e-07,1.2035446218801602e-06,6.818144736045339e-07,0.44047754677008283,0.125378877
54,7.106026071300218e-07,1.27013277783408e-06,7.106026071300218e-07,0.444195787498466,0.125372171
54,6.167035046714728e-07,1.0919297871087618e-06,6.167035046714728e-07,0.4243890462237918,0.125340641
54,6.279284461313209e-07,1.1010225671778862e-06,6.279284461313209e-07,0.42806015360733,0.12531282
54,6.525669546429288e-07,1.1509312178158752e-06,6.525669546429288e-07,0.4305199784316394,0.125261262
54,6.637582867476795e-07,1.170726604002204e-06,6.637582867476795e-07,0.43364890747907087,0.125320658
54,6.093871004824931e-07,1.0732886669560613e-06,6.093871004824931e-07,0.4230678412996679,0.125312835
53,6.419445057221818e-07,1.1338529372293955e-06,6.419445057221818e-07,0.4279641263917816,0.125261277
53,5.885726970932939e-07,1.0373251842421145e-06,5.885726970932939e-07,0.4148217296213058,0.12522158
50,6.77474655922988e-07,1.2184609612043291e-06,6.77474655922988e-07,0.4263398562166398,0.125180468
54,6.634309236962895e-07,1.1747824244502532e-06,6.634309236962895e-07,0.43037419955698025,0.12523438
54,6.651647719753665e-07,1.1744539159543435e-06,6.651647719753665e-07,0.43051730740110394,0.125220403
53,6.025346623571442e-07,1.0586878856472347e-06,6.025346623571442e-07,0.4190010862149784,0.12519148
52,5.859932775839872e-07,1.0331682848431203e-06,5.859932775839872e-07,0.41278076827051524,0.125159517
50,5.611419065395997e-07,9.851117575997822e-07,5.611419065395997e-07,0.4066798814106582,0.125121102
53,6.398358779561371e-07,1.1339602130460274e-06,6.398358779561371e-07,0.4232734976300226,0.125166491
52,6.577713775678188e-07,1.167366170650037e-06,6.577713775678188e-07,0.4258173675966144,0.125159532
51,5.6637057546474e-07,9.921538296956696e-07,5.6637057546474e-07,0.4094136936719475,0.125121117
51,6.194449965262903e-07,1.1161737294631384e-06,6.194449965262903e-07,0.415720937990259,0.125071272
49,6.107287373061143e-07,1.080512382319397e-06,6.107287373061143e-07,0.41297397604284075,0.125007913
50,6.27636869137242e-07,1.1212654782540888e-06,6.27636869137242e-07,0.4190046764038442,0.125080958
51,5.812094451298541e-07,1.0356775407138403e-06,5.812094451298541e-07,0.409375574889256,0.125071287
50,5.801364523084349e-07,1.0321083582020888e-06,5.801364523084349e-07,0.4078430396500098,0.125007942
51,5.555084302069984e-07,9.81319655940701e-07,5.555084302069984e-07,0.4029704196878365,0.124959655
49,5.907180130824036e-07,1.045156462466569e-06,5.907180130824036e-07,0.40632877597000844,0.124910347
51,6.307381295337399e-07,1.1246726959128865e-06,6.307381295337399e-07,0.4174741284237593,0.124975182
52,5.868718441349488e-07,1.0387270300640701e-06,5.868718441349488e-07,0.40885956349410413,0.124958262
50,5.846092535071921e-07,1.0336536865762847e-06,5.846092535071921e-07,0.4083007782148442,0.124923497
49,5.824873252287252e-07,1.0304674486683647e-06,5.824873252287252e-07,0.4069950962769245,0.124885596
48,5.511595132405628e-07,9.799333791403752e-07,5.511595132405628e-07,0.39469591681986776,0.124842025
49,5.898287578479585e-07,1.0387132758023457e-06,5.898287578479585e-07,0.40960086004006485,0.124893822
49,5.791764935084801e-07,1.0251169963340139e-06,5.791764935084801e-07,0.4062120374973423,0.124885634
49,5.666545837139468e-07,1.0013837295439523e-06,5.666545837139468e-07,0.4018912647259182,0.124842055
49,5.951452932714013e-07,1.053727978056076e-06,5.951452932714013e-07,0.40603084469746215,0.124814138
49,6.227547279195286e-07,1.1069725437799998e-06,6.227547279195286e-07,0.40836764046011986,0.124782123
49,5.759784444297557e-07,1.0112111151892557e-06,5.759784444297557e-07,0.4042233578882939,0.12481945
48,5.791272552758678e-07,1.020904560296303e-06,5.791272552758678e-07,0.40400874971195444,0.124814183
50,6.238342806304053e-07,1.1083660959973307e-06,6.238342806304053e-07,0.4089039238167597,0.124782152
48,5.867971261249658e-07,1.0346743833596796e-06,5.867971261249658e-07,0.4018421898427737,0.124761261
47,5.669775562359324e-07,1.0020119272812713e-06,5.669775562359324e-07,0.3921479300243668,0.124744549
48,5.491138364981631e-07,9.671017732841023e-07,5.491138364981631e-07,0.39484521960559016,0.124767609
48,5.923358285245783e-07,1.044450604109962e-06,5.923358285245783e-07,0.4028669554993289,0.124760747
48,5.456557359240654e-07,9.608804663955045e-07,5.456557359240654e-07,0.3913248659274953,0.124748461
48,5.535623038606942e-07,9.74536386729432e-07,5.535623038606942e-07,0.39113129788399315,0.124762885
46,5.834323950914503e-07,1.030241550982307e-06,5.834323950914503e-07,0.3911080859369405,0.124841094
49,5.476679173478781e-07,9.66515935071456e-07,5.476679173478781e-07,0.38924560616957604,0.124748215
48,5.851332143588215e-07,1.031522283296089e-06,5.851332143588215e-07,0.3966858956853641,0.12476293
47,5.94897495253289e-07,1.0445922693565964e-06,5.94897495253289e-07,0.3973220153585221,0.124841131
46,5.982045117973285e-07,1.056016630360875e-06,5.982045117973285e-07,0.3954542827538014,0.124899656
47,5.187830659128075e-07,9.151268488919591e-07,5.187830659128075e-07,0.3739386571392818,0.124985263
48,5.841864401859383e-07,1.0324030143413301e-06,5.841864401859383e-07,0.3929163542931275,0.124887832
47,5.843634196908969e-07,1.0305714139317713e-06,5.843634196908969e-07,0.39292279316475215,0.124899693
48,5.255475951195918e-07,9.238287398946895e-07,5.255475951195918e-07,0.3789275342652977,0.124985285
46,5.473522975207085e-07,9.585428551135413e-07,5.473522975207085e-07,0.3817091391984401,0.125062078
47,5.687018421785356e-07,9.991702579747595e-07,5.687018421785356e-07,0.3830320788898753,0.125123531
47,5.476405818512387e-07,9.567900219613504e-07,5.476405818512387e-07,0.38289262991237505,0.125031516
46,5.754834449307982e-07,1.0039862719752118e-06,5.754834449307982e-07,0.38896107320184947,0.125049099
47,5.499012939956764e-07,9.56369865148182e-07,5.499012939956764e-07,0.38121147405486827,0.125125974
46,5.591606708096988e-07,9.84635592967062e-07,5.591606708096988e-07,0.37774977456432235,0.125111505
46,5.118901253144514e-07,8.90101288945809e-07,5.118901253144514e-07,0.365885362133612,0.125102758
46,5.716939208529247e-07,1.0060443383514125e-06,5.716939208529247e-07,0.38171760275776634,0.125117004
46,5.309137854217624e-07,9.296454493539025e-07,5.309137854217624e-07,0.3749307227920436,0.125115022
46,5.927849887800473e-07,1.0292956246722526e-06,5.927849887800473e-07,0.38523141506157904,0.125104666
46,5.388826263739428e-07,9.418773609016459e-07,5.388826263739428e-07,0.37083354493608195,0.125100121
45,6.093922343036189e-07,1.0535407009989896e-06,6.093922343036189e-07,0.3842455203251812,0.125100881
48,5.228964627975188e-07,9.057467434117681e-07,5.228964627975188e-07,0.37004187823797635,0.125101388
45,5.845156182365367e-07,1.0333214333102742e-06,5.845156182365367e-07,0.3775054974329916,0.125100374
44,5.516063972584823e-07,9.72265930486659e-07,5.516063972584823e-07,0.36987857261750234,0.125100181
45,5.768008680593437e-07,9.900324798475708e-07,5.768008680593437e-07,0.37624907537167884,0.125105873
44,5.053775228931062e-07,8.628791315429652e-07,5.053775228931062e-07,0.359617217331048,0.125035927
46,5.154126611528902e-07,8.857049113591678e-07,5.154126611528902e-07,0.3654085038495123,0.125102594
45,5.244188763678813e-07,9.069123622964164e-07,5.244188763678813e-07,0.36558223202744283,0.125103787
45,5.059887945381542e-07,8.652582096784321e-07,5.059887945381542e-07,0.36154417862145083,0.125054598
45,5.119980617960341e-07,8.729633067900159e-07,5.119980617960341e-07,0.3604548488309848,0.124994159
43,5.212327830514404e-07,8.945728095024781e-07,5.212327830514404e-07,0.35611430243501124,0.124958709
45,5.125184854690385e-07,8.751299326048969e-07,5.125184854690385e-07,0.3620685086495287,0.125018358
45,5.426873750913808e-07,9.368063156917914e-07,5.426873750913808e-07,0.36495124296067183,0.125009969
44,5.291429114141152e-07,9.036753760079768e-07,5.291429114141152e-07,0.3610943987478383,0.124958739
43,5.251882953589192e-07,8.921735412217754e-07,5.251882953589192e-07,0.35975110429944374,0.124920428
43,5.295121525076638e-07,8.955506378869684e-07,5.295121525076638e-07,0.3579939782487665,0.124898523
43,5.291451144971909e-07,8.998864711765189e-07,5.291451144971909e-07,0.36062085261034105,0.124935381
42,5.313091399107701e-07,9.027502808893021e-07,5.313091399107701e-07,0.36008580303993776,0.124924399
42,5.286603323770544e-07,8.939479284313965e-07,5.286603323770544e-07,0.35689464104335317,0.124893352
43,5.298180053762763e-07,8.958823619719059e-07,5.298180053762763e-07,0.3575466922268929,0.12489529
42,5.554844997911206e-07,9.379410806505752e-07,5.554844997911206e-07,0.3563270211133516,0.125031054
42,5.265610613893346e-07,8.922659315606514e-07,5.265610613893346e-07,0.3554807778760878,0.124902695
43,5.634514550083946e-07,9.463568568702597e-07,5.634514550083946e-07,0.36154827507281745,0.125031039
42,5.794326960208728e-07,9.73757886632823e-07,5.794326960208728e-07,0.3659110013360908,0.124968499
43,5.288929611118353e-07,8.864730076722613e-07,5.288929611118353e-07,0.354508464204952,0.125078946
43,5.376031379079809e-07,8.994383833196077e-07,5.376031379079809e-07,0.3531426905582037,0.125179574
43,5.329538037158248e-07,8.913120924872218e-07,5.329538037158248e-07,0.3552241526703302,0.12509574
43,5.208015394007749e-07,8.709134407124261e-07,5.208015394007749e-07,0.3501542165779906,0.125203013
43,5.116665430020259e-07,8.540433515964377e-07,5.116665430020259e-07,0.34789160275297587,0.125196755
42,5.191210551729206e-07,8.60126901177565e-07,5.191210551729206e-07,0.34811835810286124,0.125320584
41,5.21916090509918e-07,8.671936938938605e-07,5.21916090509918e-07,0.3453019539668413,0.125356689
43,5.509296560565181e-07,9.126145809407675e-07,5.509296560565181e-07,0.3538408124460107,0.125356346
44,5.220322510048295e-07,8.715795229470804e-07,5.220322510048295e-07,0.3461234428403156,0.125375628
41,5.286032661576023e-07,8.695999532233636e-07,5.286032661576023e-07,0.34844723237729214,0.125414312
41,5.209530829916731e-07,8.545783667034148e-07,5.209530829916731e-07,0.34653798683332837,0.12539722
43,5.158243885817432e-07,8.487087485372284e-07,5.158243885817432e-07,0.34213373697805105,0.125352368
41,5.226649978949514e-07,8.594767874023755e-07,5.226649978949514e-07,0.3472104315690403,0.125414312
42,5.166913280582363e-07,8.421717108174473e-07,5.166913280582363e-07,0.3432947882099623,0.12533924
42,5.173791005645117e-07,8.43383431311625e-07,5.173791005645117e-07,0.3438552048737168,0.125345543
41,5.254172427592682e-07,8.538897893114132e-07,5.254172427592682e-07,0.3441140812437008,0.125314489
41,5.323600229628271e-07,8.645307003583061e-07,5.323600229628271e-07,0.3449719293822869,0.125303745
41,5.338760496867264e-07,8.669575645193064e-07,5.338760496867264e-07,0.344960837423388,0.125298589
42,5.133267607358127e-07,8.274957694280785e-07,5.133267607358127e-07,0.3392168195747099,0.125268474
42,5.119074576184412e-07,8.25718185005608e-07,5.119074576184412e-07,0.33963363982633865,0.125276253
43,5.284575571248572e-07,8.549802629784935e-07,5.284575571248572e-07,0.34069308854913816,0.125261933
42,5.228664530115807e-07,8.438634385426253e-07,5.228664530115807e-07,0.3392734031753443,0.125255868
42,5.236160628992225e-07,8.388774874344485e-07,5.236160628992225e-07,0.33821936311063716,0.125213072
42,5.069627736593859e-07,8.173743289341585e-07,5.069627736593859e-07,0.33513868969785726,0.125242025
43,5.15890560361551e-07,8.28639626540837e-07,5.15890560361551e-07,0.33630266348401794,0.125221074
42,4.933442493957526e-07,7.920755897976004e-07,4.933442493957526e-07,0.3299027746759743,0.125194862
41,5.184948263261069e-07,8.308695796754394e-07,5.184948263261069e-07,0.3315787052907252,0.125186428
41,4.987757116180205e-07,7.961445178845587e-07,4.987757116180205e-07,0.3309881206147276,0.125187039
41,5.105844933276825e-07,8.110671386021114e-07,5.105844933276825e-07,0.33434512490167095,0.125185549
41,4.984843028673006e-07,7.866040189745707e-07,4.984843028673006e-07,0.3292589720956749,0.125196874
41,5.141765144591077e-07,8.064488446232317e-07,5.141765144591077e-07,0.33091000837447565,0.125246704
41,5.183787370425074e-07,8.189061240387073e-07,5.183787370425074e-07,0.333622232827946,0.125196904
40,5.039194751843064e-07,7.992581748836395e-07,5.039194751843064e-07,0.32830352755304004,0.125194103
41,5.09426942651794e-07,7.976793466285538e-07,5.09426942651794e-07,0.32956509508324655,0.125277266
41,5.11700563201542e-07,7.976021320305485e-07,5.11700563201542e-07,0.32735812817145393,0.125452295
42,5.023328963550471e-07,7.885567167764976e-07,5.023328963550471e-07,0.32907944467759,0.125233188
41,5.13584997373804e-07,8.044053337153082e-07,5.13584997373804e-07,0.32903795437064237,0.125318184
41,5.13655187342648e-07,8.045188411718292e-07,5.13655187342648e-07,0.3290521413597229,0.125318184
41,5.118673470903582e-07,7.97821788310996e-07,5.118673470903582e-07,0.3274028936398395,0.125452325
40,5.06788105794444e-07,7.859590311616937e-07,5.06788105794444e-07,0.3228995636478319,0.125677451
41,4.972597082480097e-07,7.789663876362726e-07,4.972597082480097e-07,0.3210370599545893,0.125525802
41,5.18802304403243e-07,8.120135432654265e-07,5.18802304403243e-07,0.3280261435276669,0.125448748
40,5.275468721040257e-07,8.236953091332197e-07,5.275468721040257e-07,0.3257497629759427,0.125664607
41,5.281612341519676e-07,8.141521279335913e-07,5.281612341519676e-07,0.32444469750425986,0.125882983
39,5.061773678207192e-07,7.870981019700755e-07,5.061773678207192e-07,0.3183169577317088,0.125824541
41,4.989652993204458e-07,7.778390477698849e-07,4.989652993204458e-07,0.32038775985167994,0.125626281
38,5.096703211258791e-07,7.910447688125927e-07,5.096703211258791e-07,0.32085554759593937,0.125758886
39,4.929488153096303e-07,7.735179769901638e-07,4.929488153096303e-07,0.3140249027847867,0.125666007
39,5.341402229619925e-07,8.129178205302735e-07,5.341402229619925e-07,0.32363016977807485,0.125725135
40,5.324037997602015e-07,8.227022697409169e-07,5.324037997602015e-07,0.3217719410106282,0.125777528
41,5.266997793061078e-07,8.078652530639805e-07,5.266997793061078e-07,0.3244173270274253,0.125866711
40,5.02186401057344e-07,7.742243068629854e-07,5.02186401057344e-07,0.31801645585725685,0.125894994
39,5.030453094732833e-07,7.68285069591982e-07,5.030453094732833e-07,0.3124209055977859,0.125668347
39,5.416514409584962e-07,8.181928725683108e-07,5.416514409584962e-07,0.32153044471030084,0.125623882
39,5.056427117800469e-07,7.748187160644854e-07,5.056427117800469e-07,0.3150800339334473,0.125731662
40,5.429538614353473e-07,8.360709833890828e-07,5.429538614353473e-07,0.32474085966193705,0.125767037
39,5.273986969740314e-07,8.109529132361182e-07,5.273986969740314e-07,0.31846895310807255,0.125754863
39,5.17851241796619e-07,7.8310703065635e-07,5.17851241796619e-07,0.3190055316958757,0.12566115
39,5.217750958120393e-07,7.869546219171114e-07,5.217750958120393e-07,0.31711324487413095,0.125621825
39,5.359913522581342e-07,7.966985773712059e-07,5.359913522581342e-07,0.3191820843466837,0.125697047
40,5.257207968238944e-07,7.98260717744506e-07,5.257207968238944e-07,0.32049838519894924,0.125675961
37,5.153531288200305e-07,7.872649146122881e-07,5.153531288200305e-07,0.3129071926951466,0.125630125
39,5.273570047292205e-07,7.910317474569497e-07,5.273570047292205e-07,0.31918424591591626,0.125619605
39,5.35959200103742e-07,7.970584930829578e-07,5.35959200103742e-07,0.3190003067285839,0.125697061
38,5.454897378275393e-07,8.061382590054746e-07,5.454897378275393e-07,0.31854529848456575,0.125847414
37,5.23651322175228e-07,7.833482993573787e-07,5.23651322175228e-07,0.3176866916908757,0.125632405
38,5.353169124828968e-07,7.965885502847952e-07,5.353169124828968e-07,0.3186489299085812,0.125697106
38,5.291471654246855e-07,7.829871260301321e-07,5.291471654246855e-07,0.314739806864099,0.12583746
38,5.500296500030152e-07,8.055192081849241e-07,5.500296500030152e-07,0.3171659621281536,0.126052707
37,5.271201513404869e-07,7.71625277470902e-07,5.271201513404869e-07,0.313855585251247,0.125973165
38,5.242425664206229e-07,7.755398133664598e-07,5.242425664206229e-07,0.3165321191941806,0.1257305
38,5.270477789668627e-07,7.774920016585656e-07,5.270477789668627e-07,0.3144252957941774,0.125850141
36,5.477667396591138e-07,8.040025952704786e-07,5.477667396591138e-07,0.31137789115276654,0.126157761
36,5.462401267350438e-07,7.984939809330749e-07,5.462401267350438e-07,0.3144258965506363,0.126107067
37,5.37023842143456e-07,7.928976386573244e-07,5.37023842143456e-07,0.3117501338738404,0.126044735
38,5.270621901398129e-07,7.774933355894192e-07,5.270621901398129e-07,0.31443328437299656,0.125850186
36,5.4609378155178e-07,7.908663309183925e-07,5.4609378155178e-07,0.31111042347114815,0.126296625
36,5.416354133778295e-07,7.894130513246027e-07,5.416354133778295e-07,0.309840785907217,0.126212999
36,5.411061418322551e-07,7.94415382084075e-07,5.411061418322551e-07,0.31017364086244753,0.126137614
37,5.461460892431759e-07,8.018964337657591e-07,5.461460892431759e-07,0.3150737589573282,0.126060054
36,5.19186511217546e-07,7.633598222951642e-07,5.19186511217546e-07,0.30756811706609843,0.126007199
37,5.387540476400614e-07,7.771843145987644e-07,5.387540476400614e-07,0.3082813694826456,0.126342803
36,5.500198829435646e-07,7.929302206416255e-07,5.500198829435646e-07,0.3087532054116222,0.12640585
38,5.454811805655228e-07,7.913466962554641e-07,5.454811805655228e-07,0.3110908258535836,0.126262024
36,5.413302288835638e-07,7.942944809919818e-07,5.413302288835638e-07,0.3104967853272921,0.126137644
35,5.377103861861724e-07,7.882879037439935e-07,5.377103861861724e-07,0.30605258025889354,0.126183107
35,5.547078054742292e-07,8.00758335117568e-07,5.547078054742292e-07,0.30982693655594895,0.126406074
37,5.306328645577541e-07,7.645168262748512e-07,5.306328645577541e-07,0.3062601373920987,0.126403272
36,5.481750201294019e-07,7.848901777457042e-07,5.481750201294019e-07,0.30709731998427103,0.126441687
35,5.495947460910356e-07,8.002019308914707e-07,5.495947460910356e-07,0.309292708730862,0.126315325
35,5.493638142754882e-07,7.841943552708879e-07,5.493638142754882e-07,0.31035496890641107,0.126419634
34,5.375523558011097e-07,7.646557678059172e-07,5.375523558011097e-07,0.3063629266164936,0.126448408
37,5.480361233555789e-07,7.89301886202074e-07,5.480361233555789e-07,0.3087413867502281,0.126405105
34,5.509396655027366e-07,7.805530385330321e-07,5.509396655027366e-07,0.3072633504951474,0.126522526
35,5.578437580258406e-07,8.030782390369176e-07,5.578437580258406e-07,0.3093889849860993,0.126422971
36,5.498826897632481e-07,7.839702172342222e-07,5.498826897632481e-07,0.3070280155262279,0.126458988
34,5.511127750463576e-07,7.808854614308939e-07,5.511127750463576e-07,0.30727225855881185,0.126522496
36,5.520736666628431e-07,7.930583402213411e-07,5.520736666628431e-07,0.3083456243660648,0.126422793
35,5.466866851918925e-07,7.701881179728346e-07,5.466866851918925e-07,0.30381881845461,0.126632929
36,5.472470091291172e-07,7.826111774980442e-07,5.472470091291172e-07,0.3053598203516604,0.126471281
34,5.530460438749284e-07,7.845829410398257e-07,5.530460438749284e-07,0.3074485519890872,0.126519501
35,5.464593561259318e-07,7.699107351597076e-07,5.464593561259318e-07,0.3037238535066072,0.126632914
35,5.608345851038252e-07,7.896034640170343e-07,5.608345851038252e-07,0.3052536506407859,0.126790673
36,5.563521718601379e-07,7.88129954824505e-07,5.563521718601379e-07,0.3073352698074957,0.126546532
35,5.466619559349136e-07,7.701424985139764e-07,5.466619559349136e-07,0.30381604392074163,0.126632914
35,5.614734645556557e-07,7.904063833333811e-07,5.614734645556557e-07,0.3054045377511341,0.126790673
33,5.805241479355253e-07,8.20427310663852e-07,5.805241479355253e-07,0.30639664498244057,0.126981467
35,5.466270915467236e-07,7.700673601658689e-07,5.466270915467236e-07,0.3038152617034068,0.126632899
35,5.61415518056757e-07,7.902860867875144e-07,5.61415518056757e-07,0.30536844670918073,0.126790658
33,5.761764191108289e-07,8.124477510085783e-07,5.761764191108289e-07,0.3060282168526545,0.126980424
33,5.877894789090542e-07,8.273960620379824e-07,5.877894789090542e-07,0.306921961745301,0.127007276
33,5.786612498019619e-07,8.128190827848533e-07,5.786612498019619e-07,0.30614965711681547,0.126993656
35,5.620838168948036e-07,7.911460131708012e-07,5.620838168948036e-07,0.305736917510541,0.1267851
33,5.807713361603959e-07,8.207009724467963e-07,5.807713361603959e-07,0.30642596684429096,0.126981616
35,5.670889570150921e-07,7.870139984730735e-07,5.670889570150921e-07,0.3040005899548577,0.127060577
34,5.811468788102938e-07,8.163387232626604e-07,5.811468788102938e-07,0.30476857474359725,0.127033845
33,5.842715478321164e-07,8.213387018113512e-07,5.842715478321164e-07,0.30658249662106507,0.127003923
32,5.717005999377237e-07,8.080086204138803e-07,5.717005999377237e-07,0.30381994186375705,0.126907453
32,5.623753764496964e-07,7.897386639364793e-07,5.623753764496964e-07,0.30307032415408786,0.12698558
34,5.793823490650543e-07,8.06275550639584e-07,5.793823490650543e-07,0.30524733125074344,0.127080664
33,5.751660974178208e-07,8.044452527242213e-07,5.751660974178208e-07,0.3041455771732717,0.127090946
32,5.846866165810567e-07,8.201804791019812e-07,5.846866165810567e-07,0.3059104976798367,0.127055213
34,5.801539936306485e-07,8.128074705288e-07,5.801539936306485e-07,0.3049483790200929,0.127026096
32,5.834509007688094e-07,8.214869432559278e-07,5.834509007688094e-07,0.30472559007734346,0.127001077
34,5.771876061751936e-07,8.041605449483823e-07,5.771876061751936e-07,0.3035724331143389,0.127034768
35,5.784621791076891e-07,8.079119279711422e-07,5.784621791076891e-07,0.30311976250093486,0.127059311
34,5.797460212940689e-07,8.09892447042278e-07,5.797460212940689e-07,0.30380539106399823,0.127089888
33,5.831080243960689e-07,8.178957128992128e-07,5.831080243960689e-07,0.30552806288461476,0.12706624
32,5.819508146439932e-07,8.172050328914656e-07,5.819508146439932e-07,0.30325715549249854,0.127066225
33,5.757633521076557e-07,8.029835048368838e-07,5.757633521076557e-07,0.3021088355861843,0.127024159
33,5.776260902826367e-07,8.055066494146622e-07,5.776260902826367e-07,0.3021344940560026,0.12700139
34,5.75911183216733e-07,8.001644096946058e-07,5.75911183216733e-07,0.30401636566644635,0.127044007
34,5.796858172421972e-07,8.097754207264833e-07,5.796858172421972e-07,0.3038005292554229,0.127089873
35,5.780723822119664e-07,8.075391775781258e-07,5.780723822119664e-07,0.3029749320106991,0.127059311
33,5.784006552320962e-07,8.037396190002377e-07,5.784006552320962e-07,0.3039255318228519,0.127001032
34,5.899276453173923e-07,8.261566648541637e-07,5.899276453173923e-07,0.3048274557020783,0.127012193
34,5.79490860963421e-07,8.103127298921532e-07,5.79490860963421e-07,0.30168254824342206,0.126950204
34,5.744075738205297e-07,7.997979947304376e-07,5.744075738205297e-07,0.30304367142866073,0.127030268
33,5.798766935529237e-07,8.08553725328515e-07,5.798766935529237e-07,0.3032482311722082,0.126978353
34,5.78990854935316e-07,8.099053909228777e-07,5.78990854935316e-07,0.3014405901143095,0.126943871
34,5.888413926481472e-07,8.232146042042864e-07,5.888413926481472e-07,0.3047566615081954,0.127002954
34,5.823148848408567e-07,8.188349689007852e-07,5.823148848408567e-07,0.30085006762259436,0.126899287
33,5.789409782719124e-07,8.087763258559699e-07,5.789409782719124e-07,0.30170108450481864,0.126972988
34,5.831747451037378e-07,8.141622257644264e-07,5.831747451037378e-07,0.3032797318716601,0.126935139
34,5.823602724568375e-07,8.188969008522405e-07,5.823602724568375e-07,0.30085940622646146,0.126899317
33,5.789306174934134e-07,8.087658411575081e-07,5.789306174934134e-07,0.3016996924163007,0.126973033
33,5.859306891660192e-07,8.251712967460232e-07,5.859306891660192e-07,0.3003583498285321,0.126860887
34,5.825734318699232e-07,8.138011463359152e-07,5.825734318699232e-07,0.3028573780435517,0.126926333
34,5.825534644709157e-07,8.190579812890982e-07,5.825534644709157e-07,0.3007801246333375,0.126900628
33,5.860220715842902e-07,8.251006293488041e-07,5.860220715842902e-07,0.3007488272284107,0.126860917
34,5.704944305422818e-07,8.034250121504427e-07,5.704944305422818e-07,0.29812372878258875,0.126800954
34,5.863337200502886e-07,8.236700505864918e-07,5.863337200502886e-07,0.3016605949678352,0.126890048
33,5.857132781777692e-07,8.245646747924491e-07,5.857132781777692e-07,0.300782426927436,0.126860946
34,5.70498453632718e-07,8.034272620770972e-07,5.70498453632718e-07,0.29813196493359895,0.126800984
35,5.645478767571461e-07,7.997825341802662e-07,5.645478767571461e-07,0.29473772121795927,0.126755759
33,5.857264970811606e-07,8.243636865035492e-07,5.857264970811606e-07,0.30101484083612173,0.126860976
34,5.705153182002927e-07,8.034620897059137e-07,5.705153182002927e-07,0.29813236995350745,0.126801014
35,5.647317345707786e-07,7.998784999699404e-07,5.647317345707786e-07,0.29475600338111707,0.126757994
36,5.672371145723166e-07,8.015298672665661e-07,5.672371145723166e-07,0.2960590546767841,0.126703545
33,5.753435825687826e-07,8.188392496200393e-07,5.753435825687826e-07,0.29620212027377824,0.126732692
34,5.704600649415313e-07,8.035822635259138e-07,5.704600649415313e-07,0.29798770560669235,0.126802638
35,5.64553098091871e-07,7.9984256482993e-07,5.64553098091871e-07,0.2947480587418452,0.126755193
34,5.613247520012218e-07,8.028332618369028e-07,5.613247520012218e-07,0.29333286551094945,0.126639917
34,5.662900185376204e-07,8.05348839704276e-07,5.662900185376204e-07,0.29555009446811953,0.126664057
34,5.65942955071293e-07,8.035478849336022e-07,5.65942955071293e-07,0.29537492658796205,0.12670961
33,5.683485491656349e-07,8.024917424037997e-07,5.683485491656349e-07,0.2950376494857843,0.126772135
34,5.686540613349032e-07,8.055135110152187e-07,5.686540613349032e-07,0.2964638367014452,0.126742095
34,5.581813731660219e-07,8.05782529710978e-07,5.581813731660219e-07,0.29063518192003185,0.126590043
34,5.588255913267133e-07,8.045995228316673e-07,5.588255913267133e-07,0.2912737226774691,0.126607835
34,5.629173761728113e-07,8.048503388761269e-07,5.629173761728113e-07,0.2937942880724701,0.126645014
34,5.632682109324892e-07,8.027188567982524e-07,5.632682109324892e-07,0.2938559667316195,0.126685113
33,5.666573588712688e-07,8.049206351060767e-07,5.666573588712688e-07,0.29468088662999403,0.126715377
35,5.544942100654908e-07,8.014970533378192e-07,5.544942100654908e-07,0.28948348235827076,0.126570687
33,5.481413704593486e-07,7.909316385776661e-07,5.481413704593486e-07,0.28937478995711363,0.126557469
34,5.655845780902819e-07,8.124364278639558e-07,5.655845780902819e-07,0.29333693096792246,0.126596361
34,5.651857438778852e-07,8.089718453425965e-07,5.651857438778852e-07,0.2942227744238522,0.12663053
34,5.633371484489279e-07,8.053332052725369e-07,5.633371484489279e-07,0.29394119013159475,0.126644894
37,5.569668350628807e-07,8.015500551267407e-07,5.569668350628807e-07,0.290340706340524,0.126568615
35,5.448582065721468e-07,7.883673227043935e-07,5.448582065721468e-07,0.2874154829222333,0.126553476
33,5.392289188142654e-07,7.792872274600638e-07,5.392289188142654e-07,0.28668799133822853,0.126546293
34,5.55182140038141e-07,7.984357314997535e-07,5.55182140038141e-07,0.2906527714650124,0.126592666
35,5.447867212522473e-07,7.882724719155809e-07,5.447867212522473e-07,0.28739276344433534,0.126553446
37,5.576986574087103e-07,8.050084775761364e-07,5.576986574087103e-07,0.28989180369439643,0.126561195
33,5.28804530087058e-07,7.693506444162035e-07,5.28804530087058e-07,0.2835323676609713,0.126545027
34,5.340791946502057e-07,7.806905661773848e-07,5.340791946502057e-07,0.28328224678303043,0.126553833
34,5.525644398813927e-07,7.99716443120817e-07,5.525644398813927e-07,0.28953783425263746,0.12654981
34,5.406091479410947e-07,7.867109624077298e-07,5.406091479410947e-07,0.2857253369781789,0.126544863
34,5.517809475964186e-07,8.032650157234252e-07,5.517809475964186e-07,0.28780370989626625,0.126548067
33,5.172491009953507e-07,7.544777366632319e-07,5.172491009953507e-07,0.28097812766451097,0.126551107
36,5.393582062896948e-07,7.909607460384659e-07,5.393582062896948e-07,0.28306992804974324,0.12664631
34,5.494020180969709e-07,8.025992963750055e-07,5.494020180969709e-07,0.2869582773068383,0.126544788
35,5.149886456303368e-07,7.528452522638125e-07,5.149886456303368e-07,0.2793502088272802,0.12657471
34,5.278473991724194e-07,7.696010184188604e-07,5.278473991724194e-07,0.28136066045245334,0.126569018
36,5.39146286063471e-07,7.905855572696334e-07,5.39146286063471e-07,0.28296648694952425,0.126646295
34,5.129072504542816e-07,7.6044455366649e-07,5.129072504542816e-07,0.27517692843532204,0.126739532
36,5.389992447293041e-07,7.902568099533869e-07,5.389992447293041e-07,0.2829452292357989,0.126646295
35,5.388195069356221e-07,7.899816267547109e-07,5.388195069356221e-07,0.28198967314322143,0.126646325
34,5.136427215698143e-07,7.554219502579083e-07,5.136427215698143e-07,0.2782331991460707,0.126734152
33,5.243360303174859e-07,7.791297129501129e-07,5.243360303174859e-07,0.2771321355021902,0.1267571
33,5.110956889580231e-07,7.593764884607172e-07,5.110956889580231e-07,0.2744646229629336,0.126798883
34,5.131826771089933e-07,7.548209974844589e-07,5.131826771089933e-07,0.2781138837952576,0.126734152
34,5.148844871823302e-07,7.561523037377519e-07,5.148844871823302e-07,0.2785910238594483,0.126708522
35,5.033258536350718e-07,7.501234174124433e-07,5.033258536350718e-07,0.2713893264606227,0.126655638
35,5.189905298001637e-07,7.784494905138564e-07,5.189905298001637e-07,0.27333866182807215,0.126699612
36,5.130870586020702e-07,7.619948216314938e-07,5.130870586020702e-07,0.2747716666549532,0.126774326
33,5.126621639091835e-07,7.606371321578817e-07,5.126621639091835e-07,0.27518557746232275,0.126792029
33,5.12913594229692e-07,7.613029508189043e-07,5.12913594229692e-07,0.27515157648276367,0.12680015
34,5.08089481111456e-07,7.63108854889285e-07,5.08089481111456e-07,0.2701947413737384,0.126557469
34,5.242544265995945e-07,7.895719990137982e-07,5.242544265995945e-07,0.27330468503113914,0.126614332
35,4.993005634833476e-07,7.437746254755031e-07,4.993005634833476e-07,0.2711841879003727,0.126664236
34,5.205815387328712e-07,7.789722775060371e-07,5.205815387328712e-07,0.27425411337714967,0.126714438
33,5.03541866651736e-07,7.498072907665277e-07,5.03541866651736e-07,0.2717900574960203,0.126672328
34,5.240076880954439e-07,7.977720886794555e-07,5.240076880954439e-07,0.26948636795278935,0.126507372
34,5.22311379071244e-07,7.931641481259275e-07,5.22311379071244e-07,0.2700947284293802,0.126527071
34,5.228153597688749e-07,7.927702406997772e-07,5.228153597688749e-07,0.27100013317870736,0.126573592
34,5.238983859691605e-07,7.889205299252566e-07,5.238983859691605e-07,0.27290095101634076,0.126614332
34,5.22662699224476e-07,7.927811853784432e-07,5.22662699224476e-07,0.27087431448971466,0.126573607
33,5.40110574161507e-07,8.321071116732919e-07,5.40110574161507e-07,0.26963747949549266,0.126498342
34,5.226878707697994e-07,8.041214856941674e-07,5.226878707697994e-07,0.26588542739830434,0.126477271
34,5.185956237503644e-07,7.884548991767386e-07,5.185956237503644e-07,0.2689322196347556,0.126514941
34,5.219977614984363e-07,7.928280140815147e-07,5.219977614984363e-07,0.26997120324519464,0.126527071
34,5.311278428969948e-07,8.145293943296954e-07,5.311278428969948e-07,0.26867065451658256,0.126478627
34,5.180155215973306e-07,7.942881569005281e-07,5.180155215973306e-07,0.26637355186554906,0.126487657
34,5.154900684664693e-07,7.973140341736884e-07,5.154900684664693e-07,0.2628765802156513,0.126447946
34,5.095473305814352e-07,7.824111770153019e-07,5.095473305814352e-07,0.26412701965856433,0.126462758
33,5.404237247169139e-07,8.323967590118402e-07,5.404237247169139e-07,0.269762570978098,0.12649779
34,5.353228475439753e-07,8.290211627939307e-07,5.353228475439753e-07,0.267253854438709,0.126472175
34,5.084621524535382e-07,7.860872599501265e-07,5.084621524535382e-07,0.26318965733157074,0.12645869
34,5.130340409652967e-07,7.904991275832455e-07,5.130340409652967e-07,0.26470494772630143,0.126363456
33,5.339975902744663e-07,8.311546289953814e-07,5.339975902744663e-07,0.2650692257507614,0.126411945
34,5.315706328996489e-07,8.151006844279952e-07,5.315706328996489e-07,0.2688008510056323,0.126478642
33,5.096648626833478e-07,7.891163096394624e-07,5.096648626833478e-07,0.26220363493120713,0.126447961
33,5.150331227293507e-07,7.997451504124185e-07,5.150331227293507e-07,0.26336263057366066,0.12638396
34,5.115968310128072e-07,7.937174444706014e-07,5.115968310128072e-07,0.26354865550940043,0.126287833
34,5.212918495098118e-07,8.09525152231299e-07,5.212918495098118e-07,0.26507638058177696,0.126330197
34,5.095691224579248e-07,7.818651704854433e-07,5.095691224579248e-07,0.265069150562484,0.126425892
34,4.925108165410251e-07,7.613624854408956e-07,4.925108165410251e-07,0.2617543806294324,0.126317382
34,5.144164851952268e-07,7.935692326516774e-07,5.144164851952268e-07,0.2644556952685699,0.126356706
34,5.078043568046526e-07,7.901705762993452e-07,5.078043568046526e-07,0.2627466861086204,0.126267448
35,4.894563132031686e-07,7.533707272764742e-07,4.894563132031686e-07,0.2627008519205919,0.12623173
35,5.13522368181533e-07,8.001870786374908e-07,5.13522368181533e-07,0.26367453507386285,0.126262218
34,5.248869748375933e-07,8.132384062718639e-07,5.248869748375933e-07,0.2652220561437269,0.126290768
35,5.112241651435585e-07,7.915551713942067e-07,5.112241651435585e-07,0.26478949809096963,0.126233339
35,4.971295976302024e-07,7.725814783426836e-07,4.971295976302024e-07,0.26268032007012837,0.126204461
33,4.983774918880474e-07,7.772997212632704e-07,4.983774918880474e-07,0.2622525467739913,0.126214549
36,4.934468273550276e-07,7.669071103899404e-07,4.934468273550276e-07,0.26054729742084576,0.126238167
34,5.196764180250817e-07,8.105581853288285e-07,5.196764180250817e-07,0.2647661695063449,0.126221985
36,4.93948666935341e-07,7.680601711516819e-07,4.93948666935341e-07,0.26052769891264355,0.126238182
34,5.193557458211708e-07,8.116646839146856e-07,5.193557458211708e-07,0.2647467873558394,0.126183227
35,4.82021609309779e-07,7.463387170749099e-07,4.82021609309779e-07,0.26143602862299575,0.126190871
34,4.895965653033302e-07,7.574847149712074e-07,4.895965653033302e-07,0.26231700560545296,0.126202464
35,5.154214469798732e-07,8.031971148536071e-07,5.154214469798732e-07,0.2643942086493234,0.126216292
34,5.036968726791445e-07,7.907062911824753e-07,5.036968726791445e-07,0.2616338598578035,0.126200497
34,4.736882367201971e-07,7.32632465522645e-07,4.736882367201971e-07,0.2603571095544856,0.126156896
32,5.349664034727856e-07,8.37526881869058e-07,5.349664034727856e-07,0.26748221366420827,0.126110405
34,5.018812589300554e-07,7.875118798501626e-07,5.018812589300554e-07,0.26180471334025845,0.126184359
34,5.010628341440785e-07,7.860465568281853e-07,5.010628341440785e-07,0.26180217464248134,0.126182631
35,4.867322219963167e-07,7.546820032123093e-07,4.867322219963167e-07,0.2623405020104792,0.126150265
33,4.836369329871028e-07,7.447356520036091e-07,4.836369329871028e-07,0.26313159515038365,0.126092702
35,4.853655716630752e-07,7.541019666649371e-07,4.853655716630752e-07,0.26232565592092333,0.126044363
33,4.723196935774014e-07,7.306595089344412e-07,4.723196935774014e-07,0.260344980596339,0.126156896
31,5.344034022620072e-07,8.37192504682394e-07,5.344034022620072e-07,0.26593634200311494,0.12611039
33,4.834380941349804e-07,7.462970847335673e-07,4.834380941349804e-07,0.2622618409156172,0.126092702
34,4.902247391105255e-07,7.584280647474366e-07,4.902247391105255e-07,0.26325315666486,0.126023471
34,4.866673769996365e-07,7.51634744954797e-07,4.866673769996365e-07,0.26299662134100504,0.125984013
33,4.801262943339325e-07,7.459853186962341e-07,4.801262943339325e-07,0.26127623313921855,0.126067385
33,5.032506471251615e-07,7.812213579298428e-07,5.032506471251615e-07,0.2643854567657618,0.126027584
34,5.007907225478849e-07,7.761638457809618e-07,5.007907225478849e-07,0.26529165240596825,0.126027688
34,5.051526771121437e-07,7.992922419048022e-07,5.051526771121437e-07,0.2614692739202804,0.125969723
34,5.076329816261482e-07,7.883748937603584e-07,5.076329816261482e-07,0.2662573135060303,0.125986129
34,5.104323579747869e-07,8.04548735259359e-07,5.104323579747869e-07,0.2629332001576225,0.125937313
34,5.19192923398723e-07,8.148525942017274e-07,5.19192923398723e-07,0.2661669780422257,0.125977993
34,5.106902588337553e-07,8.050945840023772e-07,5.106902588337553e-07,0.2629587145752054,0.125936717
34,5.037219085365041e-07,7.913702583194006e-07,5.037219085365041e-07,0.2632668305529883,0.125939518
33,5.306698579386389e-07,8.304711677271546e-07,5.306698579386389e-07,0.26971189131318357,0.125903994
34,5.109638040374936e-07,8.056094587299808e-07,5.109638040374936e-07,0.2630027136187433,0.125936732
33,5.368608557081079e-07,8.385584806721454e-07,5.368608557081079e-07,0.2712000698293347,0.125904754
33,5.301733196446626e-07,8.299411786722833e-07,5.301733196446626e-07,0.2697270180857817,0.125915214
34,5.127737596120081e-07,7.963348427451566e-07,5.127737596120081e-07,0.267195099236335,0.125804648
34,5.322786688214709e-07,8.340575948685055e-07,5.322786688214709e-07,0.26941055649931506,0.125915587
33,5.300189411243295e-07,8.298775820691777e-07,5.300189411243295e-07,0.2693772582371642,0.125903979
34,5.035555269442731e-07,7.850275438362177e-07,5.035555269442731e-07,0.2653693420374108,0.12589322
34,5.15156689575205e-07,7.986431466519676e-07,5.15156689575205e-07,0.26827406679713395,0.125787407
36,5.20953222661159e-07,8.069250891401456e-07,5.20953222661159e-07,0.2683652744283747,0.125601694
35,4.933963152060526e-07,7.669942942497744e-07,4.933963152060526e-07,0.2641138772693571,0.125856727
35,5.040699750781433e-07,7.833773847232119e-07,5.040699750781433e-07,0.26598696859046517,0.125753522
36,5.209701368178412e-07,8.06950439785669e-07,5.209701368178412e-07,0.268366669159497,0.125601694
37,5.168038107102289e-07,8.011697834342439e-07,5.168038107102289e-07,0.26803136468377414,0.125407577
37,4.978299666662299e-07,7.760230552227737e-07,4.978299666662299e-07,0.26411519956207,0.125719011
35,5.098836107810154e-07,7.896610013225669e-07,5.098836107810154e-07,0.26773753673080836,0.125617534
36,5.210102680244362e-07,8.070083760394748e-07,5.210102680244362e-07,0.26837040187216843,0.125601679
37,5.182575405401199e-07,8.037000531394735e-07,5.182575405401199e-07,0.268130769582782,0.125413314
37,5.026917874600103e-07,7.770295390539586e-07,5.026917874600103e-07,0.2667827613045911,0.125264019
38,5.192549859276056e-07,8.059881999833408e-07,5.192549859276056e-07,0.2678228673392874,0.125471264
36,5.271373996088251e-07,8.139935768924979e-07,5.271373996088251e-07,0.2707954621324879,0.125370339
37,5.175266371285814e-07,8.02425680385533e-07,5.175266371285814e-07,0.26874934714681126,0.125391766
37,5.027477501929841e-07,7.771314315203953e-07,5.027477501929841e-07,0.26678834785068123,0.125264004
36,5.234677931548284e-07,7.98820581688384e-07,5.234677931548284e-07,0.27379789421480044,0.125145987
36,5.011708848702861e-07,7.760901705522906e-07,5.011708848702861e-07,0.2646653543170826,0.125263959
36,4.943759575853469e-07,7.657295213239443e-07,4.943759575853469e-07,0.2648650846638562,0.125285015
37,5.130218096009551e-07,7.862498452536182e-07,5.130218096009551e-07,0.27010107377029885,0.125151977
38,5.219279604340821e-07,8.14769278238793e-07,5.219279604340821e-07,0.26970181854882624,0.125190407
37,5.107276011265736e-07,7.816935890016728e-07,5.107276011265736e-07,0.272567176033456,0.125046447
35,5.222948535848796e-07,7.975539767969339e-07,5.222948535848796e-07,0.27453706652577176,0.125077471
36,5.321384086533594e-07,8.216828490259226e-07,5.321384086533594e-07,0.2726143480307709,0.125172019
36,5.140097773757639e-07,7.872556214578834e-07,5.140097773757639e-07,0.2731715973996527,0.125067502
34,5.740409790473832e-07,8.782323505484671e-07,5.740409790473832e-07,0.2818947369474656,0.125151813
36,5.334329005649462e-07,8.134462655047201e-07,5.334329005649462e-07,0.2768318288393196,0.125090286
36,5.107791911421218e-07,7.8199829215199e-07,5.107791911421218e-07,0.27317334178606056,0.125067472
35,5.196505696378151e-07,7.933148960972246e-07,5.196505696378151e-07,0.2738250424748768,0.125108629
36,5.523607428147442e-07,8.455141552284613e-07,5.523607428147442e-07,0.27848563443056934,0.125194341
38,5.372169267248756e-07,8.205426811271065e-07,5.372169267248756e-07,0.27818648163852056,0.12530838
34,5.272738418014308e-07,8.035825656432871e-07,5.272738418014308e-07,0.2741008990273332,0.125072658
35,5.214458717283929e-07,7.907597619830684e-07,5.214458717283929e-07,0.27606686404610853,0.125136256
36,5.520384213812231e-07,8.450488251048829e-07,5.520384213812231e-07,0.27844307031861903,0.125194326
36,5.333900505196505e-07,8.1051835778932e-07,5.333900505196505e-07,0.2774964333744192,0.125272736
35,5.512800307226877e-07,8.346061237458852e-07,5.512800307226877e-07,0.2835200259788715,0.125358254
39,5.445540634146113e-07,8.329414518460449e-07,5.445540634146113e-07,0.28070960952762214,0.125378177
34,5.300132498316811e-07,8.070210458392309e-07,5.300132498316811e-07,0.275758804884305,0.125204295
37,5.332851211696602e-07,8.175545785428022e-07,5.332851211696602e-07,0.2759866748440463,0.125255495
36,5.493129248434389e-07,8.443804938405245e-07,5.493129248434389e-07,0.28002311735970903,0.125319779
35,5.934102733784442e-07,9.016166709182561e-07,5.934102733784442e-07,0.28843787951467736,0.125364155
36,5.465240753354338e-07,8.277040702511859e-07,5.465240753354338e-07,0.2836235330290431,0.125383675
39,5.638970872223133e-07,8.547973511670125e-07,5.638970872223133e-07,0.28761354602174527,0.125419378
35,5.465284680243072e-07,8.387729870181458e-07,5.465284680243072e-07,0.27727563842706965,0.125330791
36,5.518015290023405e-07,8.354373449792201e-07,5.518015290023405e-07,0.2835748657257132,0.125358254
38,5.44772805374824e-07,8.357561147038157e-07,5.44772805374824e-07,0.2799727414592039,0.125380933
38,5.627092859608976e-07,8.526245656605358e-07,5.627092859608976e-07,0.28753858823675876,0.125418037
36,5.958729465519132e-07,8.981622240943224e-07,5.958729465519132e-07,0.2952552543714247,0.125479788
35,5.678743831883194e-07,8.708997951485848e-07,5.678743831883194e-07,0.28294382673144475,0.125375703
38,5.643457130451908e-07,8.536011229737949e-07,5.643457130451908e-07,0.2883680193263496,0.125415802
36,5.622618861445082e-07,8.479003562726501e-07,5.622618861445082e-07,0.2879417636622564,0.125402421
36,5.957109232627756e-07,8.983821543954062e-07,5.957109232627756e-07,0.295046303940835,0.125479788
37,5.767168463392765e-07,8.711189447322265e-07,5.767168463392765e-07,0.2916043873749828,0.125446364
38,5.931024214920439e-07,8.940422091553046e-07,5.931024214920439e-07,0.29544163139272833,0.125564605
36,5.613033950203151e-07,8.489978311583913e-07,5.613033950203151e-07,0.2860187658384834,0.125431046
38,5.992330236644054e-07,9.098497851439479e-07,5.992330236644054e-07,0.29515195830410174,0.125561893
38,5.910202208217766e-07,8.961553768676996e-07,5.910202208217766e-07,0.29281885665499713,0.125513896
35,5.807631569268694e-07,8.763869468327462e-07,5.807631569268694e-07,0.29207731447586005,0.125479773
37,6.063666766139186e-07,9.129497315191646e-07,6.063666766139186e-07,0.300254608729413,0.125656515
38,5.826190929429268e-07,8.855086863630706e-07,5.826190929429268e-07,0.2897857023833437,0.125528321
39,5.938463411865411e-07,8.944449186624458e-07,5.938463411865411e-07,0.2966546299217673,0.125587001
37,6.077192253229848e-07,9.154829971280005e-07,6.077192253229848e-07,0.3000583561142294,0.125651032
37,6.544636635595156e-07,9.814209542554218e-07,6.544636635595156e-07,0.3093209510601162,0.125739664
38,6.189799324587039e-07,9.321447300845639e-07,6.189799324587039e-07,0.30267814767026424,0.125709698
35,5.971215269179288e-07,8.954415421152235e-07,5.971215269179288e-07,0.2983616969246716,0.125602931
37,6.044400489679948e-07,9.112390451658716e-07,6.044400489679948e-07,0.2991255994862368,0.125651613
37,6.091196141441205e-07,9.171402377357992e-07,6.091196141441205e-07,0.3006021750826014,0.125657961
37,6.709933833850341e-07,1.0069374497057627e-06,6.709933833850341e-07,0.3144450043000159,0.125816882
38,6.685683767278581e-07,1.0071105666893023e-06,6.685683767278581e-07,0.3124595608488116,0.125786379
37,6.48984882192353e-07,9.725145293231645e-07,6.48984882192353e-07,0.308589340236288,0.125733033
37,6.068255705558146e-07,9.132137822517667e-07,6.068255705558146e-07,0.3006201814424713,0.125696659
37,6.387582403699245e-07,9.642269889506404e-07,6.387582403699245e-07,0.3060846546765072,0.125746012
39,6.948016212391432e-07,1.0509292499182179e-06,6.948016212391432e-07,0.3177521969513339,0.125862136
39,6.873279686123542e-07,1.036165401548809e-06,6.873279686123542e-07,0.31749523441232014,0.125910744
38,6.707518837056422e-07,1.0112088284707161e-06,6.707518837056422e-07,0.3127685457189529,0.125805587
38,6.723629365386575e-07,1.0117067185496507e-06,6.723629365386575e-07,0.31389063956299296,0.125791967
37,6.861326133847532e-07,1.0264635294910339e-06,6.861326133847532e-07,0.3172582324744564,0.125840828
38,6.685020720471907e-07,1.0067672209868907e-06,6.685020720471907e-07,0.31373149161048103,0.125869647
37,7.189378898983314e-07,1.0798800997269609e-06,7.189378898983314e-07,0.32435765393255056,0.12592724
38,7.218385190123895e-07,1.0846770205105055e-06,7.218385190123895e-07,0.3257835628276962,0.125977039
38,6.803408576883999e-07,1.0218700672818943e-06,6.803408576883999e-07,0.31728010727081146,0.125869215
38,6.786173897478312e-07,1.0202000840814821e-06,6.786173897478312e-07,0.31702410020857996,0.125917658
37,7.031867024387658e-07,1.0536538124327795e-06,7.031867024387658e-07,0.3216466231489599,0.125940308
37,7.256766676152314e-07,1.08752810157458e-06,7.256766676152314e-07,0.3267013719299418,0.125996038
38,7.487948098019539e-07,1.1261020822527644e-06,7.487948098019539e-07,0.3308981323003293,0.126054496
39,7.153700826944564e-07,1.0759935946256547e-06,7.153700826944564e-07,0.3240185676648244,0.125970468
39,7.162934519585698e-07,1.079359342725037e-06,7.162934519585698e-07,0.3243151489521269,0.12600863
38,7.47422753592567e-07,1.1237135878739197e-06,7.47422753592567e-07,0.3308814585071808,0.126054481
38,7.848320001234003e-07,1.1796805656147564e-06,7.848320001234003e-07,0.338910679353736,0.126138955
39,7.173914473336691e-07,1.0764290771552805e-06,7.173914473336691e-07,0.3257434560083264,0.12601991
37,7.609959410686345e-07,1.1425564116095582e-06,7.609959410686345e-07,0.3335312460489829,0.126080185
38,7.848139881006243e-07,1.1796469487644463e-06,7.848139881006243e-07,0.33890825381130707,0.12613894
38,8.23388042307384e-07,1.2367322525421107e-06,8.23388042307384e-07,0.3452937835393099,0.126227066
37,7.60816534642402e-07,1.1423030838987125e-06,7.60816534642402e-07,0.3334965638715202,0.12608017
38,7.974572336470152e-07,1.196230191432586e-06,7.974572336470152e-07,0.34122530204117474,0.126167417
38,8.067489527496298e-07,1.2149118617338096e-06,8.067489527496298e-07,0.3422396659140658,0.12622194
41,8.561043898168905e-07,1.2876655289590654e-06,8.561043898168905e-07,0.351186932333134,0.12632443
39,8.435111489974329e-07,1.2678850240956064e-06,8.435111489974329e-07,0.35017076786050294,0.126285896
36,7.817902186692363e-07,1.1788197739009823e-06,7.817902186692363e-07,0.3348905327231148,0.126131684
38,8.062657983106258e-07,1.2107623366381115e-06,8.062657983106258e-07,0.34264813881741013,0.126183912
38,8.479177106670093e-07,1.280852705377555e-06,8.479177106670093e-07,0.3482270228719903,0.126254439
39,9.007992453556953e-07,1.3535620623526595e-06,9.007992453556953e-07,0.3603337617791764,0.126400977
40,9.05695668523061e-07,1.375582011316568e-06,9.05695668523061e-07,0.3578495375601624,0.126373634
41,8.571693161382244e-07,1.2996731662469123e-06,8.571693161382244e-07,0.3495680116376722,0.126332432
37,8.16984935695943e-07,1.233915347366457e-06,8.16984935695943e-07,0.3413340215882633,0.126237556
39,8.471753853066792e-07,1.2743653490760566e-06,8.471753853066792e-07,0.3504959783401649,0.126292452
40,9.26962624418781e-07,1.4058906424734672e-06,9.26962624418781e-07,0.3621361846039237,0.126440778
38,9.327206535522935e-07,1.4109416162551364e-06,9.327206535522935e-07,0.36475583177288884,0.126485765
40,8.901245634319185e-07,1.3441298406340677e-06,8.901245634319185e-07,0.3579803692787487,0.126403183
39,8.787166564160793e-07,1.322668733475217e-06,8.787166564160793e-07,0.3550254514199974,0.126372278
42,9.560622741362906e-07,1.4487639406578925e-06,9.560622741362906e-07,0.36724008930399266,0.126499012
39,9.188640578361985e-07,1.393917887575768e-06,9.188640578361985e-07,0.3617786648640519,0.126459852
40,9.7696527821268e-07,1.4830106585567543e-06,9.7696527821268e-07,0.37127707574549645,0.126548409
39,9.155336742322637e-07,1.3878612064026566e-06,9.155336742322637e-07,0.35920541845565473,0.126422018
39,8.707633701306802e-07,1.3227817819409242e-06,8.707633701306802e-07,0.3500330302362316,0.126424417
40,9.769082587121542e-07,1.48290725583611e-06,9.769082587121542e-07,0.3712712923497145,0.12654838
43,9.474252021148788e-07,1.4285209315779147e-06,9.474252021148788e-07,0.3680579739713146,0.126523644
42,9.571081689424954e-07,1.450350139403851e-06,9.571081689424954e-07,0.3673652140178467,0.126499906
44,1.037375090329619e-06,1.569006034517232e-06,1.037375090329619e-06,0.3828282727150845,0.126508012
43,1.004606829825059e-06,1.513157573546897e-06,1.004606829825059e-06,0.3800694544295134,0.126509041
41,9.756818406912462e-07,1.481482832734264e-06,9.756818406912462e-07,0.37127883453858246,0.12653026
40,9.615747579970925e-07,1.4512630278224362e-06,9.615747579970925e-07,0.3698236464181576,0.12654458
43,1.0506860010030352e-06,1.5804502158943923e-06,1.0506860010030352e-06,0.38810379058046024,0.126478747
43,1.030693743363218e-06,1.5590179766472295e-06,1.030693743363218e-06,0.3819543395033642,0.126496807
43,1.0543018585895686e-06,1.5849088322829854e-06,1.0543018585895686e-06,0.38883745061713504,0.126475915
39,1.014924958820647e-06,1.5295477355386687e-06,1.014924958820647e-06,0.3794023810571404,0.126511008
43,1.0041316163968211e-06,1.5122104626743476e-06,1.0041316163968211e-06,0.3800217780930819,0.126509637
42,1.1112781241002907e-06,1.6743822514994802e-06,1.1112781241002907e-06,0.3969097703078808,0.126500398
43,1.062828713415672e-06,1.5984879718718621e-06,1.062828713415672e-06,0.3898381221194112,0.126478672
41,1.1067254455870436e-06,1.6664940714893456e-06,1.1067254455870436e-06,0.3966555224180223,0.126500368
43,1.0512606405653834e-06,1.5808233370352398e-06,1.0512606405653834e-06,0.3883152909755135,0.126477897
44,1.1808312343654998e-06,1.7815183424954843e-06,1.1808312343654998e-06,0.40631963647647434,0.126590401
41,1.1031382464025227e-06,1.66448350713022e-06,1.1031382464025227e-06,0.3944414786872145,0.126466796
41,1.130582850470738e-06,1.7071221964989115e-06,1.130582850470738e-06,0.3989743937492574,0.126516387
45,1.1761750359442533e-06,1.7778979626523013e-06,1.1761750359442533e-06,0.4052165256209696,0.126585364
41,1.1295857866400842e-06,1.7094630579310409e-06,1.1295857866400842e-06,0.39812363706020903,0.126514956
44,1.2183263045568676e-06,1.824949650326996e-06,1.2183263045568676e-06,0.4152284673125264,0.126698643
44,1.2185786597441088e-06,1.830853928864588e-06,1.2185786597441088e-06,0.41389868618129216,0.126651093
43,1.1739868430134493e-06,1.7702597579259e-06,1.1739868430134493e-06,0.4057638773146833,0.126591772
44,1.1879096505089403e-06,1.789396230706483e-06,1.1879096505089403e-06,0.4081403514023209,0.126593307
42,1.2824833615697149e-06,1.92575188763225e-06,1.2824833615697149e-06,0.42448590319925844,0.126822963
43,1.2347254390368117e-06,1.8454670017140757e-06,1.2347254390368117e-06,0.41936672869311703,0.12674886
45,1.222030972390903e-06,1.8297187574001066e-06,1.222030972390903e-06,0.41582443000459607,0.126688883
42,1.1746296715694665e-06,1.7670290143732376e-06,1.1746296715694665e-06,0.4076387634688439,0.126635686
43,1.2307610583998336e-06,1.842736896770409e-06,1.2307610583998336e-06,0.41744609201514815,0.126717284
46,1.2975766758062179e-06,1.9391000126518035e-06,1.2975766758062179e-06,0.42795702646443573,0.126860484
44,1.3580944790918975e-06,2.0226225400884158e-06,1.3580944790918975e-06,0.43649680660158635,0.126960889
42,1.2482548362924884e-06,1.8745206592273963e-06,1.2482548362924884e-06,0.41956212389095965,0.12679328
42,1.2796433403829155e-06,1.9208805957388377e-06,1.2796433403829155e-06,0.4238933889814337,0.126826942
45,1.3341886307167918e-06,1.991229617735512e-06,1.3341886307167918e-06,0.4333501941771731,0.12695311
46,1.3267310896309694e-06,1.982466203951731e-06,1.3267310896309694e-06,0.43171681252338817,0.126908854
42,1.4300291789362368e-06,2.126026661906287e-06,1.4300291789362368e-06,0.4482706800408665,0.127110243
45,1.415231856679138e-06,2.1151948308479674e-06,1.415231856679138e-06,0.44314197669664224,0.127045065
45,1.3494588010854257e-06,2.02660302532878e-06,1.3494588010854257e-06,0.4328766799601098,0.126930043
44,1.394000457682156e-06,2.0733463140624985e-06,1.394000457682156e-06,0.44272053303909964,0.127057716
45,1.4968296531754374e-06,2.233855041383521e-06,1.4968296531754374e-06,0.45420804386355057,0.127274737
46,1.4278281056781419e-06,2.130739224335991e-06,1.4278281056781419e-06,0.4465730408617944,0.127180517
44,1.3898848349181476e-06,2.0670404115310914e-06,1.3898848349181476e-06,0.4422650681647686,0.127057672
46,1.4937547379837545e-06,2.2367680041833957e-06,1.4937547379837545e-06,0.4525898017786676,0.127209112
46,1.5431836177743313e-06,2.298693089388962e-06,1.5431836177743313e-06,0.4599602799007635,0.127337173
46,1.5988536784694061e-06,2.370223986259697e-06,1.5988536784694061e-06,0.46940552894438087,0.127495915
44,1.4382817938561085e-06,2.1300602185763285e-06,1.4382817938561085e-06,0.4489176611350367,0.127152592
47,1.4658802564039997e-06,2.177100788551115e-06,1.4658802564039997e-06,0.45219533571927034,0.127251312
46,1.5428938689801504e-06,2.298176432932316e-06,1.5428938689801504e-06,0.45994368901788557,0.127337128
48,1.5667787660182405e-06,2.3253152726789193e-06,1.5667787660182405e-06,0.46457588481210554,0.127447501
48,1.6258295856039697e-06,2.4024233264603003e-06,1.6258295856039697e-06,0.4736815620871149,0.127607539
47,1.6887563604361071e-06,2.4882617964727514e-06,1.6887563604361071e-06,0.48306093402200473,0.127764329
46,1.5514482912752106e-06,2.2958032331721187e-06,1.5514482912752106e-06,0.4633510923717755,0.127351463
45,1.5802164551715733e-06,2.3379471772210057e-06,1.5802164551715733e-06,0.4663918189321174,0.127423719
47,1.5961844381090544e-06,2.378418973873526e-06,1.5961844381090544e-06,0.46887296108584753,0.127511114
46,1.6877922662457826e-06,2.4799772043207547e-06,1.6877922662457826e-06,0.4820886984229424,0.127659932
48,1.7024721665029949e-06,2.4952344687832005e-06,1.7024721665029949e-06,0.485268425611041,0.127800211
48,1.8123166828146398e-06,2.654896412842897e-06,1.8123166828146398e-06,0.4975751968929969,0.12799409
47,1.5885776979560497e-06,2.334635293317892e-06,1.5885776979560497e-06,0.4722801758355969,0.127525702
48,1.6360715871106177e-06,2.4193509422461607e-06,1.6360715871106177e-06,0.4744469927619083,0.127607465
48,1.6925628997669971e-06,2.4803986064332987e-06,1.6925628997669971e-06,0.48414633180535377,0.127782598
48,1.802952633748671e-06,2.639706636381944e-06,1.802952633748671e-06,0.4968052591586763,0.127994061
49,1.9375798767636596e-06,2.8334947229394796e-06,1.9375798767636596e-06,0.5111561660586158,0.1282316
47,1.7499018645312832e-06,2.5783349714716075e-06,1.7499018645312832e-06,0.4871473646688708,0.127747476
48,1.803659463527183e-06,2.64093826926677e-06,1.803659463527183e-06,0.49685270318348534,0.127994031
48,1.7805958847297617e-06,2.6167249080045164e-06,1.7805958847297617e-06,0.49292201551784387,0.12790136
49,1.9016636220199247e-06,2.777427976258169e-06,1.9016636220199247e-06,0.5082419462361862,0.128235862
49,2.060051582865216e-06,2.9937962094906275e-06,2.060051582865216e-06,0.5244274953630825,0.128534421
47,1.939833066469449e-06,2.8694857457002896e-06,1.939833066469449e-06,0.5090589059588828,0.128215358
49,1.900620692281988e-06,2.8071245408063058e-06,1.900620692281988e-06,0.5040818421884884,0.128082499
49,2.0601791403104244e-06,2.993753786553752e-06,2.0601791403104244e-06,0.5244760012263917,0.128534377
50,2.0116910651777315e-06,2.9264106124655378e-06,2.0116910651777315e-06,0.5202456454502531,0.128405839
49,2.2148023841202072e-06,3.2095270694658107e-06,2.2148023841202072e-06,0.5425985907920632,0.128828302
49,1.953575421554358e-06,2.834840663507319e-06,1.953575421554358e-06,0.5142137268619413,0.128317997
49,2.1499179030155797e-06,3.103580513143001e-06,2.1499179030155797e-06,0.5381922300574729,0.128819391
49,2.1254506302052904e-06,3.064906190913981e-06,2.1254506302052904e-06,0.5328168148018533,0.128656834
49,2.1079388383965857e-06,3.069485436864871e-06,2.1079388383965857e-06,0.5280652334711686,0.128558844
52,2.310770632761247e-06,3.3047117634633866e-06,2.310770632761247e-06,0.5552020898365112,0.128781289
48,2.230446722956524e-06,3.2048129374278783e-06,2.230446722956524e-06,0.5464163420049347,0.128887355
51,2.2965143534735327e-06,3.3138076358472928e-06,2.2965143534735327e-06,0.5530214685055657,0.128763065
49,2.19538586188481e-06,3.172080823890256e-06,2.19538586188481e-06,0.5425254791680053,0.128803015
47,2.1798308919669917e-06,3.1660954787638107e-06,2.1798308919669917e-06,0.5349785772899226,0.128813922
54,2.4288958917967943e-06,3.4620540011551724e-06,2.4288958917967943e-06,0.569272112139941,0.128624767
51,2.285051993496423e-06,3.2674810014986767e-06,2.285051993496423e-06,0.5524741783312175,0.128781244
53,2.4437936292464505e-06,3.482367680838407e-06,2.4437936292464505e-06,0.5710628440620565,0.128624737
51,2.3163768492262854e-06,3.33456075502938e-06,2.3163768492262854e-06,0.5510007081023947,0.128776327
54,2.604329857415362e-06,3.6974729056739134e-06,2.604329857415362e-06,0.5873696714149554,0.128548786
51,2.3674651012407e-06,3.3814341670086176e-06,2.3674651012407e-06,0.5619300853879448,0.128698304
53,2.4545026530134083e-06,3.499605975560564e-06,2.4545026530134083e-06,0.5735228961121862,0.128598973
53,2.610461868233121e-06,3.708140505089872e-06,2.610461868233121e-06,0.5878697515212318,0.128501639
49,2.4250301229186956e-06,3.474026601823237e-06,2.4250301229186956e-06,0.5652200728576691,0.128601134
54,2.8458792980632723e-06,4.033321746401826e-06,2.8458792980632723e-06,0.6115062383199469,0.129501179
53,2.7055029523587133e-06,3.835777933213841e-06,2.7055029523587133e-06,0.5977543723510509,0.12908937
52,2.6383514316379112e-06,3.7558909015640497e-06,2.6383514316379112e-06,0.5895760559204796,0.128561795
51,2.6951804402895644e-06,3.828681041053094e-06,2.6951804402895644e-06,0.5949477257410921,0.128575891
51,3.0050322270277096e-06,4.220812222458141e-06,3.0050322270277096e-06,0.6274520287903917,0.130453244
53,2.8558365899346283e-06,4.019075404122968e-06,2.8558365899346283e-06,0.6137716925737098,0.129903764
53,2.7941313729966706e-06,3.954038508541326e-06,2.7941313729966706e-06,0.6058064526313933,0.129417792
53,2.675295350980739e-06,3.778574427934616e-06,2.675295350980739e-06,0.5970291587048183,0.128954366
53,2.7878583032191343e-06,3.9243686824366605e-06,2.7878583032191343e-06,0.606129633987101,0.129661068
53,3.016655712235592e-06,4.225527955227706e-06,3.016655712235592e-06,0.630320672648182,0.130733952
53,3.235056946957359e-06,4.5219036460816884e-06,3.235056946957359e-06,0.6496395330163391,0.130396962
52,2.8977281367876278e-06,4.069475288051104e-06,2.8977281367876278e-06,0.6201669767862676,0.130232885
49,2.9873723333560443e-06,4.186027804229638e-06,2.9873723333560443e-06,0.6272480453964908,0.130483851
53,3.145316778356689e-06,4.40158918875693e-06,3.145316778356689e-06,0.6425409169875995,0.130781248
53,3.0916657236450358e-06,4.33914702248875e-06,3.0916657236450358e-06,0.6359877657620078,0.131057531
54,3.410069775169195e-06,4.728401845953097e-06,3.410069775169195e-06,0.6702696089753174,0.12880379
53,3.197867959742342e-06,4.47383742624293e-06,3.197867959742342e-06,0.6455994662959538,0.129437521
53,3.0768642196645783e-06,4.295450644395104e-06,3.0768642196645783e-06,0.637499261824764,0.130781159
55,3.4161609474437757e-06,4.74502085846595e-06,3.4161609474437757e-06,0.669315935673664,0.129304543
54,3.632235206824073e-06,4.990230231838717e-06,3.632235206824073e-06,0.6917278745126275,0.127627224
55,3.5026396707578936e-06,4.842110871946581e-06,3.5026396707578936e-06,0.6786440268162084,0.128259212
54,3.266536371650516e-06,4.550955573915933e-06,3.266536371650516e-06,0.6535071808754578,0.129304558
53,3.5955159960077247e-06,4.9629196357875404e-06,3.5955159960077247e-06,0.6882970583919346,0.128055289
54,3.707313504187955e-06,5.091543072916148e-06,3.707313504187955e-06,0.6984381526722802,0.127482936
54,4.00587230495301e-06,5.4592222431393594e-06,4.00587230495301e-06,0.7270938973190454,0.129062951
56,3.5001676410701943e-06,4.828049485816664e-06,3.5001676410701943e-06,0.6805129806436034,0.128467292
53,3.4946487427158025e-06,4.812474697487191e-06,3.4946487427158025e-06,0.6777287515680255,0.1277733
54,3.7105517940266417e-06,5.0957227813462405e-06,3.7105517940266417e-06,0.6986429697847266,0.12748298
54,3.937956068475238e-06,5.367960782107687e-06,3.937956068475238e-06,0.719182701063849,0.128567278
55,4.207565469386055e-06,5.703214818261648e-06,4.207565469386055e-06,0.7426166750266394,0.130162701
55,4.393599231705305e-06,5.869837148728056e-06,4.393599231705305e-06,0.7630874795043271,0.131652385
55,3.823333464974372e-06,5.2648631786714195e-06,3.823333464974372e-06,0.7053702337651423,0.127620548
53,3.840402505803555e-06,5.216987966984065e-06,3.840402505803555e-06,0.7146162745832956,0.128328353
57,4.02414286204682e-06,5.465466737276428e-06,4.02414286204682e-06,0.7288755300805274,0.129221916
56,4.224479750941102e-06,5.68553410058632e-06,4.224479750941102e-06,0.7477008312380938,0.130650431
56,4.496486472869916e-06,6.049312207269073e-06,4.496486472869916e-06,0.765746234272019,0.132006407
60,4.821151298739434e-06,6.397692670327298e-06,4.821151298739434e-06,0.7976248402640983,0.131614342
54,4.041137805192709e-06,5.487059916652925e-06,4.041137805192709e-06,0.7302423978226611,0.129375532
54,4.3073073411040865e-06,5.830209413400987e-06,4.3073073411040865e-06,0.7520485875849517,0.130162746
56,4.379449801173383e-06,5.860878992195773e-06,4.379449801173383e-06,0.7607106172465483,0.13183248
58,4.716417403459565e-06,6.265317634085612e-06,4.716417403459565e-06,0.7886700715625892,0.131644323
56,4.9704462409538945e-06,6.539520458406963e-06,4.9704462409538945e-06,0.8162235472866327,0.130624577
56,4.249877557281306e-06,5.706618369702081e-06,4.249877557281306e-06,0.748686514920216,0.1314888
57,4.590854780062819e-06,6.082289696305978e-06,4.590854780062819e-06,0.7796785692766082,0.131694719
56,4.580637893400263e-06,6.051578382395857e-06,4.580637893400263e-06,0.7806626644236118,0.132013544
55,5.022717600469071e-06,6.615342069308461e-06,5.022717600469071e-06,0.8186511762564292,0.130624548
57,4.866153191962526e-06,6.4372474368169596e-06,4.866153191962526e-06,0.8015376338980794,0.131057113
60,5.372646301410177e-06,6.931580974669374e-06,5.372646301410177e-06,0.8492088586246096,0.129747644
58,4.763715167791394e-06,6.29911840336314e-06,4.763715167791394e-06,0.7909242396153104,0.131362945
59,5.398590319742105e-06,6.960274519256838e-06,5.398590319742105e-06,0.8526724562399689,0.129736811
61,5.230334460962812e-06,6.844608859330355e-06,5.230334460962812e-06,0.8358822351675945,0.130212694
56,4.9687592033952375e-06,6.540285100930122e-06,4.9687592033952375e-06,0.816132224195706,0.130624458
61,5.879533794513334e-06,7.460840470007271e-06,5.879533794513334e-06,0.8893961246128369,0.130344599
61,5.259977494050999e-06,6.865813210481281e-06,5.259977494050999e-06,0.8398173989851277,0.130044356
59,5.5407807804352145e-06,7.141895137885018e-06,5.5407807804352145e-06,0.863030542587174,0.129852369
61,5.805844720399211e-06,7.396299288395104e-06,5.805844720399211e-06,0.8830944813985346,0.130297393
62,6.51079109944926e-06,8.132588417442947e-06,6.51079109944926e-06,0.9332379630795045,0.131510332
62,6.200804877277416e-06,7.809458164963922e-06,6.200804877277416e-06,0.9099190759114436,0.130989999
61,5.521571919454245e-06,7.081836416273356e-06,5.521571919454245e-06,0.859954393402168,0.129943803
60,5.897425333390013e-06,7.514187989420319e-06,5.897425333390013e-06,0.8892885858432824,0.130301908
62,5.8675740092868295e-06,7.45189150611787e-06,5.8675740092868295e-06,0.8875421128048719,0.130356982
62,7.043074528010247e-06,8.661771811218273e-06,7.043074528010247e-06,0.9652146503606037,0.135505542
62,6.831387259959256e-06,8.488530505035843e-06,6.831387259959256e-06,0.9517584755163147,0.132519335
62,6.40601163600467e-06,8.000254435155307e-06,6.40601163600467e-06,0.9264232932223659,0.131389797
62,6.121045024830365e-06,7.724677428103312e-06,6.121045024830365e-06,0.9051450688922692,0.13078329
64,6.558937702880017e-06,8.177161126318794e-06,6.558937702880017e-06,0.9372775375130756,0.13162747
62,7.482065260813608e-06,9.081910397843755e-06,7.482065260813608e-06,0.9842235651659444,0.139770821
66,8.0652769851965e-06,9.58240719977805e-06,8.0652769851965e-06,1.006695307742263,0.145797968
62,6.799631557378155e-06,8.38816192086159e-06,6.799631557378155e-06,0.9484069565647201,0.133743405
64,6.8994345216097415e-06,8.54670899792253e-06,6.8994345216097415e-06,0.9572150957635136,0.133075073
62,7.293863832179025e-06,8.89026638931438e-06,7.293863832179025e-06,0.9785362830127572,0.137786984
61,7.307600259122626e-06,8.867710492356844e-06,7.307600259122626e-06,0.9742388413724605,0.139099091
65,8.31546878146395e-06,9.91949578847871e-06,8.31546878146395e-06,1.0216804710439875,0.146374896
67,8.896537381353423e-06,1.0395743837436945e-05,8.896537381353423e-06,1.041453257686498,0.152762756
61,7.583885846995886e-06,9.208156123695175e-06,7.583885846995886e-06,0.9892429902943587,0.140459046
68,8.015866916426316e-06,9.582117659513711e-06,8.015866916426316e-06,1.009948880875814,0.144479126
66,8.177676977028697e-06,9.748506381359406e-06,8.177676977028697e-06,1.012536820893988,0.145857692
67,8.855128786148354e-06,1.0377836391675981e-05,8.855128786148354e-06,1.0373874756378882,0.153925449
68,9.42965661312221e-06,1.0907176167773587e-05,9.42965661312221e-06,1.0619440559905204,0.124503978
67,9.156996417287083e-06,1.0671365303659174e-05,9.156996417287083e-06,1.0550538830778833,0.138512731
66,8.645342723820428e-06,1.0171918476039944e-05,8.645342723820428e-06,1.0339567791085595,0.150557578
66,8.538726369510203e-06,9.998892723946746e-06,8.538726369510203e-06,1.0230474824389852,0.151257291
69,9.834269803521295e-06,1.1277850212484512e-05,9.834269803521295e-06,1.0695676197723694,0.116754673
69,9.911124685208475e-06,1.1460833798670531e-05,9.911124685208475e-06,1.081541688353806,0.115658745
68,9.35041203433369e-06,1.0885590361982848e-05,9.35041203433369e-06,1.0636041655427397,0.133294657
69,1.0813169401977224e-05,1.2317859210092918e-05,1.0813169401977224e-05,1.1030382917325037,0.120162249
69,1.018131260359382e-05,1.1793255316657677e-05,1.018131260359382e-05,1.0808056750864097,0.117201559
70,9.735777000261325e-06,1.1185513710946937e-05,9.735777000261325e-06,1.0665507464871502,0.116208047
69,1.1343902423216831e-05,1.289765035479724e-05,1.1343902423216831e-05,1.105161396028474,0.123693407
72,1.1284708965729733e-05,1.2909004832063531e-05,1.1284708965729733e-05,1.1158656960174969,0.121589564
70,1.0463067878815903e-05,1.1917101565973706e-05,1.0463067878815903e-05,1.0880215265711988,0.119480819
67,1.0354078872990222e-05,1.1884419980825416e-05,1.0354078872990222e-05,1.0921992281932384,0.117804974
68,1.1936570089839316e-05,1.367823095724477e-05,1.1936570089839316e-05,1.1164294407148394,0.125904173
72,1.1567284947822668e-05,1.321497527120243e-05,1.1567284947822668e-05,1.1046076608136135,0.12479075
71,1.1279683742873763e-05,1.2832186022014819e-05,1.1279683742873763e-05,1.1087372917170333,0.122735523
69,1.1009523930216145e-05,1.2451164499927843e-05,1.1009523930216145e-05,1.0956618205365032,0.122719243
75,1.2496738127589685e-05,1.4423601519677127e-05,1.2496738127589685e-05,1.1199277455280783,0.127744317
73,1.2119896300667277e-05,1.38966861163735e-05,1.2119896300667277e-05,1.1111456519675842,0.126788467
70,1.1962730996550915e-05,1.3730384702536144e-05,1.1962730996550915e-05,1.115863191910196,0.125905678
70,1.189155147475545e-05,1.3596564421990618e-05,1.189155147475545e-05,1.1139345734122554,0.125874937
44,7.792920874026775e-06,9.898391809720435e-06,7.792920874026775e-06,0.5313276048049999,0.129545376
44,7.406552351686867e-06,9.258784012444872e-06,7.406552351686867e-06,0.5385992845738699,0.128297329
74,1.2370363090743825e-05,1.4355471170472642e-05,1.2370363090743825e-05,1.1082056827781646,0.127516583
44,7.318911368248042e-06,9.092628542302223e-06,7.318911368248042e-06,0.5389446662848387,0.128155231
78,1.3549753598149436e-05,1.5727991560139332e-05,1.3549753598149436e-05,1.1251866317487,0.130712226
75,1.3173047963260234e-05,1.5200123559848419e-05,1.3173047963260234e-05,1.1255945179657252,0.129896447
76,1.307277887252421e-05,1.5036977269745163e-05,1.307277887252421e-05,1.1319290877379693,0.129545256
46,7.70257022592571e-06,9.592252362760498e-06,7.70257022592571e-06,0.5173808258461192,0.130273536
42,7.914008076698003e-06,1.0125719033161332e-05,7.914008076698003e-06,0.4981621936499972,0.131459072
45,7.662647021974132e-06,9.8657681578033e-06,7.662647021974132e-06,0.4729465602732549,0.132973343
75,1.3333939216874837e-05,1.5371565262944317e-05,1.3333939216874837e-05,1.1188827903199359,0.13065812
46,7.769496714985845e-06,9.820920763791954e-06,7.769496714985845e-06,0.49599714748622725,0.131476671
47,7.779318716355873e-06,1.00474008888124e-05,7.779318716355873e-06,0.47885186320864187,0.132654086
76,1.3458825825684555e-05,1.5748268018308457e-05,1.3458825825684555e-05,1.1036716548833034,0.132399067
45,7.329861655299354e-06,9.822094767404942e-06,7.329861655299354e-06,0.43792523857753696,0.136792645
43,7.5614830106017995e-06,1.0062727847670004e-05,7.5614830106017995e-06,0.44981081678998563,0.135402411
75,1.3731250838274276e-05,1.615660629966337e-05,1.3731250838274276e-05,1.1145136295601707,0.132460937
46,7.395608142676451e-06,9.746523666669697e-06,7.395608142676451e-06,0.4451639910261876,0.135422289
48,6.650981582806121e-06,9.354648177377884e-06,6.650981582806121e-06,0.4419886646958984,0.139461905
47,7.047185905624634e-06,9.530366184622677e-06,7.047185905624634e-06,0.42768472948978065,0.137496248
46,7.456592706334173e-06,9.880132867483051e-06,7.456592706334173e-06,0.44591938000588965,0.135422111
31,1.937194108251158e-06,1.9439016828789463e-06,1.937194108251158e-06,0.17879956912517536,0.142455041
48,6.504625410515072e-06,9.188079339687066e-06,6.504625410515072e-06,0.4510131127096732,0.140934378
46,6.6829473318557e-06,9.39552556714425e-06,6.6829473318557e-06,0.4444012135116642,0.139462247
12,1.5332554052180702e-06,1.638310773925872e-06,1.5332554052180702e-06,0.06835709299033169,0.139059156
38,1.983983483912694e-06,1.97295318706415e-06,1.983983483912694e-06,0.17736564299194657,0.143299624
44,6.619580127385868e-06,9.409155973685056e-06,6.619580127385868e-06,0.45379834372593614,0.140964374
5,3.7822668620829563e-07,4.392251972444949e-07,3.7822668620829563e-07,0.012620942900863904,0.128899574
7,7.935503845888228e-07,8.906922763723163e-07,7.935503845888228e-07,0.031061761760352427,0.133939266
16,1.9272099053556274e-06,1.9599669522995276e-06,1.9272099053556274e-06,0.11444406602873242,0.144063205
3,1.6768336734291704e-07,2.0123297354939525e-07,1.6768336734291704e-07,0.004669386178704338,0.126455665
6,5.598922845078095e-07,6.452087100281935e-07,5.598922845078095e-07,0.0205990646736989,0.13128306
